provider_id,provider_lat,provider_lon,skills,rating,acceptance_rate_30d,avg_response_time_min,completed_jobs_90d
P1,18.861663446573512,95.57071488588757,TV repair|Fridge installation|TV installation,4.46,0.84,6.37,224
P2,9.684424752877785,93.11910822747312,TV installation,4.2,0.88,2.58,267
P3,28.937964395737918,95.21802856145675,TV repair,3.0,1.0,19.29,31
P4,8.204922851371805,68.66881032620105,TV repair|Fridge repair|TV installation,4.05,0.76,3.31,197
P5,18.62449345551706,81.22602954229404,TV repair,4.57,0.68,16.4,140
P6,32.938271795353295,87.72891861904561,TV installation,3.9,0.61,28.38,23
P7,31.443523095377373,76.83379930602774,TV repair,3.2,0.87,14.32,273
P8,8.997267112341333,94.37029166028468,TV installation|Fridge repair|Fridge installation,3.52,0.87,10.73,63
P9,23.85459810095511,73.36077921024028,Fridge installation,4.94,0.91,28.31,279
P10,29.090887879836206,77.46968229536922,Fridge repair|TV repair|Fridge installation,4.14,0.81,28.91,222
P11,19.27164140099498,75.86912192144298,Fridge installation|TV installation|Fridge repair,4.66,0.74,9.87,50
P12,16.59193166541839,72.79274123282707,TV installation,3.03,0.77,13.06,145
P13,8.16014139658447,91.6483814251902,TV repair|Fridge installation,4.41,0.89,23.6,270
P14,34.86272547688712,86.8812337395564,TV repair|TV installation,4.83,0.94,14.58,42
P15,9.843192158294686,77.01848732975421,Fridge repair|TV repair,3.65,0.89,19.85,44
P16,21.69423282969653,71.46823313221076,Fridge installation|Fridge repair|TV repair,4.43,0.9,17.72,264
P17,15.425981360078396,69.17257409661451,TV repair|Fridge repair,4.42,0.64,14.3,188
P18,8.911446384915294,86.45590192664963,Fridge repair|Fridge installation,3.63,0.8,27.41,240
P19,19.901104768033264,89.9109830177484,TV repair,3.46,0.63,10.11,95
P20,33.53356733144247,86.10626739588,TV installation,3.59,0.64,14.78,117
P21,13.41053170769504,93.88421095620936,TV repair|Fridge installation,4.08,0.92,27.09,240
P22,34.298024804826866,75.89183523215442,Fridge installation,4.3,0.6,11.87,268
P23,8.20161178540453,82.81167177474941,Fridge installation|Fridge repair,3.83,0.69,5.36,181
P24,15.07964014518545,72.88044022301499,TV installation|Fridge installation,3.44,0.82,13.31,61
P25,15.159405822319435,88.19282391235386,TV installation|Fridge repair,4.42,0.66,29.94,196
P26,25.67736568541701,82.57769167363698,TV repair|Fridge repair,3.1,0.71,27.43,135
P27,12.20195129064547,82.19413004804933,TV installation|Fridge repair|TV repair,4.97,0.7,20.82,212
P28,18.71997922578073,75.02263821004536,Fridge installation,4.61,0.79,29.54,249
P29,31.152008624551982,72.37080877499746,Fridge repair|Fridge installation,4.02,0.88,26.03,261
P30,27.64936649342619,68.48104703890783,TV installation|Fridge repair|Fridge installation,4.02,0.69,20.06,137
P31,23.014789165296925,92.29359307131251,TV installation,4.35,0.89,7.85,108
P32,14.62795063212169,73.07369288578215,Fridge repair,4.96,0.81,9.3,263
P33,34.019256980646475,94.11212365773659,Fridge repair|TV repair,4.27,0.74,11.78,217
P34,34.01619753862474,93.7255063036884,Fridge repair,4.56,0.86,4.36,113
P35,25.58644273012811,68.26671449688226,Fridge installation,3.2,0.87,2.14,203
P36,28.064960733088103,86.90687652557541,Fridge installation|TV repair,3.45,0.88,8.64,286
P37,13.185858567418535,78.62759475290294,TV installation|TV repair,4.49,0.89,10.63,185
P38,10.716568267014683,78.66375828872357,Fridge repair|Fridge installation|TV installation,3.53,0.7,29.24,60
P39,33.86935010013629,86.30302015392063,Fridge installation|TV installation|TV repair,4.59,0.8,18.15,156
P40,24.58812177706631,90.28806641488296,Fridge installation,3.09,1.0,15.16,55
P41,34.531067316393006,78.73460230740788,TV repair,3.03,0.97,13.99,190
P42,24.59648160595431,96.42961592776533,TV installation,3.15,0.72,7.35,170
P43,17.190738149532052,72.91528965389668,TV installation|Fridge repair|Fridge installation,4.11,0.97,21.49,183
P44,10.818118319352287,85.83520957427592,TV repair|TV installation|Fridge repair,4.98,0.66,16.51,282
P45,32.61142405281556,71.96201861181883,Fridge installation|Fridge repair|TV installation,4.42,0.82,10.3,35
P46,31.49328844569624,93.14509723882301,TV repair|Fridge repair|Fridge installation,4.83,0.8,16.04,182
P47,13.633944651849225,70.0572865929979,Fridge repair|Fridge installation|TV installation,3.79,0.62,26.83,152
P48,18.891905626558376,70.7254762553852,Fridge repair,4.16,0.61,15.04,72
P49,36.4733857610054,92.32907156001154,TV installation|Fridge installation,4.72,0.7,3.09,280
P50,18.44552860092662,71.68475486690465,Fridge repair,4.04,0.91,8.04,14
P51,21.260689686798127,92.41866917534746,TV installation|Fridge repair|TV repair,3.39,0.76,21.59,153
P52,36.29971030441351,82.97271010073466,Fridge repair|Fridge installation|TV repair,3.65,0.92,9.58,101
P53,29.577236646974345,75.27495529305318,Fridge repair,3.37,0.63,13.99,138
P54,13.025535282054527,72.5366742374615,TV repair,3.5,0.82,22.01,246
P55,16.11808301143234,95.69109313923263,Fridge repair|TV installation|TV repair,4.48,0.82,19.13,256
P56,9.383767703057815,84.41507910432821,Fridge repair,3.32,0.65,11.57,229
P57,9.33407661863083,69.18113526725013,TV installation|TV repair,4.71,0.88,15.28,227
P58,30.137568267113416,91.4004763344726,TV repair,3.69,0.79,20.19,259
P59,25.859652843514276,86.41771587516166,Fridge installation,3.09,0.75,19.52,105
P60,32.83820539446135,87.10211531694941,TV installation,3.33,0.63,19.99,169
P61,35.26667700132377,84.68875115840049,Fridge installation,3.78,0.86,14.83,188
P62,31.798544796574706,86.1522504329456,TV installation|Fridge installation|Fridge repair,4.64,0.86,7.79,294
P63,10.011477725379798,70.92256203994538,TV installation,3.04,0.64,21.12,99
P64,17.250293278519077,92.50138401811418,Fridge repair|TV installation|Fridge installation,3.05,0.93,9.89,205
P65,28.093820402066243,78.10176152914272,Fridge installation|TV repair,4.87,0.62,13.7,258
P66,23.891184614194533,80.28065732693544,TV installation,4.14,0.83,22.49,45
P67,18.788524487990713,90.51597586151792,Fridge repair,3.68,0.97,26.04,192
P68,29.775260965953425,89.88174334845579,TV installation,3.21,0.96,16.15,226
P69,17.281438429887743,93.97017362638982,TV installation|TV repair|Fridge repair,3.78,0.6,27.35,85
P70,18.2922505234189,95.74722566866723,TV repair|Fridge installation|Fridge repair,4.35,0.79,15.8,153
P71,21.004920137371272,76.50311237924387,Fridge repair,3.66,0.87,23.07,160
P72,30.657585463664873,71.29047345850599,TV installation,4.86,0.99,29.89,131
P73,20.804384539827936,93.7434212999907,Fridge installation|TV repair,3.7,0.65,6.0,83
P74,32.271952352883844,93.13919245401439,TV installation|Fridge repair|Fridge installation,4.68,0.77,8.23,292
P75,28.48102458753839,70.3591146386151,Fridge installation,3.17,0.99,12.48,154
P76,35.4702087441319,96.59403085086325,TV installation|TV repair,4.51,0.75,4.34,191
P77,28.447446564603137,75.21300047847835,Fridge installation,3.66,0.77,9.1,251
P78,21.591158617829663,69.63279499477328,Fridge installation|TV installation,3.24,0.65,20.18,10
P79,27.75014338581036,74.88768766748163,TV repair|Fridge repair,3.8,0.79,4.32,126
P80,35.933453643777725,68.35247976600468,TV repair|Fridge installation|TV installation,4.94,0.62,26.95,222
P81,36.79597908745971,70.14010037732656,Fridge repair|TV repair|Fridge installation,4.11,0.99,16.65,242
P82,14.287464091008246,76.54032445834346,TV installation,4.99,0.88,12.76,21
P83,35.80236981482754,69.67805303497352,Fridge installation|TV repair|TV installation,3.79,0.64,11.4,131
P84,13.455513631989078,81.44725374325948,Fridge repair,3.71,0.83,4.18,50
P85,15.538546022773618,81.1439845580361,TV installation|TV repair,3.06,0.71,13.51,229
P86,15.857771632938768,71.86236863148874,TV repair|Fridge installation,3.15,0.98,13.67,206
P87,25.789040682137905,80.12904805242795,TV repair|Fridge installation|Fridge repair,4.87,0.95,3.27,128
P88,19.926398380975705,90.55046622832154,Fridge installation,3.96,0.99,12.55,291
P89,19.045834842299623,96.12751753662349,Fridge installation|TV repair,4.68,0.94,15.12,108
P90,11.881711445218363,68.39648697998292,TV repair|Fridge installation,3.15,0.88,16.96,142
P91,36.90246827514326,84.1075194624762,TV repair|TV installation,4.54,0.98,25.79,154
P92,14.991460137559324,73.94631452668922,Fridge installation|TV installation,3.5,0.71,7.8,297
P93,9.359997565945378,75.79150197873392,Fridge installation|TV repair,3.04,0.8,15.33,268
P94,23.084741532247808,92.71326350923766,Fridge repair,4.1,0.82,26.55,121
P95,21.92133304353578,80.19553758128717,TV repair,4.57,0.86,24.54,112
P96,11.954772792016323,68.42179530436857,TV repair|Fridge repair|TV installation,3.7,0.84,12.98,258
P97,22.905695185634514,90.72593736949315,TV repair,3.79,0.85,26.15,142
P98,31.097681494542442,81.321057430439,Fridge installation|Fridge repair|TV repair,4.68,0.91,3.85,78
P99,36.42094468327883,82.28592472579322,TV repair,3.66,0.85,8.72,120
P100,11.737511935408827,71.7133293297754,TV repair,3.3,0.66,19.94,193
P101,19.938175216368315,93.3552105407781,TV repair|Fridge repair|Fridge installation,4.03,0.99,18.85,60
P102,9.185189871727887,72.89911682909278,TV repair|Fridge repair,3.56,0.67,4.48,10
P103,23.49828160824317,78.32375304388759,TV repair,4.79,0.65,11.24,82
P104,10.676427000633637,81.9532164276325,TV repair|TV installation|Fridge repair,4.38,0.8,6.4,57
P105,9.771260835791049,76.02945179626892,TV installation|Fridge repair,4.61,0.9,7.17,216
P106,23.561128733632643,94.79721101411556,Fridge repair|TV repair|TV installation,3.47,0.9,16.88,163
P107,9.063812883827339,75.3206713859766,TV installation|Fridge repair,4.43,0.96,16.33,248
P108,8.88369242927423,93.14923445116698,Fridge repair|TV installation|Fridge installation,3.71,0.76,4.94,128
P109,18.941240730034057,68.58206473555407,TV repair,3.64,0.68,11.17,34
P110,33.82529114145696,85.21418115306741,TV repair|Fridge installation,4.36,0.92,15.96,120
P111,24.94178505671091,89.36785178645248,TV installation|Fridge repair|Fridge installation,4.12,0.83,17.8,51
P112,16.22950126816301,78.52938659556042,Fridge repair,4.29,0.83,11.97,238
P113,35.07706288903636,68.21849653088817,TV installation,3.45,0.75,15.66,104
P114,9.613951191352285,92.42710702364727,Fridge repair|TV repair,3.1,0.61,21.51,232
P115,34.0016976262466,84.70395411636414,Fridge repair|Fridge installation,4.83,0.6,29.3,103
P116,12.955740034311908,87.39065337780849,TV repair|Fridge repair|TV installation,4.86,0.82,18.01,182
P117,30.31529506256617,73.42426870816817,TV repair|Fridge installation|TV installation,3.65,0.77,16.21,122
P118,23.365360672252383,88.50967277368889,TV repair,4.54,0.63,16.17,268
P119,9.50288256785038,77.7615240676237,TV installation|Fridge installation|Fridge repair,3.27,0.63,29.72,22
P120,27.852574888515168,70.54817522603705,TV installation|Fridge repair|Fridge installation,3.28,0.6,5.27,47
P121,19.943386510270788,78.11717972974687,Fridge repair,4.86,0.93,29.02,146
P122,13.94505249154388,78.9976289639502,Fridge installation|TV installation|TV repair,4.85,0.89,3.35,276
P123,31.062752043936815,73.8471922813846,Fridge installation,3.33,0.67,24.81,87
P124,23.16889731830446,78.40608403958157,TV repair|Fridge installation,4.75,0.76,24.86,113
P125,18.93138845332232,81.41771378441858,TV installation|Fridge repair,3.6,0.9,16.08,162
P126,18.30551110273348,79.35298119584355,TV installation|Fridge repair,4.06,0.63,8.41,48
P127,11.390043180542559,95.25513158479077,Fridge installation|Fridge repair,4.26,0.73,5.9,24
P128,33.48024434582971,82.367285165715,TV repair,4.48,0.83,29.94,106
P129,28.502433376060313,90.57858623247178,TV installation,3.29,0.68,21.99,14
P130,33.42620346609073,77.92037071276131,TV repair|TV installation|Fridge installation,4.64,0.64,25.7,225
P131,25.514778290102864,82.56636207641337,TV installation|TV repair,4.08,0.79,13.45,182
P132,28.881059559836157,86.59328135367362,Fridge repair|TV repair,4.39,0.82,9.05,78
P133,31.97716600646327,95.8131690423568,TV installation|Fridge repair,3.69,0.69,13.86,227
P134,25.00066512848712,82.6707716876495,TV repair,4.22,0.61,26.42,142
P135,34.75248205414157,88.50992039508856,Fridge installation|Fridge repair,3.31,0.83,18.99,60
P136,29.356882833116963,95.09664342830143,TV installation|TV repair|Fridge repair,4.85,0.78,5.17,119
P137,13.403305505329499,92.28723288107227,Fridge installation,3.66,0.72,8.37,158
P138,18.999865253180914,89.58323990345538,TV installation,3.41,0.92,18.9,72
P139,20.020632941905202,93.04202607777574,Fridge repair|TV installation|TV repair,4.85,0.79,15.46,26
P140,25.02497849996045,68.9525534370597,TV installation|Fridge repair,4.83,0.7,18.17,189
P141,20.14883803563189,94.53053113097491,Fridge installation,3.72,0.83,19.7,165
P142,14.167742745895563,82.94003678979756,Fridge installation,4.95,0.78,17.6,72
P143,36.90935330353247,82.56365529960604,TV installation,4.19,0.63,23.0,220
P144,18.132222972430657,81.5787230248,Fridge repair|TV installation,4.25,0.75,25.42,28
P145,9.905550543422219,90.4903008841553,TV installation,3.91,0.81,14.34,123
P146,22.413346515816222,90.19533215092098,TV installation,3.21,0.73,4.11,140
P147,18.825970172112836,75.85159552116306,Fridge repair|TV installation,4.29,0.76,2.71,297
P148,28.76319463657453,87.10879431539439,Fridge repair,3.05,0.69,8.47,264
P149,8.57160559487656,71.01914887755264,Fridge installation|Fridge repair,4.6,0.67,20.28,273
P150,10.88380039002101,75.05199353898416,Fridge repair|TV repair|Fridge installation,4.44,0.94,25.25,174
P151,12.091373614553692,79.78537693993214,TV installation|Fridge repair,3.65,0.63,19.73,170
P152,14.028701399234793,68.76943391234077,TV repair|Fridge installation,3.36,0.83,13.8,11
P153,34.408096102668814,86.11807686025428,Fridge installation|TV installation|Fridge repair,3.67,0.93,12.17,128
P154,15.773845583863412,86.10031832762489,TV repair|TV installation,3.82,0.82,14.21,289
P155,11.312899851691508,84.40752197903025,TV installation|Fridge installation|TV repair,4.97,0.79,7.1,124
P156,22.861272020575726,89.5089213826313,Fridge installation|TV repair|Fridge repair,4.4,0.76,8.1,287
P157,32.21297686717968,96.54766324040301,Fridge installation|TV repair,4.05,0.67,9.62,84
P158,31.854932401438543,83.36018868099735,Fridge repair|Fridge installation|TV installation,4.63,0.8,3.88,174
P159,26.891191262204064,92.06251230750885,TV repair|Fridge repair|TV installation,3.41,0.6,5.83,296
P160,33.34281224931294,85.32497996293894,Fridge repair|Fridge installation|TV installation,4.2,0.87,6.91,182
P161,32.30510193217058,79.7270635449217,Fridge installation|Fridge repair,4.54,0.77,11.91,202
P162,10.401161369828667,85.49141117452525,TV installation|TV repair,3.49,0.76,10.08,173
P163,28.85233125034312,76.61652975307207,Fridge installation|Fridge repair,4.13,0.79,20.58,255
P164,11.915037045215001,82.02889331603997,TV installation|Fridge repair|Fridge installation,3.54,0.82,6.54,253
P165,9.49134859104326,82.39462116883585,TV repair|TV installation,4.19,0.73,23.59,82
P166,10.178995670338454,89.11747392990449,TV installation|Fridge installation,3.99,0.88,14.18,48
P167,10.202068900719041,70.25519497828975,Fridge repair|TV installation|Fridge installation,3.0,0.99,2.15,21
P168,18.468243011260775,70.6558801264724,TV installation|Fridge repair,4.83,0.65,28.61,21
P169,23.715127473972387,93.31542924041584,TV installation|Fridge repair,4.46,0.92,20.45,207
P170,36.436727205219654,94.19755056644472,Fridge repair,4.29,0.88,3.44,35
P171,9.14337752968667,88.46168000295496,Fridge repair|TV repair|Fridge installation,4.85,0.67,17.9,259
P172,17.072790838662037,71.49515478480747,Fridge repair|TV repair|Fridge installation,4.46,0.68,5.23,224
P173,31.064913300813824,89.60687189548639,TV repair,3.11,0.78,16.63,112
P174,9.073221406749287,85.29182647597953,TV installation,3.46,0.65,4.15,180
P175,17.856373949273916,89.01823637433408,TV repair|TV installation,3.13,0.73,17.11,219
P176,23.084875186483224,80.37769464299106,TV installation|Fridge repair,4.75,0.77,14.93,43
P177,8.616812914661226,93.36634850784178,Fridge installation|TV installation|Fridge repair,4.06,0.98,24.37,48
P178,8.275077575226444,69.52783124333963,TV installation,3.18,0.62,15.43,281
P179,33.33663631140382,96.53842060677957,TV repair|Fridge installation|TV installation,4.54,0.77,13.8,74
P180,14.924537227280767,71.20374928081044,TV installation,3.71,0.71,10.3,162
P181,16.040703725206434,94.3998339596685,Fridge installation|TV repair|Fridge repair,3.09,0.64,12.97,149
P182,35.736055229223325,91.14169034215811,Fridge installation,3.52,0.84,29.51,20
P183,34.20799504808284,96.68636238458741,Fridge installation,4.49,0.63,13.24,72
P184,14.686506678345552,92.0886330147681,Fridge repair|TV installation|Fridge installation,3.24,0.62,12.75,250
P185,35.76083762651645,91.95996517802502,Fridge installation|TV repair|TV installation,4.6,0.85,8.06,18
P186,34.904816212661174,96.85232685674663,Fridge repair|TV repair,3.35,0.76,23.23,71
P187,36.893737498395005,94.02564829333991,Fridge repair|Fridge installation|TV installation,3.93,0.85,22.94,98
P188,25.19525811040939,84.82250002729653,TV installation|Fridge installation|Fridge repair,3.18,0.95,9.44,38
P189,33.773694316200334,95.71389344866284,Fridge repair,4.72,0.92,20.35,270
P190,29.32116698118013,76.16033785674827,Fridge repair,3.51,0.6,21.48,185
P191,22.38039631728435,70.35034026132179,Fridge repair|Fridge installation,3.44,0.87,4.13,90
P192,9.783993760937816,93.60428180498639,TV installation,4.03,0.96,18.0,49
P193,27.662468424212843,84.40622695587794,TV installation,3.53,0.95,24.33,177
P194,15.113280435404702,72.56287913137325,TV installation|Fridge repair,3.32,0.73,8.68,190
P195,27.724082381048714,85.93972996824034,TV repair,4.51,0.66,26.66,258
P196,8.848171208002215,91.94868576637812,Fridge installation|TV installation,3.26,0.73,22.82,91
P197,31.721043699452803,92.13189116077452,Fridge installation|TV installation|TV repair,4.01,0.6,10.04,55
P198,17.466573718595498,84.23548505695605,Fridge installation,3.23,0.75,2.25,172
P199,11.72501282470255,76.21694549970186,TV repair|Fridge repair,3.04,0.77,25.52,69
P200,13.205422379291168,89.85726618746506,Fridge installation|TV repair,4.58,0.67,23.58,228
P201,12.824950021035898,90.35854448343193,Fridge repair|TV installation,4.42,0.79,3.62,129
P202,9.326518980562874,93.27456737841891,TV installation|Fridge installation,4.95,0.99,22.99,236
P203,25.237479917627816,79.12475555176303,Fridge repair,3.13,0.93,12.41,67
P204,8.02985491552337,72.60921021502594,Fridge installation|TV repair,3.94,0.98,4.86,48
P205,23.283698790144,91.951702208197,Fridge repair|Fridge installation,3.6,0.94,23.64,93
P206,26.980825214152922,75.92452628294807,Fridge installation|Fridge repair|TV repair,4.9,0.66,14.11,30
P207,34.37621081748674,92.86344267068246,TV installation|Fridge repair,4.93,0.9,14.38,266
P208,17.3015394727057,89.0082575058094,TV repair|TV installation|Fridge installation,4.49,0.68,26.31,289
P209,18.687263967989075,93.06638924534947,Fridge installation,3.95,0.99,7.19,154
P210,10.643770221779558,72.45608310667227,Fridge installation,3.91,0.81,2.5,190
P211,34.44324501383742,96.05782664479955,TV repair,3.37,0.78,2.03,282
P212,25.611886999617465,75.17865871249788,Fridge installation|TV installation,4.12,0.69,6.5,223
P213,24.877170655517563,75.80080872861784,Fridge installation,4.6,0.72,14.75,81
P214,21.473359302438496,87.73324216442043,Fridge repair|TV installation,3.79,0.99,22.21,20
P215,28.154474697669734,92.94354951848693,Fridge installation|TV installation,4.56,0.62,15.45,97
P216,12.231740147019218,70.9809797302873,Fridge installation,4.14,0.61,15.51,101
P217,28.371484145779014,84.2298118211205,TV repair,3.02,0.73,16.5,298
P218,33.593471088768396,70.39274749877222,TV installation|Fridge repair,4.65,0.74,11.02,175
P219,24.458684599585187,87.9944841049807,TV repair,4.6,0.68,6.69,132
P220,8.915998199943619,95.150155141067,TV installation,3.1,0.82,21.85,273
P221,35.473163416300125,86.13383514620449,TV repair,4.57,0.84,15.56,93
P222,24.037042125166796,85.32680001632598,TV installation|TV repair|Fridge repair,4.57,0.79,3.14,197
P223,29.216096130904624,70.3672694788871,TV repair|Fridge repair,3.12,0.7,6.47,252
P224,14.357205633383284,96.30009241875482,Fridge installation,3.67,0.67,24.11,192
P225,9.266188073513474,72.68850378025728,Fridge repair|TV installation|TV repair,3.04,0.86,11.3,68
P226,26.85944490406117,73.78673107694522,TV repair|Fridge installation|TV installation,4.36,0.63,2.86,222
P227,29.087903023222932,89.53848911479945,TV repair,3.85,0.74,12.39,29
P228,22.640501574897517,83.75571517753536,Fridge installation|TV installation,4.03,0.84,2.82,237
P229,33.32927390436816,94.1203540563265,TV installation|TV repair|Fridge repair,3.84,0.71,18.59,255
P230,18.415379860320712,79.13156740416609,Fridge repair,3.93,0.93,8.6,291
P231,28.75892397578057,94.36194309930359,TV repair|Fridge repair|Fridge installation,3.36,0.7,29.2,50
P232,15.169701157692135,93.25174713690284,Fridge installation|Fridge repair,3.89,0.81,12.06,139
P233,10.762583730684163,86.9115741203827,TV repair|Fridge repair,3.62,0.76,26.02,270
P234,17.430511862516152,90.43072064491142,Fridge repair|TV repair|TV installation,3.26,0.99,14.71,19
P235,10.131405672570367,72.92297924753868,TV repair|TV installation,4.04,0.73,25.21,266
P236,21.033581221198393,85.04864676220123,Fridge installation|Fridge repair,4.9,0.7,12.06,293
P237,9.063471381072747,89.35565843690358,Fridge installation,4.33,0.79,25.64,53
P238,20.944690748864982,93.0622691525509,Fridge repair,4.12,0.82,2.96,139
P239,11.566153447359175,74.70279646040176,Fridge installation|TV installation|Fridge repair,3.1,0.86,8.29,254
P240,10.568111942474001,70.99595975659645,Fridge repair|TV installation|TV repair,4.17,0.88,13.13,251
P241,35.98844219664532,68.14325944709788,Fridge repair,4.9,0.86,26.3,232
P242,15.372512817027303,83.13017135245018,TV installation|Fridge installation,3.69,0.81,5.52,135
P243,16.929968306144538,88.43574211936276,Fridge installation|TV installation|TV repair,3.4,0.87,29.16,138
P244,29.194054771255413,72.52875149897304,Fridge repair|TV repair,3.47,0.99,9.15,202
P245,32.30534339979519,95.39381236474668,TV installation|Fridge installation,4.37,0.8,19.3,145
P246,33.07365624269606,90.28706157118995,Fridge repair|TV installation,3.23,0.92,27.72,10
P247,14.254579419533798,87.10767863674707,Fridge repair|Fridge installation|TV repair,3.79,0.86,4.98,229
P248,12.619335912041349,85.54366375802569,TV installation|TV repair|Fridge repair,3.64,0.95,29.81,278
P249,30.68917903768993,84.44347156861336,Fridge installation|TV installation|TV repair,4.48,0.95,13.32,141
P250,27.360208181343957,91.42753231629649,Fridge installation|Fridge repair|TV installation,4.52,0.92,14.2,138
P251,11.486062605747644,83.79018384086464,TV repair|Fridge installation,3.01,0.73,12.26,208
P252,24.339728893105306,79.03217142275113,TV installation|Fridge installation,4.1,0.84,17.28,111
P253,10.122681789284865,85.50000920805996,TV installation|Fridge installation|Fridge repair,4.34,0.85,14.98,12
P254,23.72854628441241,95.59287823031374,Fridge repair|TV installation,4.69,0.97,24.79,162
P255,19.025672944789854,79.56586064601011,Fridge repair|TV installation|Fridge installation,4.16,0.81,19.02,30
P256,13.677561584822836,68.21932337436613,Fridge repair|TV installation,4.29,0.96,8.82,212
P257,19.022160759178952,73.71746967061344,TV repair,3.96,0.68,6.66,61
P258,27.43278500371731,94.95857044523768,TV installation|Fridge installation|TV repair,4.06,0.83,4.51,167
P259,28.768369552472613,75.90609602127248,TV installation|TV repair|Fridge repair,3.83,0.65,7.07,117
P260,13.261712083173181,83.22973812634474,Fridge installation|TV installation|Fridge repair,4.42,0.64,17.88,45
P261,20.311295330694495,70.5241299150421,TV installation,4.63,0.75,16.74,56
P262,35.59069692399305,85.44674278424361,TV installation|Fridge installation,4.64,0.95,8.39,18
P263,26.751571489262943,73.06842984199393,Fridge repair,3.72,0.96,23.56,58
P264,14.86924621025998,90.63523994207199,TV installation,3.55,0.93,13.86,211
P265,31.476369297284812,90.23302792081178,TV repair|Fridge installation,3.3,0.77,6.28,58
P266,29.36933860338128,93.02111524875363,Fridge repair|Fridge installation|TV repair,3.43,0.64,2.66,152
P267,14.677138884408228,73.97939877103437,Fridge installation|TV repair|Fridge repair,4.28,0.7,19.7,263
P268,12.111457412285954,75.96166736600364,Fridge repair|TV installation|Fridge installation,4.19,0.87,14.4,134
P269,28.81033520408711,88.08064838840671,Fridge repair|TV repair,4.98,0.65,4.92,227
P270,17.77958684990719,94.26021897756054,Fridge repair,4.55,0.71,20.07,173
P271,13.564152416843545,77.3777753013501,TV repair|Fridge installation,3.45,0.74,3.94,58
P272,32.12403028429124,87.4184758678849,Fridge installation|TV repair,3.14,0.86,9.59,209
P273,26.87544370236863,83.45577580998872,TV repair|Fridge installation|Fridge repair,3.65,0.73,20.75,224
P274,18.975816281090204,78.52538388353376,Fridge repair|TV repair|Fridge installation,4.99,0.78,11.34,159
P275,24.306607660459385,95.77113325065602,Fridge installation,3.35,0.88,7.63,217
P276,19.87485773715091,80.2579842884895,TV installation|Fridge repair|Fridge installation,4.64,0.6,10.42,145
P277,31.068048862902145,94.88815676490412,Fridge installation|TV installation,3.47,0.76,6.27,14
P278,29.37822652521005,90.28939433886674,Fridge installation|TV installation|TV repair,3.49,0.87,4.6,240
P279,33.075899568972666,85.64610596713395,TV repair|Fridge installation|Fridge repair,4.01,0.66,3.77,160
P280,15.630264527414443,78.44395581667405,TV repair|Fridge installation,3.18,0.97,17.51,189
P281,16.111402615672898,95.32922355396477,TV installation,4.75,0.66,24.02,152
P282,36.77258242987607,92.69132377460778,TV repair|Fridge installation|Fridge repair,3.42,0.97,5.26,91
P283,26.210551530406438,87.5548103858624,Fridge installation|Fridge repair,4.06,0.89,5.96,16
P284,16.835695033843184,70.34665920848632,Fridge installation|TV installation|TV repair,3.81,0.67,21.46,215
P285,36.29269582493753,86.58819024301462,Fridge repair,4.64,0.65,26.14,173
P286,25.58475738856789,72.03674271390837,Fridge repair|Fridge installation|TV installation,4.8,0.93,10.89,34
P287,27.32289968921615,71.53109542263297,TV installation,3.96,0.8,8.51,182
P288,23.936356540955494,96.00884267344338,TV installation|Fridge installation,3.86,0.72,16.17,155
P289,16.054826088728575,92.6920104889867,TV installation,3.0,0.61,18.87,160
P290,12.408720740730795,69.77913918620938,TV installation|Fridge installation|TV repair,4.56,0.78,3.63,276
P291,29.873352785972028,85.96543479082004,TV repair,3.59,0.77,6.78,158
P292,11.520163243250437,76.79497927946028,Fridge repair,3.2,0.88,3.74,269
P293,26.36249915439046,74.63794354055179,Fridge repair|TV installation|TV repair,3.47,0.69,6.87,133
P294,32.59246067223264,89.00520662062317,Fridge repair|Fridge installation,4.58,0.76,20.31,16
P295,23.23963403709056,81.96741054951102,Fridge repair|Fridge installation,3.35,0.75,28.99,192
P296,20.068465947213085,81.95898039742438,Fridge installation|TV installation|TV repair,3.04,0.7,23.29,74
P297,17.38151145243274,92.19479761268826,TV repair|TV installation|Fridge repair,4.26,0.68,3.81,169
P298,22.14776727386451,71.1823497616476,Fridge repair|TV repair|Fridge installation,4.1,0.78,25.64,192
P299,12.327895560555108,71.68879311793604,TV repair,4.73,0.7,20.25,236
P300,18.900760269227312,79.43981207853102,Fridge repair|Fridge installation|TV repair,3.92,0.91,26.98,114
P301,10.962336360068605,87.10207224001586,Fridge installation,4.89,0.92,4.14,106
P302,32.38527580335176,69.11436411990742,Fridge installation|TV installation|TV repair,4.8,0.78,19.84,299
P303,19.20411838560115,81.05360854017303,Fridge installation|Fridge repair|TV installation,3.45,0.96,14.62,182
P304,12.354901023694207,89.38557929292308,Fridge installation,4.02,0.87,3.17,96
P305,28.773378253817786,70.09044574396152,Fridge installation|TV installation,3.14,0.6,28.78,286
P306,19.240261713000315,81.39646116345772,TV repair|Fridge installation,4.98,0.99,28.38,37
P307,18.290399447449822,79.95179697762038,Fridge installation|Fridge repair,4.1,0.93,3.92,147
P308,8.607403869896471,70.3829783568164,Fridge repair|Fridge installation,4.94,0.72,23.54,58
P309,15.406991055871366,75.56068569767758,TV repair|TV installation,3.14,0.98,15.39,264
P310,36.08617455023713,91.16271155798266,Fridge repair,3.59,0.99,18.85,190
P311,34.688618255362826,83.10227611319218,Fridge repair|TV repair,4.23,0.66,3.22,282
P312,34.914425569455446,74.5138527434717,TV repair|Fridge repair,3.74,0.77,14.3,123
P313,35.34919929459652,74.98008864314264,Fridge installation|TV installation|TV repair,3.24,0.68,26.83,131
P314,31.6624612300899,92.97972989453964,Fridge repair,4.69,0.97,9.06,158
P315,36.37352108521728,89.69756527339092,Fridge installation|Fridge repair|TV installation,4.12,0.67,3.51,265
P316,23.80578064801121,96.55542244621074,TV installation,4.87,0.62,6.61,38
P317,27.873642467360327,70.6642557435913,TV installation|Fridge installation,4.93,0.8,6.22,53
P318,29.25124479822127,83.7248789592636,Fridge installation|TV repair,4.18,0.8,10.33,28
P319,12.395511776042534,70.71895069872114,TV installation,4.15,0.95,14.15,145
P320,21.38516675817391,68.2706169749857,TV installation|Fridge installation|TV repair,3.49,0.89,29.77,113
P321,13.62466215076547,93.51467809231622,Fridge installation|TV repair|Fridge repair,4.32,0.72,22.79,240
P322,25.83436896989284,87.94863918651754,Fridge installation,3.75,0.82,16.68,243
P323,30.068732040814723,69.02402929326693,TV installation,4.49,0.68,28.83,29
P324,17.481016873804293,72.3177534596409,Fridge repair|Fridge installation,3.61,0.95,29.9,141
P325,19.175900608373492,86.65759021744174,Fridge repair|TV installation|Fridge installation,4.56,0.69,5.86,239
P326,19.96603338461009,88.1729262484074,TV installation|Fridge installation,3.01,0.85,11.95,66
P327,19.242534247761434,79.66748661591012,TV installation|Fridge installation|TV repair,4.75,0.8,22.26,238
P328,24.819529835415807,84.28305305082618,TV installation|TV repair|Fridge installation,4.12,0.84,20.94,91
P329,25.46222367752195,68.66505152677323,Fridge repair|Fridge installation,3.64,0.85,6.17,161
P330,17.692911242185765,90.76201233623256,TV repair|TV installation,4.42,0.92,16.48,182
P331,12.276123274482234,77.51758985467004,Fridge repair|Fridge installation|TV installation,3.87,0.64,8.18,260
P332,31.23964055876605,90.23106719517766,Fridge installation,4.47,0.72,6.86,207
P333,26.44914357653875,90.78389692432673,Fridge installation|TV installation|Fridge repair,3.24,0.76,25.51,84
P334,29.459605213882742,95.55906983498716,Fridge installation|TV installation|Fridge repair,3.41,0.83,29.43,268
P335,8.759704547429878,68.70156115284931,TV installation,4.66,0.71,16.51,60
P336,35.279698108344874,75.51960600710744,Fridge installation|TV repair|TV installation,3.86,0.95,25.57,58
P337,20.620231578405345,95.18324553226007,Fridge repair,4.41,0.85,3.4,138
P338,30.626178839472967,68.20384691059496,Fridge installation|Fridge repair|TV installation,3.11,0.69,5.68,66
P339,29.789877494842326,87.05169953174705,TV installation|Fridge installation,4.91,0.63,3.6,229
P340,15.995875739771016,75.99275782168942,TV installation,4.57,0.99,12.39,115
P341,32.498893652294626,75.77603158276989,Fridge repair|TV repair|TV installation,3.31,0.94,3.3,259
P342,24.297792576537397,78.03169297754913,Fridge installation,3.63,0.91,4.42,169
P343,27.249900899092083,95.93843859219297,TV installation,4.12,0.97,3.46,151
P344,29.193807984441165,96.45761562442016,TV installation|TV repair,3.51,0.86,7.55,170
P345,12.386158033313102,74.53419096858582,Fridge repair|TV installation,3.5,0.94,17.71,90
P346,36.43498783803207,74.59487537997998,Fridge installation|Fridge repair|TV repair,3.81,0.82,24.17,186
P347,23.762608302936734,70.37003502665657,Fridge installation|TV installation,3.92,0.79,6.64,11
P348,27.261449520657102,74.26662314237392,Fridge installation|Fridge repair|TV repair,3.2,0.94,14.88,176
P349,23.817524212800258,69.80592007057469,TV repair|Fridge installation|TV installation,4.03,0.92,14.86,201
P350,31.025701774672175,82.42042197912596,TV repair,3.68,0.95,17.26,77
P351,29.945793664970417,83.06218992561418,TV repair|Fridge repair,3.41,0.95,26.63,101
P352,15.409306995012535,95.45250067178861,TV repair|TV installation|Fridge installation,4.12,0.9,17.62,75
P353,9.89093314655427,81.45400992755765,Fridge repair|TV repair|Fridge installation,4.82,0.82,15.94,271
P354,18.78604736958908,81.0992077577188,TV repair|TV installation,3.79,0.64,14.35,276
P355,13.909227314702983,83.1765593046475,Fridge repair|TV installation,3.57,0.92,18.17,94
P356,17.058123954679893,86.63756507250028,TV installation,3.39,0.96,16.57,277
P357,12.814995089069669,85.79072102053611,Fridge installation|Fridge repair|TV repair,3.73,0.96,6.73,229
P358,13.858454383672209,73.34252033790276,TV installation,4.79,0.86,6.26,269
P359,31.159204899099787,96.06492043599827,Fridge installation,4.71,0.65,22.71,25
P360,36.66406369295022,82.07541051163673,TV installation|Fridge installation|TV repair,3.24,0.89,11.04,111
P361,36.41369127778113,87.02788652259684,Fridge installation,3.26,0.87,4.6,205
P362,28.861255048705598,93.81748353751627,Fridge repair|TV installation|Fridge installation,3.16,0.89,7.25,274
P363,31.752841901988027,83.68301889458078,TV repair|TV installation|Fridge repair,4.42,0.73,15.19,222
P364,15.375337454171184,91.75839804127237,TV installation|TV repair|Fridge installation,4.76,0.81,8.84,165
P365,31.95336816853437,70.91848687718246,Fridge repair|Fridge installation,3.48,0.66,11.74,84
P366,26.88327996156855,86.0069284568745,Fridge repair|TV installation,3.7,0.94,15.2,280
P367,15.365271362588718,68.90235239760337,TV installation|Fridge installation,4.48,0.64,10.82,257
P368,10.019593296709767,73.07156167810282,TV repair|Fridge installation,4.71,0.69,25.44,137
P369,26.643575391702523,88.1303666317851,Fridge repair|Fridge installation,4.03,0.72,7.95,236
P370,30.131503446507793,79.84088394002409,Fridge repair|TV repair,4.52,0.96,8.52,261
P371,27.28456220080386,75.54831886941409,Fridge installation|TV installation|TV repair,4.81,0.87,17.69,100
P372,19.30302223536827,79.00558419786684,TV repair|Fridge repair|TV installation,3.45,0.75,5.61,156
P373,36.32720952680912,71.21089720646316,TV installation|Fridge repair,3.85,0.62,22.72,163
P374,36.021058910497146,71.6961648232632,TV installation|Fridge repair,4.42,0.99,25.13,284
P375,31.34229652840172,68.52219011241318,Fridge repair,4.93,0.89,10.53,130
P376,16.16411475403297,93.30986134741771,TV installation|Fridge repair|TV repair,3.23,0.88,17.14,295
P377,9.33758336573628,84.44795261766218,TV repair|TV installation|Fridge repair,3.57,0.93,4.08,231
P378,25.36544059512125,69.87024686622586,Fridge repair,4.75,0.95,11.25,95
P379,33.87677244604991,73.37457520633272,TV installation|TV repair|Fridge installation,3.16,0.7,24.25,167
P380,20.446295208494348,75.76552358916169,Fridge installation|TV repair,4.58,0.83,20.45,285
P381,14.386533739942138,82.16286424050523,TV installation,4.48,0.81,2.91,44
P382,32.04931718018591,93.49038810818575,Fridge repair|Fridge installation|TV installation,4.14,0.81,14.05,85
P383,21.46856385054074,71.98818946969345,Fridge repair,3.68,0.67,6.78,30
P384,26.307919039667674,85.15921770688344,Fridge repair|Fridge installation,4.41,0.69,16.35,37
P385,14.791348957649085,90.81575971947868,TV repair|TV installation,4.94,0.71,9.6,266
P386,15.799809428967661,79.80218537939365,TV installation,4.78,0.6,3.11,271
P387,9.323813619569128,72.06069882904622,Fridge installation,3.55,0.99,11.28,250
P388,26.05307117616261,81.62256912672983,Fridge repair|TV repair|TV installation,3.89,0.79,18.54,198
P389,8.159668175652204,68.22225694682753,Fridge repair,3.44,0.61,5.02,99
P390,21.422706695459667,80.71761616758563,TV repair|TV installation|Fridge repair,3.44,0.76,3.24,242
P391,19.51343619587856,70.52569023707737,Fridge repair|Fridge installation|TV installation,4.23,0.65,11.67,192
P392,33.3524532158701,82.31285082986344,Fridge repair|TV repair|Fridge installation,4.4,1.0,5.68,55
P393,12.790914240797655,79.30629823530478,TV repair|Fridge repair,4.46,0.95,20.79,118
P394,25.629251208630407,76.97180881802068,Fridge repair|Fridge installation|TV repair,4.65,0.98,24.99,17
P395,33.02353458445996,68.06101145210062,TV repair|Fridge repair|TV installation,4.44,0.93,3.14,155
P396,11.320141503911248,79.1313276083044,Fridge repair|Fridge installation|TV installation,3.91,0.75,5.39,93
P397,34.10931677415387,79.72295215968207,TV installation,3.64,0.9,13.55,294
P398,27.68142874350438,78.49567973429808,TV repair,4.19,0.6,19.81,127
P399,11.356390593682455,72.4753253932093,Fridge installation|TV repair,3.34,0.86,22.75,102
P400,9.926871486317472,83.48505670388515,TV installation,3.28,0.6,13.82,244
P401,22.094014320130487,84.73879671530197,TV installation|Fridge installation|Fridge repair,3.09,0.65,17.64,232
P402,21.53162575621926,91.6849728741978,Fridge installation|Fridge repair,3.13,0.75,25.85,108
P403,10.250824697211785,83.73349668743529,TV installation|Fridge installation|TV repair,4.72,0.84,8.34,297
P404,31.850248836380075,92.86930779217722,Fridge installation|TV installation,4.83,0.77,10.93,57
P405,8.356981387466192,78.7315177055534,Fridge repair,3.05,0.76,16.72,299
P406,12.838945849263832,80.48535081540402,Fridge installation,3.29,0.96,11.68,157
P407,17.853295987382417,82.99994206971563,TV installation|Fridge installation,3.76,0.6,12.8,135
P408,25.283676423320973,70.9365375238396,Fridge repair,4.69,0.81,25.57,213
P409,24.230964900300258,71.05251637071336,Fridge repair|TV repair|TV installation,3.33,0.99,8.4,76
P410,35.95650480641336,79.14199467658821,TV installation|TV repair,3.08,0.61,12.86,243
P411,19.46759377179452,77.08298157103505,TV repair|Fridge repair,3.29,0.8,5.64,131
P412,11.368029845815244,95.72164603970425,TV repair,3.63,0.96,18.88,210
P413,36.53638173310347,76.36375769674362,Fridge repair,4.92,0.76,12.79,287
P414,23.70082061307997,72.47020625217613,TV installation,4.11,0.82,23.33,51
P415,31.97763424009615,88.56139800432392,TV installation|TV repair|Fridge repair,3.35,0.8,20.97,30
P416,36.026104190125814,84.17355596125128,TV installation|TV repair|Fridge installation,3.69,0.83,5.9,120
P417,31.685950973466316,74.01196109243918,TV repair,4.56,0.89,10.41,223
P418,24.511943474286202,85.99915391491294,TV installation|TV repair,3.4,0.76,3.1,154
P419,28.615656783787255,94.30134145621018,Fridge repair|TV repair|Fridge installation,3.26,0.84,18.78,182
P420,21.29552631250848,69.10146533540575,TV repair|Fridge installation|Fridge repair,4.49,0.82,3.62,193
P421,15.997259479289351,93.43562684952748,TV installation|Fridge repair,4.89,0.66,14.95,117
P422,22.018815643221252,93.04287815292182,TV repair|Fridge installation,4.18,0.75,10.0,225
P423,20.79548769600447,85.56690379103264,TV repair|Fridge installation,4.84,0.74,22.32,228
P424,19.81994204864069,91.99804874108278,Fridge installation|Fridge repair|TV repair,4.53,0.83,28.77,57
P425,36.88756553954379,69.72467549715114,TV repair|TV installation|Fridge repair,3.01,0.86,10.36,156
P426,17.045073320124132,75.42537938804368,TV repair|TV installation,3.06,0.99,8.18,217
P427,30.115295446131082,94.94846454220965,TV installation|Fridge repair|TV repair,3.06,0.95,16.76,135
P428,26.689638036509976,91.77413634455709,Fridge repair|TV installation|TV repair,3.67,0.89,16.8,231
P429,8.257035268290599,96.93680481477736,Fridge installation,4.35,0.93,10.25,144
P430,9.280696149157107,77.91168973736609,Fridge installation|Fridge repair,4.27,0.63,2.16,145
P431,30.29876068112159,87.0976749544316,Fridge installation,4.53,0.94,19.18,113
P432,19.573905454137968,88.97133510747426,Fridge installation|TV repair|Fridge repair,3.56,0.87,2.69,84
P433,18.1157954851149,71.21894486494813,TV installation|TV repair,4.62,0.98,4.02,70
P434,10.927294799348124,93.19938331609521,Fridge repair,4.36,0.65,25.58,153
P435,21.869536641661483,72.21069887365515,Fridge repair|TV installation|Fridge installation,4.42,0.87,7.91,299
P436,16.149130468352695,91.30099955560965,Fridge installation|TV repair,4.86,0.76,27.37,230
P437,24.914467281227353,92.42469164397448,TV repair|Fridge repair|Fridge installation,4.1,0.69,2.94,62
P438,20.067521414061677,90.0287314322941,Fridge installation|TV repair,3.38,0.89,26.27,83
P439,24.990078865152057,86.11873202089268,Fridge repair|TV installation,3.14,0.87,8.77,62
P440,31.31479671902309,84.02252805482878,Fridge installation|Fridge repair,4.04,0.66,23.71,21
P441,22.40416726172045,76.24394869489798,Fridge repair,3.27,0.85,3.52,213
P442,19.6709524855764,70.97969932112028,Fridge repair|Fridge installation,3.38,0.91,22.02,223
P443,28.50231813621577,69.8179990270341,Fridge repair|TV repair,4.68,0.6,8.91,166
P444,34.99573378976345,91.97472513799953,Fridge installation|TV repair|Fridge repair,3.26,0.83,26.26,109
P445,34.30879482525805,95.34653068766524,TV repair,3.84,0.75,28.22,188
P446,10.589396211241615,87.92355872859403,TV repair|Fridge repair,3.99,0.76,19.72,129
P447,27.599584647465758,72.03435961784155,Fridge repair|TV repair|Fridge installation,3.51,0.95,7.12,33
P448,30.070095917272706,95.57240852420881,Fridge repair|Fridge installation|TV repair,4.41,0.72,4.95,220
P449,26.68032742280156,69.3973943594056,Fridge repair|Fridge installation,3.72,0.98,16.01,50
P450,21.80306419933802,71.21834821296929,TV repair|TV installation,4.27,0.91,2.08,22
P451,20.07862852521249,91.84321671767627,Fridge repair|TV installation|TV repair,4.7,0.68,20.41,109
P452,27.65658280899128,85.62481154532895,TV installation|TV repair|Fridge installation,3.59,0.65,20.25,283
P453,29.375799962529484,96.26316252872456,TV repair,3.1,0.87,15.11,74
P454,33.81623507644906,76.33487829750182,Fridge repair|TV repair,3.74,0.62,5.12,147
P455,23.770366108120882,70.89613781294916,TV installation|Fridge installation,4.38,0.7,27.51,267
P456,8.56050129661043,71.6066835710148,TV repair|Fridge repair|TV installation,3.83,0.8,13.32,26
P457,34.27591068490459,75.73358070319735,TV installation,4.45,0.95,3.17,239
P458,30.10696192863622,81.19264779572002,Fridge repair|TV installation,3.53,0.69,5.68,292
P459,24.685306694295125,70.21516340475222,TV repair|Fridge installation,3.77,0.75,7.09,233
P460,16.505949712636376,90.42111434364148,Fridge installation,4.04,0.74,12.41,25
P461,24.47468285779815,87.2272130381115,TV installation,4.1,0.95,20.92,169
P462,34.05825753557034,90.71275398566016,TV repair|Fridge installation|Fridge repair,4.56,0.78,13.14,141
P463,34.08420116383695,88.5939275221439,Fridge installation|TV installation,4.87,0.84,15.26,133
P464,21.74048502354045,69.67748903396766,TV installation|Fridge installation,4.92,0.98,23.99,105
P465,26.877762718424105,86.69314406752797,Fridge repair|Fridge installation,4.12,0.91,7.74,99
P466,13.67915943989383,72.0832855178876,TV repair|Fridge installation|Fridge repair,4.24,0.91,18.19,276
P467,36.467946391720986,83.29069024654244,TV repair,4.81,0.67,20.0,58
P468,35.47446223800696,77.78286408949369,TV repair|TV installation|Fridge repair,4.45,0.82,3.7,183
P469,9.80389355877638,72.27178828409014,Fridge installation|TV installation|Fridge repair,3.02,0.85,14.53,63
P470,20.053623413891266,76.75558430224756,Fridge repair|TV repair,4.52,0.74,28.57,55
P471,10.21093732123337,75.96641063638887,TV repair|TV installation|Fridge repair,4.61,0.78,17.3,232
P472,9.273098336647148,72.80674361478452,Fridge repair,3.89,0.68,3.4,170
P473,11.97297282855647,96.8544597104277,Fridge installation|Fridge repair|TV installation,4.05,0.76,20.46,178
P474,13.710845429149423,95.59146450049313,TV installation,4.99,0.88,29.47,148
P475,21.30994090194166,94.66223473260752,TV repair|Fridge installation,3.35,0.69,2.36,269
P476,32.052357181796864,89.23155559844572,Fridge repair,3.71,0.88,13.07,256
P477,19.39101949847096,92.77243528388517,TV installation,4.55,0.72,8.5,48
P478,30.65911637781778,95.84486575713362,Fridge repair|TV installation,4.53,0.94,18.89,83
P479,30.748204882099113,78.93258071586212,TV repair,4.1,0.92,3.29,179
P480,17.32842970012691,92.59322059844304,Fridge installation|TV repair,4.46,0.64,14.0,150
P481,8.012840661679029,94.14010980261611,Fridge installation,3.31,1.0,28.74,138
P482,9.30242767087286,90.06922978136637,TV installation|Fridge repair|Fridge installation,3.74,0.76,23.12,172
P483,9.673384924061066,80.88659512800392,Fridge installation,3.55,0.85,29.79,190
P484,18.398775384221324,87.04230113752841,TV repair|TV installation|Fridge installation,3.48,0.68,27.71,125
P485,8.798056369072043,92.3546687022204,TV repair|TV installation,4.5,0.69,28.78,287
P486,33.136340280674005,76.19188357533378,Fridge installation|Fridge repair|TV installation,4.9,0.83,14.23,158
P487,22.984253171561765,90.00451135896243,Fridge installation|TV installation|TV repair,3.56,0.74,27.03,163
P488,33.884188597107766,80.16399182476209,TV repair|TV installation,4.56,0.79,15.93,125
P489,13.929365695586643,75.40396321861402,Fridge installation,3.59,0.84,2.92,280
P490,33.50540055111566,81.34006947184317,Fridge repair|TV repair|TV installation,3.19,0.93,3.33,173
P491,28.11492366674006,90.36256165970471,TV installation,4.31,0.66,26.52,190
P492,16.191700364730107,80.33161737769312,Fridge installation|Fridge repair,3.08,0.65,23.44,258
P493,9.778597713655195,78.50311138916312,Fridge installation,4.45,0.68,7.7,94
P494,16.81433285539579,74.68208320140315,Fridge repair|TV repair,3.0,0.89,29.07,47
P495,29.220017360362174,86.57843219127501,TV installation|TV repair,3.83,0.9,19.07,39
P496,17.433558886667903,88.66601865985687,TV repair|Fridge repair|Fridge installation,4.63,0.67,12.39,56
P497,31.394112071147436,96.5608936801118,Fridge repair|Fridge installation,4.51,0.76,18.54,250
P498,19.040000753665108,80.01962175064095,TV installation|TV repair|Fridge repair,4.51,0.61,9.53,263
P499,24.92941063490924,95.61443178523024,Fridge repair,3.08,0.71,18.84,120
P500,28.718300758066025,90.011153193136,TV installation,3.21,0.81,16.25,90
P501,35.05482101452049,91.99768327632341,TV installation|Fridge repair|TV repair,4.39,0.89,14.93,10
P502,11.538884335333611,71.62863245711065,Fridge installation,4.7,0.74,2.86,178
P503,13.66197748573827,78.01491661510175,Fridge installation|Fridge repair,3.67,0.99,25.98,72
P504,30.176855102812095,87.46060323193751,Fridge repair|Fridge installation|TV installation,3.87,0.82,10.74,280
P505,22.69350682049963,79.22988086416478,Fridge installation,4.81,0.61,23.9,87
P506,28.407293609242476,96.13745618205566,Fridge installation,3.88,0.69,21.74,177
P507,9.498392928080872,82.63907235083131,Fridge repair|TV installation,4.44,0.95,7.02,156
P508,19.500056777708934,71.81973582879371,TV repair|TV installation|Fridge installation,4.73,0.66,10.67,160
P509,17.17994029276823,91.67591276398589,Fridge installation|TV installation,4.0,0.63,10.76,123
P510,32.15208092685987,94.27652475395655,TV repair,3.02,0.87,3.45,122
P511,8.574074092070378,79.32978121859223,Fridge repair|TV repair,3.38,0.76,28.18,14
P512,29.24827246711813,79.73129418164223,TV repair|Fridge repair|TV installation,3.14,0.91,10.0,28
P513,27.64868741960249,70.09122169495362,TV repair|TV installation,3.41,0.75,29.5,93
P514,27.472895311349,86.33618245549155,TV installation|Fridge installation|Fridge repair,3.4,0.77,23.03,257
P515,36.720491677952786,77.43236327181201,TV installation|TV repair|Fridge installation,4.88,0.97,2.32,71
P516,23.042328837037253,73.2015757783541,Fridge repair,4.94,0.65,13.3,91
P517,28.432078412795914,80.25913046992403,TV repair|Fridge repair|Fridge installation,3.69,0.76,9.4,275
P518,22.986908234716587,89.46467969408243,TV installation,4.26,0.82,21.31,163
P519,25.505478816221878,70.23240454488402,Fridge installation|TV installation|TV repair,3.15,0.98,10.32,157
P520,25.372293027361064,86.08581457041771,Fridge repair|TV installation,4.3,0.71,2.42,143
P521,15.275898325041972,87.60476235352388,Fridge installation|TV installation,4.41,0.84,10.76,109
P522,15.23620663830921,68.05853701469879,TV repair|Fridge repair|TV installation,3.35,0.65,14.57,88
P523,14.179465251859437,95.23265578304843,Fridge repair,3.01,0.91,19.51,34
P524,9.46417938795983,86.1971105817441,Fridge installation,3.77,0.97,17.18,92
P525,35.76984943743071,79.5720242116306,Fridge repair|Fridge installation,4.68,0.68,20.83,185
P526,27.284840970895438,82.4431713986492,TV installation|Fridge installation|TV repair,4.49,0.73,26.92,136
P527,31.408490244944453,92.97826914863764,TV installation|Fridge installation|Fridge repair,4.63,0.81,14.27,257
P528,14.645986585210702,83.85940301040529,Fridge installation|TV repair|Fridge repair,4.34,0.88,7.71,48
P529,13.778839757537224,93.44663135297998,Fridge installation|Fridge repair,4.48,0.61,8.95,78
P530,10.237209887647875,94.4238802702223,TV installation|Fridge repair,3.71,0.77,8.03,170
P531,27.513278389344315,70.35332617755094,TV repair|Fridge repair|TV installation,4.9,0.94,24.54,284
P532,22.31152877247784,76.21583811032299,Fridge repair|TV repair|TV installation,4.57,0.76,16.38,100
P533,23.122021700839525,69.98530286067377,TV installation|TV repair,3.74,0.97,18.36,293
P534,34.54245836261687,92.934891226347,Fridge installation|TV repair,3.07,0.91,13.52,67
P535,15.203124653553019,88.45836407822111,TV installation,3.86,0.78,20.18,46
P536,30.735633401991308,80.16229873834217,TV repair,4.0,0.91,18.77,214
P537,16.730336257195077,82.57630603627379,TV repair|Fridge repair,3.11,0.8,27.96,216
P538,16.15010436004982,88.67584022790537,TV repair|Fridge repair|TV installation,3.02,0.76,27.87,142
P539,30.809149089334564,95.33340791808338,TV installation|Fridge repair|Fridge installation,4.49,0.89,25.14,92
P540,11.202524038921977,76.38643594258255,TV installation,3.62,0.7,16.42,32
P541,15.391585218531587,89.53339415237222,TV installation,3.15,0.95,25.19,41
P542,31.470407550272608,90.80437425878296,Fridge installation|TV repair|TV installation,4.26,0.75,9.6,106
P543,17.239659920144607,94.20319485954337,TV installation|Fridge installation,3.16,0.93,11.77,127
P544,31.04008337580623,93.64691986366617,Fridge repair|Fridge installation|TV installation,3.69,0.78,13.61,223
P545,16.58234377690104,81.3164877782443,TV installation,3.82,0.89,12.77,121
P546,11.40898770435638,72.79325021414577,Fridge installation|TV repair,3.0,0.89,22.51,27
P547,16.606813778575667,83.69971869456079,Fridge installation|TV installation,3.69,0.77,22.51,131
P548,18.273868489299254,71.05501904995866,Fridge installation|Fridge repair,3.44,0.81,19.02,215
P549,12.841001053707544,75.06815499320591,Fridge installation|TV repair|Fridge repair,3.54,0.73,22.98,161
P550,25.872714091846,84.14947485199079,TV installation|Fridge installation|TV repair,3.83,0.77,17.15,184
P551,29.854244291626834,73.90634699540786,Fridge installation|TV installation|TV repair,3.66,0.82,18.11,102
P552,23.44261792606347,71.3464446231886,TV repair|TV installation|Fridge installation,4.21,0.65,11.44,137
P553,36.43263153784078,82.85625796006107,Fridge repair,3.23,0.91,21.01,112
P554,20.158878173814635,68.52559719032617,TV installation|Fridge installation,4.59,0.63,15.28,216
P555,33.682973163011425,74.43511336274682,TV installation,4.43,0.95,22.48,82
P556,23.53404138107978,92.24741339301022,Fridge repair|TV repair,4.64,0.94,15.58,127
P557,30.95518787514973,81.08752927784839,TV repair|TV installation,3.37,0.94,26.71,148
P558,10.195292091983838,79.246956607591,Fridge repair|TV repair|TV installation,4.61,0.96,7.7,233
P559,9.217577438378058,81.89854260752159,Fridge repair,3.36,0.9,25.74,125
P560,26.801222216110773,70.14905725467115,TV repair,3.75,0.92,14.14,230
P561,24.21271926345146,77.31370242644265,TV repair|Fridge repair,3.44,0.74,12.43,68
P562,28.492393640560294,78.8599315990725,Fridge repair|TV repair|Fridge installation,3.74,0.62,11.8,105
P563,8.242546774428856,74.31235458783554,Fridge repair,4.32,0.79,2.15,133
P564,10.7657764659187,71.00667884129402,TV installation|Fridge repair,3.1,0.83,13.93,218
P565,8.424219507452596,74.01002669329748,Fridge installation|Fridge repair,4.43,0.75,20.55,229
P566,19.331899417559477,72.60168733700087,TV repair,3.52,0.84,14.13,254
P567,26.339348405523236,72.53782476410441,Fridge repair,3.95,0.89,9.59,17
P568,25.066643119610674,73.37581059339283,TV installation,4.2,0.94,26.32,147
P569,22.704729755422832,73.44969104364436,Fridge installation|TV repair|TV installation,3.15,0.88,12.72,288
P570,27.125812290582335,91.09100206569968,Fridge repair,3.54,0.88,9.39,175
P571,29.69875210862498,74.5262144089553,TV repair,4.06,0.93,14.97,119
P572,14.342752776939893,85.26379471189719,Fridge installation,3.53,0.86,24.82,288
P573,36.515864047735555,90.81454188051197,Fridge installation|TV repair|Fridge repair,4.55,0.9,6.22,266
P574,21.455713812468325,75.65612614882451,TV repair|Fridge repair,3.83,0.96,25.08,129
P575,32.885491433282,90.72939928150024,TV installation|Fridge repair|TV repair,3.86,0.68,16.4,264
P576,34.12786597502357,96.88857253146459,Fridge installation|TV repair,4.65,0.94,8.97,191
P577,28.49829781763569,96.05064403826461,Fridge repair|TV repair|TV installation,4.65,0.96,28.14,100
P578,31.393286537777676,92.88267485920964,TV repair,5.0,0.7,3.13,262
P579,17.22502896020069,95.87362305559479,Fridge repair|TV repair|Fridge installation,4.78,0.94,13.37,95
P580,8.417061936090466,90.16624820665639,Fridge installation|TV repair,4.25,0.9,3.09,216
P581,22.837435818957236,68.15503866477657,Fridge installation|TV installation|Fridge repair,4.88,0.77,13.27,34
P582,10.010521581245179,86.51134495396298,TV repair|TV installation|Fridge installation,4.47,0.87,5.88,162
P583,14.63738841202147,85.30870442974502,TV installation|Fridge repair,4.86,0.97,11.57,206
P584,26.359106951485877,81.60927159244793,TV repair|Fridge repair|TV installation,3.89,0.8,26.11,179
P585,28.737904677227302,85.20158835214457,TV repair,3.11,0.78,20.89,64
P586,33.04560121760186,71.19183524183234,Fridge repair|Fridge installation,4.85,0.85,3.52,68
P587,28.21693837086247,86.81052974629566,Fridge installation,3.55,0.66,19.81,269
P588,20.00099649430308,73.92083021587905,Fridge installation|Fridge repair|TV repair,3.08,0.83,14.68,151
P589,9.757542323732384,87.87646495993417,TV repair,3.05,0.67,14.7,127
P590,27.885315745075673,94.39617801116495,Fridge installation|TV repair|TV installation,4.28,0.98,26.69,239
P591,26.634750699385386,70.27817709678808,TV repair,4.48,0.64,18.63,157
P592,8.92056919581667,80.27671918044273,TV repair,3.17,0.84,26.67,153
P593,28.029713363292192,85.306516178889,Fridge repair|Fridge installation,4.0,0.99,21.14,164
P594,29.38535648734964,76.30906691888657,Fridge installation|TV installation,4.61,1.0,2.84,243
P595,28.04514247220967,85.48814709654522,TV installation,4.24,0.98,23.73,285
P596,18.07770539033025,80.62641573909633,Fridge repair|TV repair,3.79,0.87,26.97,20
P597,30.892873235493983,80.07032370651513,Fridge repair|TV installation|TV repair,3.34,0.79,3.55,225
P598,10.928365097715073,72.85724158372912,Fridge installation|TV installation,3.29,0.99,23.26,81
P599,20.752474108729345,76.07268596821704,Fridge installation|TV installation|Fridge repair,4.6,0.73,10.38,65
P600,11.760690368502825,75.43742876948622,Fridge installation,3.71,0.87,3.75,110
P601,12.933347101969163,94.04890385464381,Fridge installation|TV installation|Fridge repair,4.55,0.63,29.63,287
P602,22.051601857320314,76.77016582707756,Fridge installation,4.13,0.92,5.84,275
P603,22.659754051306052,72.17828479438279,Fridge installation,4.25,0.71,15.66,154
P604,20.810648257493504,96.54280047779858,TV installation|Fridge repair|Fridge installation,3.79,0.89,9.89,235
P605,21.294511299811703,89.02517621267444,TV repair|Fridge installation,4.15,0.87,23.76,115
P606,17.102389404951644,83.60265845555318,Fridge repair|TV installation,4.68,1.0,26.91,157
P607,8.458871987907804,83.16004410529422,Fridge installation|TV repair,3.94,0.86,17.67,47
P608,32.308682211372215,78.4807095929484,Fridge installation|TV installation|Fridge repair,4.72,0.76,11.19,205
P609,20.068215661577597,82.90167130272134,Fridge repair,4.81,0.96,24.9,86
P610,24.8001195331962,82.1991093994571,Fridge installation|TV installation|TV repair,4.29,0.69,17.47,290
P611,29.50647596410178,76.10306064110608,Fridge installation,3.26,0.94,6.63,140
P612,13.302295616195696,91.94561759525934,TV installation|TV repair,3.57,0.97,29.16,81
P613,18.76391596456641,90.78365000234469,Fridge installation,3.51,0.98,27.03,85
P614,24.14676241691745,92.508504693385,TV installation,4.59,0.67,20.84,296
P615,14.328018502012995,93.34808142585037,TV installation,3.5,0.71,2.02,136
P616,25.408162355313074,69.55191942447826,Fridge repair|TV installation|Fridge installation,3.75,0.69,9.43,282
P617,16.52452392949003,74.87545654700287,TV repair|Fridge repair|Fridge installation,4.9,0.98,19.08,120
P618,34.34460200450188,81.57400257279441,Fridge installation|TV installation|Fridge repair,3.93,0.9,6.33,11
P619,30.05230503879168,82.8747427784682,TV repair|Fridge repair,4.41,0.97,12.52,247
P620,31.999038515947362,72.95054253606193,Fridge repair,3.06,0.68,11.53,125
P621,27.430943596419436,81.5815753920806,Fridge repair|Fridge installation,4.55,0.65,19.54,146
P622,32.336231454428656,72.65970795664352,TV installation|TV repair,3.05,0.78,8.65,280
P623,21.504793711106107,90.42805038568524,TV installation,4.83,0.68,27.83,277
P624,19.012794164660207,91.24192751046566,Fridge installation|Fridge repair,3.78,0.9,5.51,282
P625,14.112662031285959,84.13722996893824,Fridge repair,4.71,0.93,27.97,111
P626,8.555509080986335,91.97889826820983,Fridge installation|TV repair,4.05,0.91,8.56,148
P627,16.48297633881131,77.63396155747233,Fridge repair|Fridge installation|TV installation,3.59,0.62,19.84,282
P628,26.948121455881736,73.57698698497519,TV repair,3.59,0.85,18.79,253
P629,29.432942302241802,76.04647571202366,TV repair,3.56,0.99,2.29,297
P630,23.74762149513616,78.05969331456718,TV installation|Fridge repair,3.87,0.92,9.79,247
P631,10.28924268545011,80.84114595976838,TV repair|Fridge repair,3.52,0.74,25.37,217
P632,21.131597712116587,73.75624116355512,Fridge repair|Fridge installation,3.33,0.7,21.88,296
P633,12.363695859173927,96.07421506207127,Fridge repair,3.89,0.8,8.91,127
P634,27.195495346473333,89.78413697166724,TV installation|Fridge repair,4.51,0.83,27.32,14
P635,11.329110890287122,95.3044543982488,TV installation|Fridge installation|TV repair,4.57,0.78,26.22,53
P636,19.92472717759383,79.66978151968004,TV installation,4.77,0.96,27.46,96
P637,16.666856922511894,71.10465817807139,TV installation,3.88,0.89,28.33,158
P638,20.46877097361483,92.09752596059698,TV repair|TV installation,3.24,0.89,16.88,262
P639,22.291767951451913,76.69832002353365,Fridge repair|TV installation|TV repair,4.19,0.77,6.6,79
P640,34.169977965297,77.97477291017287,TV repair|Fridge installation|TV installation,4.47,0.86,28.08,236
P641,24.431552508258427,87.05388444878912,Fridge installation|Fridge repair,4.8,0.76,11.15,209
P642,31.969981151552464,91.22844031169758,Fridge installation|Fridge repair,3.21,0.83,14.99,65
P643,10.672870795700536,84.96727482397989,TV installation,3.45,0.96,23.94,197
P644,25.891376794150556,93.04050617990244,TV repair|TV installation,3.45,0.95,24.11,229
P645,36.52344898889623,75.530454329562,Fridge repair|TV repair,4.94,0.77,11.73,256
P646,11.355338227228764,68.79025034657364,TV installation|TV repair|Fridge installation,4.05,0.69,29.7,258
P647,24.751320875988256,78.41705366249802,TV repair|Fridge installation|Fridge repair,4.65,0.93,15.37,217
P648,18.51423410021374,91.36572124437832,TV installation|TV repair,3.66,0.68,4.37,87
P649,34.47388089736069,84.40495699208917,TV installation|Fridge installation,3.37,0.66,18.14,292
P650,30.66366378452328,75.99696472879715,Fridge repair|TV repair|TV installation,3.41,0.61,21.02,67
P651,27.832127103224952,83.4155924279152,Fridge repair,3.07,0.79,13.42,207
P652,26.970644474296854,85.95793192955387,Fridge repair,3.66,0.97,25.66,53
P653,11.37439606977038,85.7710792305588,TV repair|Fridge repair|Fridge installation,4.88,0.86,4.15,109
P654,27.759237383999114,95.2653125463104,TV installation|TV repair|Fridge installation,3.09,0.73,14.27,59
P655,11.07035522818075,78.29203282111007,TV repair|Fridge installation|Fridge repair,3.83,0.87,20.43,248
P656,16.352155031797196,84.13351221045531,Fridge repair,3.06,0.96,6.38,293
P657,23.030009116981745,88.5933282237811,TV installation|Fridge repair|Fridge installation,3.19,0.73,29.12,168
P658,35.78542225866358,74.39293412311714,TV repair|TV installation|Fridge repair,4.77,0.97,27.66,134
P659,26.264798978606525,79.69310836233086,Fridge repair|TV installation|TV repair,4.5,0.81,20.97,230
P660,19.548606024782337,80.87321113727744,Fridge installation|TV installation|Fridge repair,4.79,0.86,2.23,131
P661,14.877189513353624,71.12081135803591,TV repair,4.54,0.8,14.15,280
P662,22.03659660277272,82.90876783398653,Fridge installation,3.62,0.83,11.11,115
P663,8.18499225879113,96.37228882464885,Fridge installation|TV installation,4.93,0.76,22.39,223
P664,31.79237778751158,80.77663231235691,Fridge repair,3.26,0.75,19.34,260
P665,30.625488786006855,96.93106184529017,TV installation|Fridge installation|Fridge repair,3.38,0.78,14.07,260
P666,35.21736372072078,73.2543150924524,Fridge repair|TV installation|TV repair,4.25,0.69,10.6,265
P667,34.59131939782656,90.51242384796248,TV repair|TV installation,3.26,0.83,14.38,83
P668,34.04097475858587,70.4397022055221,Fridge installation,3.79,0.64,2.46,125
P669,17.733074916359442,70.22741579100915,Fridge repair,3.47,0.93,28.55,218
P670,14.712781199193646,93.18387619446109,TV installation|TV repair,4.85,0.77,3.42,281
P671,24.6445461160013,79.39395815790219,TV repair,3.06,0.83,2.32,248
P672,9.16748208726773,85.06221440851145,Fridge installation|Fridge repair,3.8,0.99,17.24,292
P673,24.416077746996788,89.79213538932096,TV installation|TV repair,3.26,0.81,7.44,21
P674,19.90437802775608,72.73676279458266,Fridge repair|TV repair,3.44,0.73,9.26,17
P675,34.981554184910436,70.7654667169171,Fridge installation,3.9,0.73,26.38,160
P676,14.122652334183085,89.82158179000834,Fridge installation|TV installation|Fridge repair,3.1,0.8,14.38,204
P677,22.047344382424626,88.12036115205494,TV repair|Fridge installation,4.11,0.69,7.84,174
P678,30.04466696391461,72.46309723611944,Fridge installation|TV repair,3.3,0.71,12.11,233
P679,27.711219288167012,69.64373253280922,Fridge repair,3.07,0.76,21.52,150
P680,15.149077263501507,96.3049482594059,TV repair,3.69,0.73,10.73,240
P681,11.22297727262836,86.79504600148958,Fridge installation|Fridge repair,4.75,0.92,5.95,297
P682,31.906162970231136,79.51277270401675,Fridge installation|TV installation|TV repair,3.31,0.9,12.09,299
P683,8.870618632323085,80.89131933845462,Fridge installation,4.01,0.65,6.73,168
P684,27.12326590037793,84.75640445728146,Fridge repair,4.73,0.72,15.1,196
P685,19.92452380021524,80.39710716861777,Fridge repair|TV installation|Fridge installation,3.66,0.83,25.82,254
P686,20.459063053008478,76.08920420613083,Fridge installation,3.26,0.64,18.89,104
P687,21.65755170440292,82.27473714028984,TV installation,3.39,0.86,23.87,208
P688,15.337763886687345,93.1013091119939,Fridge repair|TV repair,3.21,0.65,29.42,180
P689,35.95087166547573,71.91732424054706,Fridge installation|Fridge repair,3.3,0.96,28.43,153
P690,8.156742786507426,68.03904185774034,TV repair|Fridge installation,3.76,0.66,2.51,275
P691,28.078274878478013,74.76665185683048,Fridge installation,4.25,0.9,8.12,255
P692,11.798238546831048,85.57391205085975,Fridge repair|Fridge installation,4.7,0.62,22.56,171
P693,13.32011963335665,85.23011401993728,TV installation|TV repair,3.82,0.65,2.78,19
P694,10.366362880140313,75.49915614290873,Fridge installation|Fridge repair|TV repair,3.06,0.85,13.94,133
P695,29.003381297474863,82.28537115143261,TV repair,4.27,0.92,13.14,24
P696,33.82114530480271,84.72955483802505,Fridge repair,4.13,0.8,3.94,155
P697,11.697084724067139,91.20598408282379,Fridge installation|TV repair,4.73,0.66,25.84,182
P698,16.507249221789287,83.2386389133209,TV installation|Fridge installation|Fridge repair,4.4,0.96,24.18,173
P699,25.820087547837307,84.85466728790774,Fridge installation,3.51,0.9,4.29,158
P700,26.37763639320034,85.21038009843699,Fridge repair|Fridge installation|TV installation,3.03,0.89,11.06,96
P701,24.140774426562448,77.93919683740931,Fridge installation|Fridge repair|TV installation,3.27,0.64,25.28,53
P702,26.843853356164686,70.99958933095402,TV repair|TV installation,3.8,0.89,23.83,52
P703,8.00089084651609,88.65197433053754,TV repair|TV installation,3.71,0.7,2.36,297
P704,32.68337132735347,95.77131774190505,Fridge repair|Fridge installation|TV repair,4.13,0.81,4.38,104
P705,19.019393289996444,85.60692314562374,Fridge installation|TV installation|TV repair,3.78,0.7,4.66,221
P706,12.0024491235815,70.35011970348664,TV repair|Fridge repair|TV installation,4.66,0.99,13.33,63
P707,33.334937333379244,96.87149811422995,Fridge installation,4.17,0.92,11.15,120
P708,17.23081874607807,82.18203748392098,TV installation,4.72,0.84,21.45,170
P709,26.33949143749975,71.72145000347417,TV repair,4.16,0.88,21.62,82
P710,31.31877441937419,80.35219354554124,TV repair,4.99,0.64,23.85,197
P711,30.257466087130457,76.91836406922323,Fridge repair|TV installation,3.98,0.92,8.51,209
P712,35.9409184767555,71.13329222191581,Fridge installation,3.96,0.83,17.16,29
P713,26.90512510131136,92.14009831889733,TV installation|Fridge installation|Fridge repair,4.95,0.79,3.87,276
P714,26.495450113522153,91.78195755961383,TV repair|Fridge repair|Fridge installation,3.08,0.8,21.3,239
P715,26.935540085997424,72.46366578370424,TV installation|Fridge repair|Fridge installation,4.95,0.82,5.8,272
P716,26.588000314863976,81.51926614269915,Fridge installation|Fridge repair|TV installation,3.38,0.88,17.58,60
P717,34.42883651228029,68.60708941697527,TV installation|Fridge installation,3.63,0.62,23.46,127
P718,16.78750770247887,96.02987798001038,Fridge repair|Fridge installation|TV installation,4.26,0.97,20.93,131
P719,19.9561121071183,95.10716754916072,Fridge repair|Fridge installation|TV installation,3.5,0.65,18.37,35
P720,31.657312734418106,81.53511471927057,TV installation,3.15,0.67,3.71,282
P721,11.083781623098588,71.31005910997933,Fridge repair|TV repair,4.88,0.95,14.66,226
P722,20.02994401011921,79.2309579313204,Fridge repair|Fridge installation,4.32,0.78,20.15,96
P723,20.033852646310734,89.18428184698668,Fridge installation,3.27,0.68,7.05,239
P724,33.176909564468616,76.6234844079457,Fridge installation|TV installation,3.33,0.87,3.07,141
P725,14.056097129343108,69.69839385325149,Fridge repair|TV installation|TV repair,4.1,0.84,26.41,17
P726,18.018944757979924,91.2873445642633,Fridge installation|TV installation|Fridge repair,4.08,0.63,17.84,155
P727,12.990494941126165,93.48430824399452,Fridge repair,4.12,0.95,12.4,26
P728,23.186239065583713,77.25458120479341,Fridge repair,3.94,0.8,7.62,287
P729,21.82832745426061,86.27270067898824,TV repair|TV installation|Fridge repair,4.66,0.91,9.76,262
P730,11.60602940149524,93.37887494001342,Fridge repair|Fridge installation|TV installation,4.94,0.67,22.22,209
P731,31.248844502547843,81.61604129502338,TV installation,3.85,1.0,2.29,42
P732,12.325083952252385,90.7918330100585,Fridge repair|Fridge installation|TV installation,4.24,0.74,26.47,256
P733,14.574028910172785,84.43989109123655,TV repair,3.7,0.84,2.68,181
P734,9.58239684019827,85.38437305010278,TV installation|TV repair|Fridge repair,4.8,0.75,8.06,104
P735,31.79413994992797,91.96388351755542,TV installation|Fridge repair|TV repair,4.18,0.74,24.39,31
P736,14.327055558204922,95.1259666779064,TV repair,3.93,0.78,2.41,260
P737,35.78042993785799,83.69230092148649,Fridge repair|Fridge installation,4.21,0.69,19.52,274
P738,8.609612095060298,91.7686770389082,TV repair|Fridge repair,4.65,0.92,9.93,260
P739,27.329137324098014,70.32306607167847,TV repair,3.88,0.67,7.16,38
P740,19.21450465427536,69.48335596299152,TV installation|Fridge installation|Fridge repair,3.8,0.8,15.53,17
P741,32.33525163405182,72.21447408019462,TV installation|Fridge installation,4.01,0.62,3.99,25
P742,24.414534321746807,93.46297187248925,Fridge repair|Fridge installation,4.12,0.98,3.36,24
P743,30.556526089295073,91.84783423224857,TV repair,4.81,0.81,14.63,275
P744,35.433155805522375,92.42279592286104,TV installation|Fridge repair|TV repair,3.59,0.63,6.76,197
P745,11.57522959966946,83.03828897130629,Fridge installation,3.49,0.74,29.71,34
P746,12.134140095960351,79.0820447701445,TV repair,4.11,0.63,2.12,101
P747,26.612765987241623,79.91287548998874,Fridge installation|TV repair,3.98,0.77,2.67,77
P748,13.135385406521404,70.8543014839397,Fridge repair|TV repair|Fridge installation,4.91,0.84,22.4,103
P749,22.221847056379882,72.9156186641157,TV repair|TV installation,3.1,0.85,7.82,184
P750,34.75059422602761,70.10931348558138,Fridge installation|Fridge repair,3.56,0.74,23.91,44
P751,17.422761037792597,87.931571314893,Fridge installation|TV repair|TV installation,4.92,0.89,15.72,202
P752,19.880513209483055,96.36839938727019,TV installation|TV repair,3.36,0.92,11.36,229
P753,20.180319124574222,84.77243313037965,TV installation|Fridge repair,4.67,0.92,26.26,186
P754,35.7587119420578,93.8140035499605,Fridge repair|Fridge installation,4.3,0.78,20.92,135
P755,23.06873859828722,96.89926295515995,TV repair,3.27,0.87,13.09,55
P756,8.32127802523498,89.17503014600962,Fridge repair|TV installation|TV repair,4.14,0.77,5.57,74
P757,18.276938306597923,76.78206678038353,Fridge installation,4.46,0.88,18.49,86
P758,25.219638326360116,84.69220943056237,Fridge repair|TV repair,3.32,0.79,17.5,97
P759,29.525870375316316,68.73077374981102,TV repair|Fridge installation,3.71,0.91,17.79,143
P760,17.586269066882434,89.5973651070471,Fridge installation,3.82,0.68,16.37,86
P761,20.77563563631685,77.20185884519411,TV installation|TV repair,4.82,0.62,21.43,34
P762,17.252307155634956,80.04990782879992,Fridge installation|TV repair,4.82,0.7,4.56,84
P763,24.960006527867936,95.3027528876759,Fridge repair|TV installation,3.35,0.79,4.56,155
P764,28.718008942644435,78.4877657503903,TV repair|TV installation,3.25,0.7,19.98,162
P765,8.65437083945507,92.98828165627393,Fridge repair|Fridge installation|TV repair,4.15,0.96,18.71,220
P766,25.73774616230978,76.5766793152556,TV repair,3.51,0.73,6.61,245
P767,30.93004195510487,79.1572447187159,Fridge repair|TV repair,3.87,0.84,18.51,79
P768,25.847202614804228,70.36567284272961,Fridge repair|Fridge installation,3.18,0.67,16.51,253
P769,24.79035175007021,68.4236609161576,Fridge repair,3.72,0.84,12.85,177
P770,27.397419400179874,91.16101763034246,TV installation|TV repair,4.87,0.61,6.31,78
P771,21.297038303423445,84.37312852907044,Fridge installation,4.33,0.87,28.09,118
P772,28.884566366997266,76.32941506694937,Fridge installation,4.76,0.62,8.47,18
P773,11.99126229755248,68.02695308922887,Fridge repair|TV installation|Fridge installation,4.81,0.61,7.86,150
P774,27.571902888570488,74.93292513817586,TV installation|TV repair|Fridge repair,4.52,0.9,10.75,69
P775,14.081018045475826,96.32026967636422,Fridge installation|Fridge repair|TV installation,4.29,0.97,10.49,188
P776,33.70235827721581,72.38976396663497,TV repair,3.3,0.73,3.53,139
P777,35.99107951782632,80.41733425614801,TV installation,4.26,0.89,12.27,108
P778,20.396529316833984,86.71133869949526,TV installation|TV repair|Fridge installation,4.49,0.69,13.35,153
P779,31.550250719251693,91.9311297665293,Fridge installation|TV repair|Fridge repair,4.59,0.73,23.43,279
P780,13.301588267637552,95.73246456388748,Fridge installation|TV repair|TV installation,3.75,0.74,3.75,120
P781,15.755043075691123,91.55933100139838,Fridge installation,3.16,0.84,15.6,282
P782,16.77152320638262,92.90224551609265,Fridge installation,4.71,0.91,6.11,224
P783,32.74654728020485,77.51664209825462,TV repair|Fridge repair,3.11,0.87,8.48,124
P784,16.875367820634374,69.84685825757299,Fridge repair|Fridge installation,3.35,0.6,14.47,185
P785,17.53585591760967,87.20709842319087,Fridge installation,4.5,0.92,28.48,233
P786,30.713248185043682,91.29410223527938,TV repair|Fridge repair,4.97,0.84,4.3,205
P787,26.124412702905023,86.51216674519252,TV repair,3.61,0.94,28.87,239
P788,10.55641258596269,73.64151596188604,Fridge installation,4.64,0.87,19.81,72
P789,28.891135959006927,82.82229551619551,TV repair|Fridge repair,4.21,0.78,25.2,233
P790,35.04217878410425,95.08211234254122,TV repair,3.8,0.79,21.76,104
P791,33.49910712855319,89.03577640681087,TV repair|TV installation,3.23,0.76,26.82,88
P792,35.88108196961944,87.69571448126732,TV installation|TV repair,4.26,0.71,8.97,56
P793,33.04105364270434,71.8363504818801,Fridge installation|TV installation|Fridge repair,4.96,0.83,29.87,250
P794,14.424000891280068,69.62869828719607,Fridge installation|TV installation,3.51,0.81,6.8,91
P795,20.779281619304513,93.51752417508342,TV installation,4.01,0.8,5.87,218
P796,21.08673180812032,93.20607086468954,Fridge repair|TV repair|Fridge installation,4.06,0.79,13.5,31
P797,13.675666562889823,91.7873462494018,Fridge installation|Fridge repair|TV repair,4.3,0.77,14.82,139
P798,34.99389817471331,87.1631573610364,TV installation|TV repair|Fridge repair,4.49,0.72,25.68,78
P799,34.700050622579965,78.00548835781242,Fridge installation|Fridge repair,3.11,0.68,13.72,194
P800,11.05675329272884,84.06087977837804,Fridge installation|Fridge repair|TV installation,4.03,0.71,25.02,166
P801,11.490543710089597,69.96053773469912,TV installation,4.45,0.97,14.06,225
P802,16.92338158830547,75.02306486007664,Fridge repair|TV repair,3.15,0.9,21.91,115
P803,11.207504367321665,69.03211669338782,TV installation|Fridge repair,4.99,0.69,3.51,65
P804,26.115255254227787,70.35376250944772,TV repair,3.9,0.9,21.22,198
P805,22.757928032026527,92.9819248946184,Fridge installation|Fridge repair|TV repair,4.73,0.6,23.79,205
P806,36.67637569780623,82.01373020038761,TV installation,4.97,0.9,8.96,202
P807,33.70857327261517,79.56063233217886,TV repair,4.73,0.71,16.97,18
P808,8.202485594530096,79.70094810178298,TV repair|TV installation|Fridge installation,3.47,0.93,11.45,74
P809,35.59050899739408,71.9736063910533,TV repair,4.08,0.67,13.99,194
P810,16.44947111229459,80.10444868754529,Fridge installation|TV repair,3.75,0.95,27.35,51
P811,11.097220416068545,95.64868350208076,TV installation|TV repair|Fridge repair,3.12,0.72,10.35,216
P812,30.711681496787218,71.55243799701368,Fridge repair|TV repair|TV installation,4.27,0.65,3.97,123
P813,13.513734223242466,91.81625448223143,Fridge repair|TV repair|TV installation,4.09,0.63,28.75,228
P814,29.398532039893528,72.03106395077326,TV installation,3.88,0.79,7.94,74
P815,32.256206766583546,82.5715038431202,Fridge repair|TV installation,3.03,0.92,29.46,190
P816,16.241344575640134,76.3800872227107,TV installation,3.75,0.76,17.25,105
P817,28.04615324979369,72.8594296398307,Fridge installation|Fridge repair|TV installation,3.62,0.8,24.3,297
P818,19.92491794914377,87.23751348642575,Fridge repair,3.24,0.76,24.21,54
P819,13.392883719165113,95.57374113757652,Fridge installation|Fridge repair|TV installation,3.42,0.7,29.15,106
P820,9.249903159501397,73.19375324051727,Fridge installation|TV installation|TV repair,3.78,0.98,5.95,64
P821,32.04536856824006,82.73610984129064,Fridge installation|TV repair,4.24,0.79,15.39,44
P822,26.202397437605452,73.56846645746107,Fridge installation|TV repair|Fridge repair,3.29,0.98,27.69,12
P823,31.95228665424563,88.20028066217733,TV installation|Fridge installation,4.85,0.93,17.73,189
P824,26.433714336625783,78.32277543064858,Fridge installation,3.3,0.84,24.8,135
P825,15.01330766704524,80.35392806458441,TV installation|Fridge installation,4.94,0.86,17.8,213
P826,25.42741905159385,88.18631598544414,Fridge repair,3.73,0.93,7.71,196
P827,31.22722292470148,73.22460078424596,Fridge repair,3.22,0.95,11.6,224
P828,19.95862813096575,70.09603147962213,TV repair|TV installation|Fridge repair,4.15,0.94,22.31,185
P829,14.983310666122025,79.21741001950451,TV installation,3.16,0.66,10.34,154
P830,14.71637171815307,92.6187922148061,Fridge repair,3.79,0.7,24.75,282
P831,12.68914204494562,96.00913727183165,TV repair|Fridge installation,3.41,0.9,17.31,192
P832,16.18866965223703,70.34765834735495,TV installation,4.75,0.89,10.44,54
P833,17.50730776665099,78.79038539392398,TV installation|Fridge installation,4.52,0.74,28.66,56
P834,33.54595965579782,69.438571342135,TV repair|Fridge installation,3.51,0.79,8.36,28
P835,10.526169394381586,82.13414880848924,TV repair,4.38,0.7,19.48,190
P836,13.519772277756378,94.59939716292102,Fridge installation|TV repair|Fridge repair,4.11,0.72,14.06,193
P837,17.913622215600487,80.57713560829102,TV installation|Fridge repair,4.7,0.75,24.23,127
P838,26.0731008189722,89.50719133610478,Fridge repair|TV installation,4.61,0.94,13.06,58
P839,8.58067366223344,69.81270130380192,Fridge repair|TV installation,3.77,0.83,15.0,143
P840,26.407580092016858,73.40617434076526,Fridge repair|Fridge installation,4.5,0.82,7.71,208
P841,22.055995991152916,68.77916196730312,Fridge installation|TV repair,3.76,0.64,16.88,11
P842,20.386046315449953,81.7779098800599,Fridge installation|TV installation|TV repair,4.8,0.81,21.8,225
P843,27.739498823546374,87.3352143658701,Fridge repair|TV installation,4.02,0.77,3.51,243
P844,36.34123087213095,75.02825715896611,TV installation,4.33,0.94,17.42,93
P845,32.85196802851093,95.22272442584702,TV installation|TV repair|Fridge installation,3.98,0.88,25.96,87
P846,24.63333512077459,77.90759226802746,Fridge installation|TV installation|TV repair,4.3,0.63,27.13,287
P847,11.136495422627345,92.42109901202184,Fridge repair,4.23,0.73,7.37,57
P848,24.933659388572924,74.00281443610669,Fridge installation,4.7,0.63,11.97,78
P849,13.272711932282824,80.48004943879381,TV installation|Fridge installation|Fridge repair,3.33,0.88,16.99,280
P850,12.075866711870745,76.30773839459292,Fridge installation|Fridge repair,4.04,0.9,25.42,115
P851,27.34089597630174,80.62649337859278,Fridge installation|TV installation|TV repair,4.91,0.89,28.04,128
P852,15.508223969001047,69.53197390457694,Fridge repair|TV repair|Fridge installation,4.45,0.65,10.48,266
P853,24.368081045612684,85.41691271262695,Fridge installation|TV repair|Fridge repair,3.33,0.75,19.28,141
P854,24.897898250082903,71.59911366369954,TV repair|Fridge installation|Fridge repair,3.24,0.89,7.15,134
P855,27.333883904882878,86.07800741283731,Fridge installation,4.2,0.8,16.8,148
P856,11.954739496559409,89.11235547608973,TV installation,4.63,0.7,23.68,262
P857,27.090915745675794,80.6937879230727,TV installation,3.55,0.82,11.72,176
P858,33.908737143551626,79.24719381756174,TV installation,3.58,0.89,25.42,198
P859,21.768301175265886,77.75337843383967,Fridge installation|TV installation|TV repair,4.84,0.6,17.48,251
P860,9.83008470435084,77.41366588679469,Fridge installation|Fridge repair|TV installation,4.35,0.73,7.03,66
P861,14.861683698517712,82.02144446809731,TV repair,3.86,0.63,4.97,292
P862,15.405247156638143,92.0113174415653,Fridge installation|TV repair|Fridge repair,3.76,0.99,15.06,288
P863,9.057370473942935,69.52957461270431,Fridge repair|Fridge installation|TV installation,4.67,0.65,3.26,241
P864,35.369565229682706,75.27581917948903,Fridge installation,3.2,0.76,19.27,255
P865,26.959815782609386,78.15576174967336,TV repair,4.23,0.95,8.48,186
P866,36.021954634697394,96.1321592433345,TV installation,4.73,0.84,21.62,51
P867,26.292342185006,81.21383693375645,TV installation,3.96,0.9,9.89,149
P868,34.814611942730465,69.6305045506782,Fridge repair|TV installation|Fridge installation,3.97,0.97,19.09,191
P869,15.242581197651301,77.954989182869,TV repair|TV installation,4.7,0.82,16.41,85
P870,34.280772063619025,89.55962004472964,Fridge installation|Fridge repair,4.07,0.94,21.46,136
P871,27.81031428596835,95.04443455247286,TV installation,4.15,0.65,18.29,197
P872,31.259109838203187,72.65721715625595,TV repair|Fridge repair,4.07,0.68,22.14,178
P873,11.807351188139902,76.98105962205048,TV repair|Fridge installation|TV installation,3.4,0.96,23.29,264
P874,26.138863752315178,72.49086964828582,Fridge installation|Fridge repair,3.75,0.68,21.48,160
P875,17.45893736971935,81.58815284314291,TV repair|Fridge repair,3.3,0.99,7.85,160
P876,35.61077389793479,77.91410729514638,TV installation,4.97,0.94,24.64,99
P877,31.683002052847083,93.6719274825194,Fridge installation,3.17,0.82,27.57,191
P878,26.014403343628413,71.50165244100373,Fridge repair|Fridge installation,4.95,0.67,14.47,67
P879,18.53871402798338,95.20725400321695,TV repair,3.55,0.73,21.62,209
P880,34.78628028893993,96.92802580400758,TV installation,3.06,0.69,10.69,230
P881,19.229471095096002,76.20019825474286,Fridge installation|TV installation|TV repair,3.61,0.99,20.0,290
P882,19.74930805667379,74.93142150531236,Fridge repair,4.26,0.86,25.81,72
P883,26.954016331288177,75.94567466474753,TV repair|Fridge installation|TV installation,4.19,0.8,5.73,216
P884,16.459110070925995,94.80497744452418,TV installation,3.46,0.72,12.34,227
P885,11.428913381692075,95.66441116231951,TV installation|Fridge repair|Fridge installation,4.73,0.83,20.87,99
P886,25.336432388643907,87.27743694241454,Fridge repair,3.84,0.88,13.5,208
P887,15.435977803269314,95.08536125019106,TV installation,3.26,0.92,16.22,177
P888,17.010744521031974,82.92019846704912,Fridge installation|Fridge repair|TV installation,4.71,0.79,12.07,194
P889,31.136335758891104,93.06662172722322,TV installation|Fridge repair,3.91,0.79,12.81,204
P890,28.21782137442016,70.41346892003409,TV repair|Fridge repair|TV installation,4.73,0.79,3.93,205
P891,33.45473274101612,73.91584350467224,TV repair,4.65,0.82,3.53,165
P892,17.030076256884946,79.64920989003352,TV installation|TV repair,4.01,0.94,20.22,54
P893,13.58761549811431,71.74306616099557,Fridge installation|TV installation,3.6,0.91,15.21,16
P894,8.276757238949573,70.18374157435562,Fridge repair,3.75,0.93,2.2,51
P895,17.54768784490044,69.5219695928921,Fridge installation|TV repair,3.9,0.7,11.85,137
P896,9.455085159279246,70.80414223383944,Fridge installation|TV installation,4.44,0.71,7.16,222
P897,10.297181350242754,69.36469300434055,Fridge installation,3.04,0.68,13.6,175
P898,21.254730118707513,76.41739805580335,Fridge repair,4.12,0.64,19.07,230
P899,30.96779796876558,96.6139407368937,TV repair,3.5,0.8,27.45,80
P900,17.738674574604502,85.83702286642624,Fridge repair,4.85,0.98,16.25,191
P901,33.82278749203149,75.61890736327778,Fridge installation,3.94,0.73,28.66,28
P902,19.744089033909468,96.96499513865399,TV installation|Fridge repair|Fridge installation,3.11,0.83,4.31,162
P903,20.74732531141406,82.8033438090468,Fridge repair|TV repair,3.52,0.73,4.44,193
P904,36.030194742035775,95.39651406850197,TV repair,3.67,0.83,27.47,284
P905,35.50271703087865,70.64844629567315,Fridge installation|TV installation,3.32,0.98,17.05,26
P906,8.697195883626696,83.49005118793522,TV repair|Fridge installation,4.38,0.9,7.97,255
P907,23.60838295418578,83.46638288792855,TV installation,3.81,0.67,29.37,206
P908,9.674491304544045,92.5053548775175,Fridge installation|Fridge repair,3.12,0.71,4.91,155
P909,10.626224560426694,87.37209427154741,Fridge installation|TV repair|Fridge repair,3.27,0.94,24.88,288
P910,19.15095859748173,78.06180956095,Fridge repair,3.86,0.91,15.56,223
P911,31.102701201439004,77.80146496362525,TV repair|Fridge repair|TV installation,4.41,0.68,23.02,19
P912,15.564628132900578,68.26352401358527,TV repair|TV installation,4.3,0.8,14.47,36
P913,28.501733236309256,86.97604732993287,Fridge installation|TV repair,4.75,0.7,14.6,263
P914,27.139810053924197,79.27428397298631,TV installation|Fridge repair|TV repair,3.26,0.7,18.27,210
P915,15.075863768221694,96.03529259851814,Fridge installation|TV repair|Fridge repair,4.92,0.7,11.75,13
P916,32.286038257420394,77.36670081212918,Fridge repair|TV installation,4.78,0.66,6.84,168
P917,15.930760945874415,89.3577220639531,TV installation|TV repair,3.1,0.62,12.82,10
P918,29.67162916923585,69.38950216948668,Fridge installation,4.9,0.88,2.19,155
P919,30.601589939718473,83.15240745782707,Fridge installation|TV installation,4.28,0.91,13.34,261
P920,19.045820516115214,82.3852390544809,TV repair|TV installation,3.02,0.8,29.62,188
P921,14.118126827978562,92.40703821874044,TV installation|Fridge repair,3.06,0.94,14.89,12
P922,11.879566204825071,95.64590785988881,Fridge installation|Fridge repair|TV repair,3.15,0.68,11.74,16
P923,15.36555784791135,93.4530731860076,TV repair|Fridge installation,3.18,0.89,9.59,220
P924,19.923185757919626,88.41691212515805,TV repair|TV installation,3.43,0.75,12.95,13
P925,33.27599060300979,80.13202841731898,Fridge installation|TV installation,3.89,0.72,22.06,65
P926,22.67184820424542,90.554109391966,Fridge repair|TV installation,4.72,0.94,12.07,282
P927,13.3030712758913,74.73971734021798,TV installation|Fridge installation|Fridge repair,4.27,1.0,23.78,75
P928,17.551998809760196,88.10794861704672,TV installation|Fridge installation|Fridge repair,4.53,0.72,24.73,236
P929,31.66667823451358,96.53328455301775,Fridge installation,4.82,0.94,3.47,190
P930,24.50051263481956,83.4128981421728,Fridge repair|Fridge installation,3.92,0.76,14.07,137
P931,15.965310223849258,81.75861251026805,Fridge installation|Fridge repair|TV repair,3.67,0.83,26.89,193
P932,23.859554039835558,88.71933083268767,Fridge installation|TV installation,3.89,0.61,14.58,75
P933,34.95983862333852,71.61378818467149,Fridge repair|TV repair,4.3,0.62,14.49,208
P934,16.640693008189096,81.19719343009115,TV installation|Fridge repair|TV repair,3.33,0.72,19.39,175
P935,31.43076251516155,90.26517391371578,TV repair|Fridge repair|TV installation,3.23,0.86,25.36,174
P936,30.178511021627585,75.70117034236,TV installation|Fridge installation|Fridge repair,4.61,0.7,25.06,252
P937,16.486997832354827,83.81741055613968,TV repair|TV installation|Fridge repair,3.27,0.88,24.26,234
P938,10.99328281749099,84.96601989284119,Fridge repair,3.98,0.81,20.67,101
P939,33.17198816495761,92.01739021038014,Fridge repair,4.25,0.63,5.15,137
P940,20.900341420875357,94.08296314285244,TV installation|Fridge repair|Fridge installation,3.27,0.75,24.99,62
P941,32.21423978480591,88.60019352065763,TV repair|TV installation,3.23,0.89,9.7,134
P942,12.947432614027687,80.66597671756517,Fridge installation|Fridge repair|TV installation,3.93,0.92,18.88,20
P943,8.714687734453358,88.20398064832271,Fridge installation|Fridge repair|TV repair,4.45,0.93,29.28,55
P944,8.627721279062524,70.6615505876641,TV repair|Fridge installation,4.36,0.95,16.4,168
P945,15.397709552139002,90.26841454537762,Fridge repair,4.5,0.84,7.95,219
P946,9.862918699856651,85.18818593264345,TV repair,4.65,0.94,14.98,239
P947,34.928110453929946,86.59149700388262,Fridge installation|TV installation|Fridge repair,3.62,0.81,3.85,186
P948,36.45030100537951,87.19251112865831,TV repair,4.63,0.9,21.59,264
P949,15.776153658745704,77.15438595375791,Fridge repair,3.25,0.86,3.11,268
P950,33.221180660697385,93.83413230039938,TV installation,3.9,0.78,4.16,164
P951,31.816523190812518,75.09499658353668,Fridge repair|TV installation,3.84,0.94,26.56,273
P952,20.938328437257915,87.47814669893907,TV installation|Fridge installation,3.67,0.7,19.67,257
P953,9.414223245581072,92.46813498859747,Fridge installation,3.88,0.74,17.3,280
P954,27.829857825806364,89.84044656821055,Fridge repair,4.45,0.95,7.3,46
P955,9.653069239006086,85.04615503177885,TV repair|Fridge installation,4.68,0.61,3.37,175
P956,13.882743923108091,96.95124394055775,TV installation|Fridge installation|Fridge repair,4.08,0.71,29.85,99
P957,20.781432191443642,75.55169015484934,Fridge installation|TV repair,4.68,0.89,21.23,51
P958,13.970577657171313,78.22195036135719,Fridge installation|TV installation|Fridge repair,3.25,0.65,20.93,138
P959,10.244935007557768,82.87222551061912,Fridge installation,3.69,0.73,18.86,62
P960,30.66240057388657,88.39503960424109,Fridge installation|TV installation|TV repair,4.67,0.62,22.93,112
P961,35.55890339834926,76.69821620414385,TV repair|Fridge repair,3.04,0.77,2.92,246
P962,24.813992471155697,72.82860286443594,TV repair,4.42,0.67,8.59,33
P963,12.182960612425003,90.0103281237669,TV repair|Fridge repair,4.0,0.96,6.11,252
P964,14.753495238402635,72.54605243089753,TV installation,4.37,0.84,23.14,124
P965,34.43735449754579,94.91241286515205,TV installation|Fridge repair|TV repair,3.33,0.6,29.55,187
P966,24.373228357419325,75.31735958364861,Fridge installation|TV installation,4.83,0.71,27.08,185
P967,27.04031836958992,94.30258003470907,Fridge installation,3.34,0.99,14.68,173
P968,13.51660999378399,83.1056876983197,TV installation|TV repair|Fridge installation,3.94,0.63,24.91,45
P969,12.172171023956563,71.03515277004796,TV repair|Fridge repair,3.85,0.92,5.96,31
P970,21.118636016990536,89.275642370569,TV installation|Fridge installation|Fridge repair,4.68,0.82,4.43,189
P971,31.822666330509534,78.26787230829773,TV repair|Fridge repair,4.31,0.81,20.96,112
P972,8.512431299067583,70.98027903684367,TV installation,3.34,0.77,16.29,252
P973,32.139340209355325,96.75710594587562,TV repair|Fridge repair,3.33,0.88,20.88,68
P974,27.88390072869078,74.5620426901704,TV installation,3.26,0.95,9.7,220
P975,32.85581124868756,91.69610587583608,Fridge repair|TV repair,3.9,0.8,8.1,21
P976,17.00075578413548,90.1017589930594,TV repair|TV installation,4.87,0.98,6.89,146
P977,26.09928918132398,81.74821165912788,Fridge installation|Fridge repair|TV installation,4.75,0.71,2.1,123
P978,28.910585166038285,75.45741818216378,Fridge installation|Fridge repair|TV installation,4.44,0.61,12.51,91
P979,21.274570697820188,70.77121401479172,TV repair|TV installation|Fridge repair,4.8,0.97,29.43,123
P980,25.28526426885177,71.11606602623833,TV installation|Fridge repair,3.03,0.96,9.55,67
P981,8.204244524100114,91.35938533493508,Fridge repair|Fridge installation|TV repair,3.15,0.77,21.01,61
P982,34.55861609753157,82.58339008190197,TV installation|Fridge installation|TV repair,4.59,0.65,29.37,146
P983,9.791109202415791,89.29615102472357,Fridge repair,4.04,0.69,23.89,194
P984,15.559187990155161,70.68332807663485,TV installation,3.8,0.77,16.41,188
P985,12.82961689142083,96.59912712122716,TV installation|Fridge repair,4.64,0.71,3.96,181
P986,11.490966335660481,84.84228892481823,Fridge installation|Fridge repair,4.86,0.8,25.6,67
P987,9.832309808946569,85.72310417312613,Fridge installation,4.97,0.74,23.08,295
P988,10.05020163734662,78.48466544512574,TV installation|Fridge installation,4.07,1.0,15.29,135
P989,32.9090381304171,77.99832324009635,TV installation|Fridge repair|TV repair,3.78,0.96,24.78,20
P990,26.270541737945994,80.10410531221373,Fridge repair|TV repair,3.29,0.64,2.47,287
P991,16.037186204327433,81.04063233832788,Fridge repair,3.69,0.67,19.42,107
P992,12.712820893626233,95.83262592239711,TV repair|TV installation,4.7,0.95,13.39,216
P993,8.55387678125805,88.00394617207311,Fridge installation,4.89,0.85,14.19,92
P994,23.022445118347072,68.21643107209937,TV installation,3.85,0.89,14.4,106
P995,14.757549967508208,91.58111812997004,Fridge installation|TV installation,4.18,0.68,8.63,229
P996,10.00992541811055,84.7683330554754,Fridge installation|TV installation|Fridge repair,4.2,0.9,2.82,116
P997,20.994479131209218,82.14910566309976,TV installation|TV repair,3.41,0.85,12.04,48
P998,22.714303187469554,80.80361377515408,TV repair|Fridge installation|TV installation,3.26,0.72,26.33,59
P999,21.0827720241374,88.84227871321109,Fridge repair,4.17,0.8,7.38,256
P1000,14.314022065168164,75.2598677540602,Fridge repair,4.66,0.79,15.63,149
P1001,26.31478698160865,83.7452728901905,Fridge installation,3.26,0.75,4.78,150
P1002,21.30244835435861,73.26731123448583,Fridge installation|Fridge repair|TV repair,3.6,0.62,15.11,278
P1003,35.07383322419399,95.04546401760567,TV repair|TV installation|Fridge repair,3.25,0.75,2.79,256
P1004,16.27671798543925,84.9884434322421,TV repair|Fridge repair|TV installation,3.22,0.99,6.89,142
P1005,35.97015852569177,76.39365467287064,TV installation|Fridge installation|TV repair,3.96,0.99,2.14,38
P1006,33.88160372460834,70.28017461870299,TV installation|Fridge installation|TV repair,3.66,0.7,29.66,108
P1007,23.46594251130348,96.88381582392029,Fridge repair|TV installation,4.6,0.94,19.79,152
P1008,19.922691069521996,74.79542690386528,Fridge installation,3.04,0.95,29.04,73
P1009,16.684273994093385,75.79685047422097,TV installation,5.0,0.94,13.42,38
P1010,12.63032413164737,90.91241424917169,Fridge repair,4.23,0.62,19.43,96
P1011,11.886721935250762,71.35704134114341,Fridge installation|TV repair|Fridge repair,4.69,0.66,16.57,53
P1012,22.032440672363514,94.02843746914044,TV installation,4.82,0.63,28.22,85
P1013,31.59759785196193,74.29599365462683,Fridge repair,4.08,0.99,6.14,94
P1014,35.61554227250738,69.44594424557576,Fridge repair|Fridge installation|TV repair,3.3,0.82,18.12,103
P1015,19.590082060486857,96.50294341780719,Fridge repair|TV installation,4.07,0.8,9.22,114
P1016,8.416815601555552,69.43586626136651,Fridge repair|Fridge installation|TV repair,4.2,0.74,28.69,29
P1017,22.470070382402998,70.09418237472045,Fridge installation,4.37,0.8,23.42,178
P1018,12.33206745056653,86.79945166825684,Fridge repair,3.34,0.95,19.17,103
P1019,10.114055104277995,86.17815422803695,TV installation|Fridge repair|TV repair,3.51,0.92,24.9,78
P1020,21.193749512104375,89.85079255794794,TV installation,3.26,0.82,17.29,214
P1021,32.74525915844886,92.82845503784515,Fridge repair|TV repair|TV installation,3.2,0.64,9.36,181
P1022,11.738174967131469,88.87990727619594,TV installation|Fridge repair,3.2,0.85,11.97,24
P1023,14.777023015935544,86.53685305230883,Fridge repair|Fridge installation|TV installation,3.47,0.89,26.46,155
P1024,33.1312749692696,85.21368237801464,Fridge installation|TV repair,3.25,0.77,6.5,38
P1025,30.00717589812054,71.06809908791116,TV repair|TV installation|Fridge repair,4.01,0.93,28.21,66
P1026,18.48312734483255,78.40308356683687,Fridge repair|TV installation|Fridge installation,4.06,0.83,24.31,86
P1027,31.358522208177018,77.81972564426634,TV repair|Fridge repair,3.11,0.82,18.46,198
P1028,29.055778455811758,94.61540692233875,Fridge installation,4.82,0.84,16.78,205
P1029,36.37159342264019,90.4218630606618,Fridge repair|TV repair|TV installation,3.21,0.91,6.78,231
P1030,16.905544557447215,69.01961825786464,Fridge installation,3.65,0.82,17.45,21
P1031,16.656299844173937,87.49849388003364,Fridge installation,3.66,0.71,7.16,143
P1032,21.27517376841989,90.02608431279138,Fridge repair|TV installation,3.41,0.88,2.59,268
P1033,22.18909857049649,76.29660773890656,TV installation|Fridge repair,4.45,0.98,27.68,246
P1034,32.72373670138951,73.74769520622837,Fridge repair|Fridge installation,4.75,0.74,22.24,294
P1035,11.672476640032857,73.17707388890537,TV repair,3.99,0.63,7.49,118
P1036,24.9150097170338,89.30801937663198,Fridge installation,3.64,0.61,5.56,46
P1037,28.36956291133736,87.10815239067085,TV repair,4.98,0.71,20.82,62
P1038,11.19213904525066,79.11824804532796,Fridge installation,4.67,0.95,18.88,96
P1039,11.33951783468324,85.05565589856779,TV repair|TV installation,4.33,0.68,26.64,116
P1040,10.247025170108998,68.52284125980846,TV installation,3.2,0.76,28.13,288
P1041,32.6344684679281,83.45256683621454,Fridge repair|TV repair|TV installation,3.94,0.99,22.73,148
P1042,30.71164084180918,72.87542483033403,Fridge repair,4.02,0.79,19.5,200
P1043,27.50668596227691,73.02848591997746,TV repair|TV installation,4.45,0.8,21.04,290
P1044,29.55723397153036,88.97657881582492,TV installation|TV repair|Fridge installation,3.27,0.93,6.33,160
P1045,18.796905858618388,75.3852492108089,Fridge repair|Fridge installation|TV repair,3.98,0.76,29.62,110
P1046,26.836745799506154,76.77607230493389,TV repair|Fridge repair,3.92,0.71,12.34,104
P1047,22.846220289775907,83.28322111286448,TV repair,4.12,0.67,7.54,267
P1048,28.96865663834956,82.72481240401727,Fridge installation,4.0,0.64,12.91,167
P1049,31.278224754744627,90.85301933767565,TV installation,3.59,0.65,6.08,238
P1050,10.927307141135566,73.77132753804045,TV installation|Fridge repair|Fridge installation,5.0,0.6,19.88,33
P1051,15.05983588619691,92.42361819532033,TV repair,3.42,0.63,21.69,171
P1052,23.12964223964063,75.61742232458406,Fridge repair|TV repair|TV installation,4.53,0.97,15.54,215
P1053,19.66555199682272,69.48550459572509,TV installation|Fridge installation|TV repair,3.99,0.65,13.23,109
P1054,30.4123624193686,91.2919448373492,Fridge installation,3.31,0.75,12.45,235
P1055,18.486612234336295,79.786137689062,TV repair,4.62,0.75,3.32,62
P1056,11.519785811909971,96.59209089012262,Fridge repair,4.56,0.76,18.2,165
P1057,8.11483834735214,82.53371921226721,Fridge repair|TV repair,3.77,0.99,6.46,272
P1058,27.309094001904015,74.24987286888529,TV installation|Fridge repair,3.44,0.89,16.01,124
P1059,25.59476985713011,72.83683272032656,TV installation|TV repair|Fridge repair,4.59,0.89,4.41,48
P1060,13.045344586132304,77.78683432567618,TV installation|Fridge installation|Fridge repair,3.04,0.76,17.4,264
P1061,34.61042019159511,87.52022909561133,TV installation|Fridge repair|TV repair,4.98,0.95,15.24,31
P1062,12.541771631886846,96.26804235874967,Fridge installation|TV repair,4.69,0.8,29.48,116
P1063,17.88748624763568,94.08587018779298,TV repair,4.88,0.87,20.6,234
P1064,32.23066651176752,95.88676999456521,TV repair,4.55,0.85,18.99,15
P1065,13.653340300134635,91.97916756802749,Fridge installation|TV installation|Fridge repair,4.13,0.9,21.98,298
P1066,20.888787772473464,72.1069001046119,TV installation|TV repair,3.2,0.81,4.38,146
P1067,12.140783463368656,79.29360572225252,TV repair|Fridge installation,4.9,0.73,26.31,290
P1068,16.520039648975498,87.48952367465549,Fridge repair|Fridge installation|TV repair,4.4,0.75,2.5,185
P1069,20.83699059955256,82.07273552793603,Fridge repair|TV repair|Fridge installation,4.56,0.75,14.41,228
P1070,8.391895626879295,78.523108692858,Fridge installation|TV installation|TV repair,4.2,0.94,26.88,230
P1071,16.048161342169387,95.0689806836802,Fridge installation,4.45,0.83,20.14,275
P1072,27.865176513232182,88.52484302055655,TV repair|Fridge installation,3.72,0.63,13.94,19
P1073,27.391455662038897,77.14707534650182,TV repair|Fridge repair,4.37,0.95,8.65,226
P1074,28.798261964355973,83.60474525951223,Fridge repair,4.02,0.7,22.85,65
P1075,30.110891136233903,94.10905494766024,TV installation|Fridge installation,4.33,0.64,20.82,244
P1076,31.367153630506607,91.93221133291324,Fridge installation|TV installation|TV repair,4.74,0.77,21.54,67
P1077,28.58237545922959,68.21337705913702,TV repair|Fridge installation,4.04,0.62,17.94,71
P1078,36.084154784511824,83.6760275862788,TV repair|Fridge installation|TV installation,3.92,0.98,20.86,161
P1079,34.274553060286536,83.70631076115612,TV repair,4.26,0.7,24.42,152
P1080,12.763843034221914,82.60786360310874,Fridge installation,4.66,0.87,11.47,233
P1081,34.45401956622628,74.07110358213886,Fridge repair|Fridge installation|TV installation,3.08,0.9,25.17,249
P1082,9.557215279379898,71.08112554561725,Fridge installation|TV repair,3.35,0.88,20.08,56
P1083,21.328827800254867,86.22661310242347,TV installation|Fridge installation|TV repair,4.11,0.9,9.83,95
P1084,10.556125058332972,79.99630018391301,TV repair|Fridge repair,4.5,0.88,29.74,247
P1085,22.447489676045393,77.5563819994459,TV installation,3.88,0.94,21.16,132
P1086,31.09228480534123,84.90896284824217,Fridge repair|TV installation|TV repair,4.92,0.86,16.64,175
P1087,19.998254029829567,76.67820415854464,Fridge installation|Fridge repair,4.5,0.68,7.75,88
P1088,13.775550030314943,80.31903125861095,TV repair,3.77,0.97,23.33,233
P1089,15.813118790557578,93.73580903182214,TV repair,3.27,0.73,18.43,258
P1090,12.550176100237483,95.47938866339724,TV repair|TV installation,4.53,0.71,18.54,95
P1091,29.308092529304986,75.31217471932936,TV repair|TV installation|Fridge installation,3.98,0.63,19.3,142
P1092,18.981552089210723,95.67826062931114,TV repair,4.75,0.88,21.98,17
P1093,28.962336913106157,68.94211130401479,TV installation|Fridge repair|TV repair,4.19,0.82,29.13,113
P1094,20.498648307058524,76.35677116363459,Fridge installation,4.21,0.62,4.65,32
P1095,34.29294561160797,73.54602174320752,Fridge repair|TV repair,4.23,0.76,3.15,122
P1096,15.691627152577563,87.89664346436112,TV installation|Fridge repair,4.9,0.71,24.72,54
P1097,23.605509291154583,70.04595184758695,TV repair|Fridge installation,4.87,0.91,20.42,276
P1098,26.778074071534732,96.09938751805444,Fridge installation|TV installation,4.43,0.97,16.48,241
P1099,23.662300335743677,89.73881424724543,TV repair|TV installation|Fridge installation,4.46,0.85,12.07,92
P1100,36.14271791763883,71.25919203645425,Fridge installation|Fridge repair,3.54,0.8,25.43,186
P1101,16.031683925613684,69.90814831606193,TV repair|TV installation,4.41,0.7,12.88,286
P1102,11.788397065163432,78.78326675242616,TV installation|Fridge installation|TV repair,3.05,0.69,23.85,103
P1103,25.62288359047352,96.5182293933566,TV repair|Fridge repair,4.68,0.61,20.44,237
P1104,24.22888881369699,76.10101053700558,TV repair|Fridge installation|Fridge repair,3.7,0.97,7.79,299
P1105,31.17338222738668,82.74589202393275,TV repair,3.47,0.94,22.36,24
P1106,23.575420212113002,89.37935748356784,TV repair,4.25,0.79,28.87,86
P1107,34.3247732069959,89.16334483563676,Fridge repair|TV installation,4.47,0.63,12.07,238
P1108,24.083994245123204,94.14730565510445,TV installation,4.85,0.6,4.11,112
P1109,33.1710326180618,82.49081367820422,Fridge installation,3.12,0.89,19.46,122
P1110,24.209643967840933,77.75541797868438,Fridge repair,4.04,0.99,21.5,202
P1111,22.580719813553735,72.18865804049724,Fridge installation,3.88,0.73,16.61,61
P1112,15.502447039404313,68.75098603723507,Fridge repair|TV installation|TV repair,3.57,0.82,2.04,154
P1113,17.3822137983741,73.33057379497264,Fridge repair|TV repair|Fridge installation,4.15,0.66,11.97,158
P1114,24.243363507271102,79.20741436551012,TV installation,3.84,0.82,2.16,279
P1115,12.913249660704164,86.46782246424624,TV repair|TV installation|Fridge installation,4.95,0.93,3.68,229
P1116,34.84190726651788,82.58826867915363,Fridge repair|TV installation,4.32,0.97,26.47,211
P1117,27.405470510510675,79.8988079343072,TV repair|Fridge repair,3.94,0.62,7.35,161
P1118,28.158474662427253,85.87097883058776,TV repair|TV installation,3.97,0.76,27.45,21
P1119,15.30794842767808,94.70193708058727,Fridge repair,4.16,0.81,18.7,212
P1120,23.08391058575586,81.76691268671817,Fridge repair|Fridge installation|TV repair,3.52,0.93,27.19,52
P1121,13.665409864609643,70.51571042954006,Fridge repair|Fridge installation,4.21,0.62,20.84,31
P1122,27.220786249566245,85.11495243584258,TV installation|Fridge repair,3.85,0.68,10.56,262
P1123,26.90417471578057,90.60500748965133,TV installation|TV repair|Fridge repair,4.53,0.99,10.0,276
P1124,18.02405113071392,89.55553978149823,TV repair|Fridge installation,3.88,0.93,17.38,150
P1125,23.215496893883046,86.54186921574049,Fridge repair|Fridge installation|TV repair,3.68,0.96,18.45,275
P1126,21.04431573042843,89.9343255875654,TV repair|Fridge repair,4.59,0.8,27.05,212
P1127,19.90736221990973,94.05931040650013,Fridge repair|TV repair,4.79,0.87,26.05,80
P1128,13.742087878919051,80.70263209415955,TV installation,3.82,0.77,18.4,52
P1129,15.28456813352955,77.29645999447847,Fridge installation|TV repair,3.27,0.72,18.02,266
P1130,31.44237685244414,79.25369575356775,Fridge repair,4.59,0.72,4.04,287
P1131,19.44198274915982,90.98808461263195,TV repair,3.56,0.86,26.45,212
P1132,9.834348858061707,71.8195765209843,Fridge installation,4.72,0.85,9.09,35
P1133,9.259567359833486,75.5698233545396,Fridge repair|TV installation|TV repair,4.75,0.9,2.49,38
P1134,28.12981796531087,68.46761474479423,TV repair|Fridge repair|Fridge installation,3.75,0.74,17.22,147
P1135,30.91380983805714,74.31564325125949,Fridge installation|TV repair|Fridge repair,4.35,0.92,17.73,35
P1136,27.19394905423516,78.31036411740823,TV installation|TV repair,4.62,0.72,17.99,240
P1137,8.113509066326328,74.58902265712813,Fridge repair|TV installation,3.81,0.94,24.36,62
P1138,15.09167284654468,74.5923400610308,Fridge repair|TV installation,3.68,0.8,14.28,155
P1139,31.88858939545669,92.85384182158676,Fridge repair|TV repair,3.83,0.64,14.26,16
P1140,21.589452493523787,85.1477333187741,TV installation,4.77,0.96,22.88,134
P1141,25.285854001917258,70.59991470583469,TV repair,3.67,0.64,28.92,295
P1142,21.748960199425742,68.11907988402601,TV repair,3.02,0.77,6.34,46
P1143,24.331767265164693,95.36944948999967,Fridge installation,3.01,0.7,28.28,42
P1144,30.16329634401247,90.90926050048641,Fridge repair|TV installation,4.28,0.94,22.65,51
P1145,27.69597928660179,70.14817230910299,Fridge repair,4.99,0.76,10.05,50
P1146,25.03308594604781,73.05210957707034,Fridge installation,4.93,0.67,6.97,171
P1147,36.97701166935978,76.3185527237688,Fridge installation|TV installation,3.56,0.66,6.59,296
P1148,36.2031523733762,83.77686899354269,TV repair,4.12,0.81,19.1,17
P1149,17.519397589042775,71.27237579098964,Fridge repair,4.74,0.85,6.61,113
P1150,12.550600889079588,68.43565371743642,TV repair|Fridge installation|TV installation,3.63,0.84,5.87,266
P1151,21.975104846189346,82.59087308770127,TV repair,3.63,0.89,26.49,114
P1152,35.29522612949988,92.99452960242945,TV installation|Fridge installation|Fridge repair,4.13,0.76,11.32,74
P1153,11.089986169267277,87.96237112249608,TV repair|Fridge repair|TV installation,3.52,0.7,29.95,118
P1154,10.843291605217255,83.27769781546199,TV installation|TV repair,3.11,0.64,8.14,108
P1155,23.526986729832565,90.86358639740246,Fridge installation|Fridge repair,4.64,0.98,25.08,214
P1156,17.17759473778346,90.44585753152626,TV installation|TV repair|Fridge installation,3.1,0.61,24.28,139
P1157,11.795553018053702,74.83141210324054,TV installation,4.87,0.94,21.87,224
P1158,31.204426803360768,95.03174389363893,TV repair,4.54,0.9,8.55,203
P1159,23.010384486560426,71.6085920304559,TV installation,4.92,0.72,25.88,24
P1160,22.8342435834753,94.63712438285052,TV installation,4.81,0.66,12.27,148
P1161,12.622451658370663,96.07264298932643,Fridge repair|Fridge installation,4.83,0.67,5.39,163
P1162,22.919120597644643,77.59876648049868,TV repair|Fridge repair|TV installation,4.67,0.72,16.21,205
P1163,14.575999904614964,95.01322122064886,TV repair,4.82,0.91,2.54,162
P1164,34.378014156559544,86.38279439314081,TV installation,3.14,0.96,28.82,35
P1165,14.78376180260216,73.81833061425063,Fridge installation|TV repair|Fridge repair,4.43,0.73,10.58,82
P1166,35.78140124421783,82.58910540787666,TV repair|Fridge installation,3.17,0.85,11.53,121
P1167,13.592348659325122,73.5420630580432,TV repair|Fridge installation,4.54,0.71,23.48,141
P1168,21.49912220075128,95.35267964111007,Fridge installation|Fridge repair|TV installation,4.86,0.68,12.03,172
P1169,22.789567300091417,81.35689397014534,TV repair|TV installation,4.8,0.97,12.74,40
P1170,31.39452642460678,68.10603302899483,Fridge installation|TV repair|TV installation,3.64,0.77,8.43,28
P1171,32.90640591901355,86.23732118798586,TV installation,4.53,0.91,11.98,237
P1172,31.25550463224767,92.69318626774985,Fridge repair|TV installation,3.97,0.77,29.38,148
P1173,34.88312064294084,86.80519251126161,TV repair,3.76,0.9,20.83,181
P1174,25.845087378228655,79.94644990975564,TV installation|Fridge repair|Fridge installation,4.87,0.62,7.89,148
P1175,9.147167690315781,79.68812397930684,Fridge installation|Fridge repair,4.3,0.88,19.87,111
P1176,26.968249035716678,82.83612770874993,TV repair|Fridge installation,3.32,0.62,14.48,86
P1177,17.20051605634916,90.2228180624481,Fridge installation|TV repair,4.0,0.72,24.74,234
P1178,23.592822130897915,68.136660340145,TV installation|Fridge repair,3.14,0.72,26.7,150
P1179,28.615935583355707,96.22763041841634,TV installation|Fridge repair|TV repair,4.58,0.7,27.43,253
P1180,8.205799442351728,91.7625486980283,Fridge repair|TV installation,3.72,0.82,20.96,72
P1181,18.877882754232147,82.7593116492693,Fridge installation|TV installation|Fridge repair,3.64,0.99,28.13,264
P1182,20.23306523015695,88.04775131072164,Fridge repair|TV repair,4.81,0.94,13.6,280
P1183,13.768963614056112,85.44891164999349,Fridge repair,3.12,0.77,17.31,84
P1184,12.856644225951232,78.99116916216778,TV installation|TV repair|Fridge installation,3.71,0.65,20.82,159
P1185,23.561617768649455,95.10983917287024,Fridge installation,4.67,0.94,10.49,64
P1186,9.168157895285429,91.34015170159769,Fridge repair|Fridge installation|TV repair,3.74,0.94,24.46,202
P1187,14.958518207985307,70.41799255929402,TV repair,4.86,0.83,20.68,76
P1188,28.46701248007256,91.80436686444068,TV installation,3.47,0.86,12.98,142
P1189,30.236282333811737,78.16863805225726,TV repair|Fridge installation,3.75,0.81,2.01,85
P1190,27.60088606207611,75.21303641992812,Fridge installation|TV installation|TV repair,3.03,0.67,18.99,32
P1191,22.623640362997914,93.10370605480922,TV installation,3.48,0.63,11.98,61
P1192,14.616811498776269,89.46051620458817,Fridge repair|Fridge installation|TV installation,3.62,0.94,21.61,118
P1193,10.212771171048306,89.24830533225341,TV repair|Fridge repair|TV installation,4.23,0.6,2.26,114
P1194,16.24436038376832,84.98756985700038,TV installation|Fridge repair|TV repair,4.17,0.78,25.41,103
P1195,21.01034515691429,83.59307172913817,Fridge repair|TV repair,4.33,0.91,13.05,210
P1196,12.367717638987054,95.04679491573188,TV repair|Fridge installation,3.77,0.89,2.57,266
P1197,11.929341048936498,80.9795285647312,TV installation,4.66,0.72,15.1,18
P1198,22.22302380534255,71.47265686651542,TV installation|TV repair|Fridge installation,4.61,0.7,27.19,195
P1199,21.34339831289644,68.44005177234622,Fridge repair,3.57,0.77,19.75,120
P1200,25.42775865492742,68.99463913779604,TV installation|TV repair|Fridge installation,4.0,0.66,7.12,32
P1201,26.07200031143343,70.15842413471695,TV installation|Fridge installation|TV repair,4.01,0.67,18.07,233
P1202,33.35809310633367,84.56170171060093,TV installation,3.02,0.7,13.39,278
P1203,22.041350451355306,86.79496169057107,TV installation|TV repair|Fridge installation,3.04,0.86,19.32,24
P1204,9.101303059518589,96.84323142943626,Fridge repair,3.96,0.9,14.66,147
P1205,25.182006823146295,92.23157944762882,Fridge installation|Fridge repair|TV repair,3.09,0.69,26.91,113
P1206,17.324713139538268,96.94878674903289,Fridge repair|TV installation,4.99,0.68,10.76,144
P1207,8.817548872969443,75.09760730947089,TV installation,4.76,0.77,22.17,128
P1208,11.047828956195511,87.96363743057134,Fridge installation|Fridge repair|TV installation,3.32,0.92,10.71,248
P1209,9.90906545753146,88.08461120224987,Fridge repair|TV repair|TV installation,4.14,0.96,5.43,227
P1210,21.977852614253145,70.04335965234179,TV installation,3.56,0.73,28.46,251
P1211,21.365193322819906,87.46782828336411,Fridge repair|Fridge installation,3.32,0.79,22.68,274
P1212,36.53944763096088,89.3513644908534,Fridge repair|TV repair|Fridge installation,4.55,0.86,15.21,189
P1213,9.345683694438645,86.09482577352841,TV repair|Fridge repair|TV installation,4.25,0.96,16.16,297
P1214,30.329234927991426,71.0148219014593,TV repair|Fridge installation|TV installation,4.92,0.96,9.57,87
P1215,22.747295521433603,77.23510703736832,TV installation|Fridge repair|TV repair,4.46,0.72,22.64,35
P1216,33.071698905880424,82.48742743790206,TV installation|Fridge installation,3.88,0.84,19.48,196
P1217,21.289346128186388,75.61006636919022,TV repair|Fridge installation|TV installation,3.48,0.79,26.83,284
P1218,31.424439502820718,78.33532447969722,TV installation|Fridge repair,3.2,0.98,20.27,91
P1219,14.105326164777777,82.54180273723941,Fridge repair,3.47,0.76,23.84,205
P1220,14.614910959169169,94.74447622649095,TV repair|TV installation,4.19,0.75,16.05,291
P1221,34.521258460259624,71.27853606720079,TV installation,4.51,0.9,24.67,205
P1222,11.80131598943639,90.21855594590056,TV repair|TV installation|Fridge repair,4.86,0.98,12.33,147
P1223,10.399410801125075,94.53741666738416,TV repair,3.59,0.8,14.28,220
P1224,19.11176958821465,91.04522387953878,Fridge installation,3.91,0.67,9.48,15
P1225,12.276163605357912,85.7380145937344,Fridge installation|TV repair,4.13,0.89,28.26,56
P1226,35.43619292399611,75.09675231368733,Fridge installation|TV installation,3.26,0.72,27.06,289
P1227,32.895637325349625,83.84532354914035,Fridge installation|TV repair,4.14,0.74,17.72,112
P1228,9.33600592058856,83.7724597136724,TV installation|TV repair,3.68,0.79,19.17,279
P1229,27.19514571768593,80.58741718586724,TV repair|Fridge installation,4.64,0.96,5.35,123
P1230,28.166909458122007,91.93829144809227,TV repair|TV installation,3.11,0.79,16.99,74
P1231,31.559996071093114,92.74847627257131,TV repair|Fridge installation,4.83,0.71,27.31,83
P1232,19.453410394622402,75.36689951617059,TV installation|Fridge installation,4.96,0.99,27.9,274
P1233,15.432478885707308,73.5219913847224,TV repair,4.34,0.6,24.56,184
P1234,9.40831897557419,80.99065721825438,TV repair|TV installation|Fridge repair,3.89,0.96,5.53,297
P1235,26.605810756058432,68.67955570565425,TV repair|TV installation|Fridge installation,3.86,0.95,10.44,69
P1236,30.144488945552396,96.78533383886815,Fridge installation|TV repair|Fridge repair,4.32,0.62,4.93,167
P1237,32.84175775052286,94.90256170348606,Fridge repair,4.9,0.82,11.55,225
P1238,10.261822125872865,71.07777055996156,TV installation,3.99,0.66,29.39,58
P1239,26.942428485576563,78.122520309385,Fridge repair|Fridge installation,4.93,0.92,19.65,70
P1240,33.744794215478954,69.17698565190615,Fridge repair|TV repair,4.83,0.93,10.33,187
P1241,12.39227104961202,80.81362199985425,TV repair,4.54,0.71,2.15,289
P1242,36.691135907219135,69.13946640937009,Fridge installation|TV repair,4.31,0.78,28.57,223
P1243,14.744474153448028,85.62318120143064,Fridge repair,3.81,0.68,24.78,223
P1244,14.222379782692645,89.406371890409,Fridge installation,3.38,0.83,8.03,246
P1245,9.631154135140003,70.34054517162559,Fridge repair,4.99,0.91,27.82,256
P1246,35.85648755337962,72.1369761927217,Fridge installation|TV repair|Fridge repair,4.02,0.93,11.79,26
P1247,22.864710261802138,75.7654551235194,TV installation,3.91,0.79,21.79,124
P1248,24.143779527770853,86.72701947557788,Fridge repair,3.03,0.66,29.58,237
P1249,27.684858445547103,73.10639635791978,Fridge installation,4.43,0.88,8.56,165
P1250,21.161550350400436,83.67771883541714,Fridge repair,4.7,0.79,12.45,146
P1251,24.794764317016423,73.48325195957212,Fridge installation|TV installation,4.8,0.87,19.73,135
P1252,25.52104420700516,71.50785920491627,Fridge repair|TV repair|TV installation,3.16,0.81,13.28,284
P1253,27.819600124563596,87.83242549373588,Fridge repair,4.0,0.91,25.56,267
P1254,27.935668967285153,77.43713013979563,Fridge repair|TV repair,3.19,0.99,10.02,296
P1255,8.716221632897227,91.49751478500133,TV repair|TV installation,4.07,0.71,3.73,284
P1256,11.728807776838405,68.53304870348202,Fridge installation|TV installation,4.38,0.72,19.53,277
P1257,24.599824053065188,79.73106620928881,Fridge repair,3.73,0.69,20.75,225
P1258,13.09574212926795,85.31638198044959,TV repair|Fridge installation|Fridge repair,3.85,0.78,9.12,30
P1259,16.840306908431742,87.94939265220441,Fridge repair,4.73,0.72,7.4,169
P1260,28.70945508682256,73.69079416894782,Fridge installation|Fridge repair|TV repair,4.38,0.76,13.64,60
P1261,24.074720469590623,83.28730306713268,TV repair|TV installation|Fridge repair,4.47,0.62,26.86,32
P1262,16.300504909959837,81.34297617017295,Fridge installation|Fridge repair|TV repair,3.39,0.68,2.65,140
P1263,23.093226672042107,92.96351501791538,Fridge repair|TV repair,3.01,0.61,27.53,250
P1264,11.891870363464157,86.69794507111268,TV repair|Fridge repair,3.68,0.88,17.61,160
P1265,12.878121680572706,92.17364917972637,TV installation|TV repair|Fridge installation,3.39,0.96,14.84,97
P1266,22.41998458853866,70.72573695308147,TV installation,3.58,0.99,28.9,156
P1267,36.89260732311155,92.5209846694101,TV installation,4.22,0.62,27.24,64
P1268,32.157180240831494,88.24704196073225,TV repair,3.58,0.73,10.64,40
P1269,22.869747094023957,79.54925681103897,TV repair|Fridge repair,3.99,0.87,2.36,86
P1270,20.95544623403039,77.94602907130226,TV installation|Fridge repair,3.28,0.78,15.9,234
P1271,33.45367586021125,91.58134966255061,Fridge repair,4.92,0.95,28.13,200
P1272,19.521447495431268,77.76858334196743,TV repair|Fridge installation,4.14,0.94,4.19,272
P1273,22.604978201234438,93.14531991759429,Fridge installation|Fridge repair,4.91,0.76,16.18,130
P1274,11.763706005955727,84.14773244807091,Fridge repair|Fridge installation,4.89,0.77,11.15,170
P1275,34.9830094158059,92.27090715249409,TV repair|Fridge repair,4.99,0.61,5.16,96
P1276,22.16097964194951,77.79385519230429,Fridge installation|TV repair|TV installation,4.1,0.9,23.95,124
P1277,28.91361877820244,87.0758746210494,TV installation,4.92,0.97,24.1,235
P1278,24.975887260937732,83.88086691895867,TV repair|Fridge installation|Fridge repair,4.28,0.7,4.37,156
P1279,32.24212921047873,72.31036325175866,Fridge repair|TV installation,3.91,0.8,3.03,81
P1280,19.734958507807953,79.41677469372777,Fridge installation|Fridge repair,3.38,0.62,18.55,242
P1281,12.838061443557622,69.35385977707894,Fridge installation|TV repair,4.56,0.7,25.23,96
P1282,35.42453257447333,79.85888983694349,Fridge repair,4.32,0.79,19.66,130
P1283,13.47033514629817,82.72902506409804,TV installation|Fridge repair,4.06,0.92,22.59,46
P1284,11.288225771024603,88.89787242924774,Fridge installation|TV repair|TV installation,4.0,0.96,27.76,41
P1285,15.969136512269117,89.26143767009097,TV installation|TV repair,3.19,0.98,19.42,42
P1286,29.64310056450323,68.24228642099202,Fridge installation|TV installation|Fridge repair,3.34,0.83,22.0,68
P1287,28.459402906104092,87.48159883739112,Fridge repair,3.79,0.6,5.36,282
P1288,22.187667105933773,79.1051840864569,Fridge repair|TV installation,3.44,0.93,19.03,213
P1289,13.568471278070517,92.35994847407434,TV repair|Fridge installation,4.45,0.96,5.29,145
P1290,8.341616412312618,96.92526523255307,Fridge repair,3.56,0.87,6.95,104
P1291,34.21701460718222,77.28525385542471,Fridge installation|TV installation|Fridge repair,4.34,0.68,19.49,47
P1292,31.366659873165485,85.47282954366713,Fridge installation|Fridge repair|TV repair,3.59,0.96,25.54,159
P1293,15.113099844256652,81.00382738946206,Fridge installation,3.64,0.9,29.19,278
P1294,32.96996859919497,84.41002913322896,Fridge installation,3.31,0.88,16.38,59
P1295,18.81341876686316,72.22145778516384,Fridge installation|Fridge repair|TV installation,3.81,0.65,18.15,182
P1296,25.49344193408095,77.44185284305134,TV installation,4.97,0.87,3.23,103
P1297,11.031308748395134,71.73366888339568,Fridge repair,4.11,0.96,29.28,50
P1298,20.71065963296181,75.61810598652015,Fridge installation|TV repair|Fridge repair,3.33,0.88,16.41,109
P1299,22.022139953584173,87.87777514876745,TV installation,4.56,0.61,26.93,180
P1300,31.55720264870945,89.81986776314827,TV repair,4.51,0.89,20.74,134
P1301,12.536380645826952,92.64818725073698,TV repair,4.45,0.94,10.37,39
P1302,18.36788652438987,76.04537530922839,TV repair|TV installation,4.29,0.88,26.39,216
P1303,30.18148607256559,73.06371659248559,TV installation|Fridge installation|Fridge repair,3.64,0.99,29.62,163
P1304,35.093823952452425,83.15918966364879,Fridge installation|Fridge repair,3.58,0.71,28.03,76
P1305,23.366393140027977,85.83218742244114,TV repair,3.96,0.64,23.51,229
P1306,33.55204930234041,75.44318900698151,Fridge repair,4.19,0.97,20.99,124
P1307,32.498960398111436,94.02930361014164,Fridge installation|TV repair,3.53,0.88,4.8,87
P1308,26.696879344072713,78.30339965336024,Fridge repair|TV installation,3.1,0.61,17.52,220
P1309,8.459752815833442,70.6675508094532,Fridge repair,3.65,0.77,9.83,121
P1310,9.605143887324761,72.19281159694796,TV repair|TV installation|Fridge installation,4.39,0.66,19.91,133
P1311,34.994153061098416,68.15512067213247,TV repair|Fridge installation,4.5,0.96,5.91,57
P1312,20.225073198322992,88.51852769461786,TV installation|TV repair|Fridge repair,3.93,0.92,7.03,146
P1313,31.494062631618377,70.5396623266009,TV installation|Fridge installation|Fridge repair,4.27,0.97,7.84,37
P1314,24.81519291015162,72.71295369795635,TV repair|Fridge repair|Fridge installation,4.35,0.65,24.56,188
P1315,21.43833925533474,85.38348571880103,TV installation|Fridge repair,3.34,0.9,10.47,258
P1316,20.92758367922464,91.64528409181128,TV repair,4.78,0.81,17.82,183
P1317,15.599015130699362,93.56980188546649,Fridge repair,4.78,0.68,19.19,278
P1318,19.354575888447247,88.6863301555369,Fridge repair|Fridge installation|TV installation,4.32,0.85,9.91,64
P1319,32.37160961319087,86.79291806259499,Fridge installation|TV installation,3.68,0.79,26.02,294
P1320,17.40870863041692,77.69224478054332,Fridge repair|TV repair,3.05,0.74,24.49,172
P1321,20.68307960054525,95.04659081406555,Fridge repair|Fridge installation,4.26,0.72,19.88,49
P1322,16.515339361036354,79.58835683700516,Fridge installation|Fridge repair|TV repair,4.7,0.8,21.01,42
P1323,20.437735509156106,86.91565617236934,Fridge repair,4.45,0.6,28.23,263
P1324,15.811431319242594,91.21925430423403,Fridge repair|TV installation|TV repair,3.91,0.87,10.91,168
P1325,28.864339062429185,92.78249125694659,TV repair|TV installation,3.51,0.61,8.25,234
P1326,21.325565730539207,78.51278220834159,Fridge repair|TV installation,4.17,0.85,20.29,244
P1327,24.437377045303514,78.2782957676342,Fridge repair|TV repair,3.76,0.76,22.37,254
P1328,32.78747793916738,94.9579097433295,TV installation,3.37,0.77,12.99,169
P1329,11.640201255608401,91.59485605344086,Fridge installation,3.07,0.81,20.53,238
P1330,34.26965557086507,92.317927003719,Fridge repair|Fridge installation|TV repair,3.94,0.76,8.62,22
P1331,9.949978387509063,81.47599458490978,TV repair|Fridge repair|TV installation,4.64,0.85,25.3,153
P1332,8.966372783745745,94.47083417620924,Fridge repair|TV installation,3.24,0.86,9.0,69
P1333,16.576832203989554,82.37396370561416,Fridge installation|Fridge repair,3.84,0.76,8.48,116
P1334,19.872284804319136,76.40653970648194,TV installation,3.03,0.83,13.26,229
P1335,36.22119663138035,73.61779447251264,TV installation|Fridge repair,3.69,0.74,2.24,273
P1336,30.518119558154336,89.72557687211942,Fridge installation|Fridge repair|TV installation,3.66,0.84,26.4,230
P1337,26.959559765728535,79.22445034611172,Fridge repair|TV repair|Fridge installation,4.29,0.62,3.51,26
P1338,22.864933190842805,84.36164896216361,TV repair|TV installation,3.99,0.89,12.75,155
P1339,17.181470609994975,79.60450291309657,Fridge repair,3.3,0.8,24.45,182
P1340,22.227793701047773,92.61425997315811,TV installation|Fridge repair|Fridge installation,4.41,0.8,9.22,172
P1341,24.73359164902619,74.41328069321011,TV repair|Fridge installation|TV installation,3.54,0.92,3.24,252
P1342,16.97721974387913,76.47678835009029,Fridge repair,4.62,0.64,24.56,193
P1343,19.974424498087185,83.58731885652381,Fridge repair|TV installation,3.1,0.6,8.85,35
P1344,11.516681907414965,71.29909680533193,Fridge repair|TV installation,3.82,0.86,21.94,60
P1345,17.10918475359175,86.3704594578374,Fridge installation,3.21,0.85,4.66,151
P1346,29.117317358465986,77.39992004115109,TV repair,4.95,0.61,14.46,28
P1347,22.782954940125272,84.97256538978554,TV installation|Fridge repair,3.72,0.79,12.18,275
P1348,26.786846839908634,74.07650409455364,Fridge installation,3.29,0.96,29.13,181
P1349,29.13724477516928,95.02546924532622,Fridge repair|TV installation|TV repair,3.56,0.98,3.77,47
P1350,33.9194514450964,83.36446265503157,TV installation,4.34,0.93,6.21,259
P1351,30.135920841154107,85.00732585886914,Fridge repair,3.52,0.99,27.14,142
P1352,8.758591927379175,87.96159210764763,Fridge installation|TV repair,4.21,0.97,8.55,231
P1353,26.474379051605197,72.68749311975316,TV installation|TV repair,4.81,0.81,6.3,86
P1354,28.566240410037736,73.80985481179682,Fridge repair|Fridge installation,3.42,0.88,8.15,278
P1355,30.734623024837386,81.14459140324993,Fridge repair,4.58,0.94,20.33,158
P1356,15.946341631180879,77.13039350685332,TV repair|Fridge installation|TV installation,3.23,0.71,7.87,205
P1357,16.47933969158447,88.4538926335419,TV installation|TV repair,4.47,0.72,11.67,282
P1358,34.7545997422682,84.48569386254778,TV installation|Fridge installation|TV repair,3.73,0.9,9.21,97
P1359,27.546213337418624,69.63801929610098,Fridge installation,4.35,0.94,13.17,245
P1360,27.63513766709499,90.39496800090502,Fridge installation|TV installation|Fridge repair,3.95,0.85,14.78,30
P1361,13.979715298400865,75.24576008627156,Fridge installation|TV repair,3.67,0.84,14.72,171
P1362,31.960303897481385,74.60134353876238,TV installation,4.05,0.92,11.9,252
P1363,15.123315647415621,71.16910391567664,Fridge repair|TV repair|TV installation,4.59,0.64,9.6,19
P1364,23.47087580128249,69.52994183013064,TV installation|TV repair|Fridge repair,3.91,0.98,26.86,42
P1365,10.921832474827713,88.51816175036325,TV installation|TV repair|Fridge installation,3.06,0.95,5.88,258
P1366,11.271110647130731,88.47059089576993,TV installation|TV repair,4.82,0.86,23.67,145
P1367,14.800036196711929,81.93879282105986,Fridge repair|TV repair,4.1,0.85,9.2,135
P1368,19.50510041358319,95.20356175306397,TV repair,3.31,0.6,8.67,25
P1369,21.024579003977273,84.54927279044288,Fridge repair|TV installation,3.87,0.77,22.52,134
P1370,17.60504076752713,76.19246307200797,Fridge repair|TV installation|TV repair,4.11,0.89,16.92,51
P1371,22.095668715177744,77.09968215586613,Fridge installation|TV installation,3.28,0.69,4.95,57
P1372,23.383722428735975,80.05745509386564,TV installation,4.7,0.69,8.71,86
P1373,20.856289302408264,84.99002846530972,TV repair|Fridge installation,4.95,0.81,27.35,83
P1374,13.540504192551802,80.78189335979822,TV installation,4.17,0.93,29.67,81
P1375,35.677510158970755,94.40864745920182,TV repair,4.92,0.77,7.53,254
P1376,27.858421590096757,71.63781174906508,TV installation|TV repair|Fridge installation,4.57,0.61,15.52,28
P1377,29.46878873707344,77.07006109523266,TV repair|TV installation|Fridge repair,4.65,0.84,24.23,94
P1378,11.420221571352771,86.99329203245233,TV repair|Fridge repair|Fridge installation,3.57,0.6,5.55,227
P1379,32.32774907464746,68.93737469445662,TV repair|Fridge repair|Fridge installation,4.04,0.83,17.71,206
P1380,30.927485978322906,71.87274959566098,TV repair,3.62,0.85,21.35,147
P1381,33.38576663648976,80.04930850418151,Fridge installation|TV installation,3.81,0.61,17.43,200
P1382,16.857550216548255,90.65645165970271,Fridge repair,3.73,0.7,20.82,141
P1383,10.99125606547247,95.34760057972635,TV installation|TV repair,4.59,0.67,21.94,79
P1384,19.666545664213242,90.71541268072713,TV repair|TV installation|Fridge repair,4.93,0.65,13.78,90
P1385,18.91304269169493,78.53248458777053,TV repair|Fridge repair|TV installation,3.1,0.87,14.21,77
P1386,26.87512546237008,73.7678593852025,TV installation|Fridge installation|TV repair,3.48,0.86,27.47,138
P1387,14.844229979387649,89.18492496676348,TV repair|TV installation|Fridge installation,3.08,0.64,2.19,258
P1388,8.052548982208299,74.49072449563644,Fridge installation,3.68,1.0,16.66,26
P1389,35.14764157466391,83.08464646770747,TV installation,3.73,0.95,13.06,219
P1390,14.011193153942331,78.95610789337293,TV installation|Fridge installation,3.63,0.87,10.11,225
P1391,24.443357437184993,87.8241803314342,Fridge installation|TV installation|TV repair,3.01,0.97,5.11,211
P1392,27.25814951479519,75.39752945022055,Fridge installation,3.25,0.62,10.55,275
P1393,31.514015287505856,96.44860278116181,Fridge installation,4.85,0.96,22.48,221
P1394,11.07763713838217,87.9707065156673,TV installation|TV repair,4.96,0.89,28.0,43
P1395,10.83094405551932,94.03607838536875,TV repair,3.7,0.82,12.07,260
P1396,30.0823061696486,80.27821572295639,Fridge installation,3.01,0.73,16.75,262
P1397,25.12235699012885,70.81060248494285,TV repair,4.1,0.88,24.2,95
P1398,12.427086771682728,88.59502473111466,TV repair|Fridge repair|Fridge installation,4.35,0.61,13.53,63
P1399,27.845530863202733,78.43750705024554,TV installation|Fridge installation,4.34,0.62,12.94,231
P1400,8.309433683178721,86.05949701494686,Fridge repair|TV installation,3.83,0.94,9.05,144
P1401,25.79753111676867,91.0125846646361,TV repair,3.17,0.67,23.24,185
P1402,9.007458475898662,77.27650772336514,TV repair,4.19,0.84,15.44,242
P1403,28.184910802684296,77.93178135640282,Fridge repair|Fridge installation,3.22,0.63,18.49,185
P1404,12.74282491790004,68.97584197857176,Fridge installation|Fridge repair,3.28,0.84,7.02,274
P1405,8.729052046933111,88.96498949491951,TV repair,4.62,0.92,5.57,70
P1406,8.520778048754378,70.16080339274056,TV repair,4.02,0.99,21.41,101
P1407,10.705637808825562,83.10534706241168,TV installation,4.67,0.93,28.77,63
P1408,8.821786061118155,92.02737752786375,Fridge repair|TV installation,4.58,0.7,21.84,56
P1409,11.616225966584492,85.00003681952475,Fridge repair|Fridge installation|TV repair,4.53,1.0,23.23,124
P1410,22.747627853433528,81.82586238974152,Fridge repair|TV repair,3.54,0.61,18.94,131
P1411,34.96589651451627,79.06104496971734,Fridge installation,3.16,0.67,3.66,289
P1412,13.976139618178081,80.79566040365978,Fridge installation|TV installation,3.13,0.93,5.53,49
P1413,21.472900168738136,89.58667792481573,Fridge installation|TV installation,4.24,0.92,14.09,187
P1414,19.553613531673307,76.25327804154163,TV installation|TV repair|Fridge repair,3.34,0.73,19.02,227
P1415,31.8257530610643,84.08018431531396,TV repair|Fridge installation|Fridge repair,3.36,0.79,29.11,40
P1416,9.307576824156307,89.20541218632414,Fridge installation|Fridge repair,4.74,0.64,14.22,281
P1417,9.428935953900373,92.72072768361431,Fridge installation|TV repair|TV installation,4.1,0.68,10.88,244
P1418,33.87243458922887,81.64372627063754,TV repair|Fridge repair,4.06,1.0,25.61,89
P1419,21.147747562520564,82.99650575528658,TV installation|Fridge installation|Fridge repair,4.53,0.78,24.12,80
P1420,11.279892443290851,72.53361171339232,Fridge installation,3.87,0.76,22.82,108
P1421,21.595749782442,76.5190943177942,TV repair|Fridge installation,3.55,0.8,6.5,252
P1422,22.93289775695949,72.94964562376478,Fridge repair|TV repair,4.33,0.94,9.22,101
P1423,27.453973742502125,88.38972320902354,TV installation|Fridge repair|Fridge installation,3.58,0.79,28.77,289
P1424,35.817827624390844,88.75421691009703,TV repair|TV installation|Fridge installation,4.58,0.88,18.51,230
P1425,32.89282801307081,95.74823435874883,Fridge repair|Fridge installation,4.0,0.97,18.33,23
P1426,21.179999255705344,74.06934508437348,Fridge installation|TV repair|Fridge repair,3.01,0.7,16.27,47
P1427,23.175481423780855,77.97818930774031,TV installation,4.99,0.91,23.32,99
P1428,9.390774240672641,90.48687592318234,Fridge installation|TV installation|TV repair,4.14,0.9,6.2,206
P1429,21.72200689729774,86.28153420696998,Fridge installation,4.82,0.77,23.93,177
P1430,11.389484057137231,96.58989477191719,TV installation|Fridge installation,3.62,0.65,7.57,20
P1431,9.341487488577233,75.7211252824261,TV repair|Fridge repair,3.99,0.77,7.37,237
P1432,8.641899079855415,86.58059651708942,Fridge installation,3.83,0.71,7.79,114
P1433,23.74486528389375,75.54181969322353,TV installation|TV repair,4.18,0.7,29.58,185
P1434,11.406801067418295,90.78433145638922,Fridge installation|Fridge repair,4.35,0.65,21.45,64
P1435,34.62230479273616,94.44430206050521,TV repair|TV installation,4.48,0.68,25.61,153
P1436,17.569271963418018,95.9033913752622,Fridge repair|TV repair,4.8,0.71,24.5,196
P1437,35.6462823325934,70.93156923105224,TV repair|Fridge installation,3.62,0.84,28.99,27
P1438,9.616738355639512,69.51976490737476,Fridge installation|TV repair,4.82,0.89,20.96,287
P1439,26.852681083058012,86.956037815763,TV repair|Fridge installation|TV installation,4.91,0.6,8.94,18
P1440,20.16589757078799,77.178551598616,TV installation|Fridge repair|Fridge installation,3.07,0.65,23.39,85
P1441,10.506314340969885,91.17790473190028,Fridge repair|TV repair,4.8,0.98,26.29,266
P1442,36.36180928840881,96.83435158707071,Fridge installation,4.11,0.67,10.85,104
P1443,16.138431816418958,96.19466156727437,Fridge installation|Fridge repair,3.31,0.89,2.01,69
P1444,34.56234711466752,76.35008872870335,Fridge repair|Fridge installation|TV installation,3.37,0.86,21.95,179
P1445,9.403480576427203,72.3070053034564,TV repair,3.83,0.79,9.38,24
P1446,32.53962211847683,81.11738085139459,TV installation|TV repair|Fridge installation,3.85,0.66,13.94,35
P1447,22.139866498504766,88.23174510061202,Fridge repair|Fridge installation,4.06,0.76,19.41,34
P1448,34.37710742467887,68.52292828493167,Fridge repair|Fridge installation|TV repair,4.11,0.91,17.16,101
P1449,11.951266387667358,93.73932908266954,TV installation,3.94,0.95,18.4,206
P1450,11.699717598584096,92.9206517719888,TV installation|Fridge repair,4.19,0.73,24.84,152
P1451,18.835858594816543,79.25552224628642,Fridge installation|TV repair|TV installation,3.19,0.97,4.55,58
P1452,19.98263988528113,79.76296231740783,TV installation|TV repair|Fridge repair,4.36,0.63,18.62,36
P1453,15.45276032401748,87.26043018657998,TV installation|Fridge installation,3.84,0.99,21.15,52
P1454,23.71896700781886,94.65211003383146,Fridge repair,4.8,0.78,9.68,50
P1455,19.245165527362744,76.31913937450102,Fridge installation,3.54,0.94,3.96,254
P1456,13.011781492237116,77.99067090842783,TV repair,3.12,0.71,23.52,109
P1457,14.424287405168645,81.44288733850874,Fridge installation|Fridge repair,3.94,0.95,23.36,24
P1458,27.45166881368143,92.57329656337164,TV installation|Fridge installation|TV repair,3.02,0.76,27.4,260
P1459,34.897993455526915,69.92241543594996,TV repair|Fridge repair|TV installation,3.73,0.76,2.04,190
P1460,28.710441245373044,92.97573459055118,Fridge installation|Fridge repair|TV repair,3.31,0.78,13.42,114
P1461,22.153108504170746,72.48965689128032,TV installation|Fridge repair|TV repair,3.74,0.73,13.86,267
P1462,11.076669448490609,74.7585424515609,Fridge installation,4.9,0.98,4.74,280
P1463,26.676766676246377,70.96450096282639,Fridge repair|Fridge installation|TV installation,4.69,0.83,29.61,155
P1464,8.591646709957985,85.53018048549532,TV installation|Fridge installation,3.55,0.94,9.94,284
P1465,21.549998987856277,74.96245635616268,Fridge repair|TV installation,4.79,0.82,29.4,116
P1466,24.115440951366434,95.46416806618642,TV installation|TV repair,4.01,0.95,12.03,289
P1467,20.325070009572727,75.98795371392477,Fridge repair|Fridge installation,3.53,0.81,14.58,208
P1468,25.068996823128373,79.82443726955626,Fridge repair|Fridge installation|TV repair,4.3,0.91,28.9,53
P1469,24.931889751932445,78.77243684069967,TV installation,3.9,0.81,7.7,153
P1470,35.64640368172701,82.06882532371571,Fridge repair|Fridge installation|TV installation,4.95,0.6,27.17,252
P1471,24.070921926719002,84.20638525768533,TV installation|Fridge repair|TV repair,4.41,0.67,9.06,55
P1472,9.844660889118522,74.41128733710981,Fridge repair|Fridge installation|TV repair,4.02,0.82,2.96,64
P1473,17.439596805657928,72.16694113034217,Fridge installation|Fridge repair,4.42,0.81,6.03,29
P1474,36.96807932433899,96.6292191901031,Fridge installation|Fridge repair|TV installation,4.76,0.76,21.22,269
P1475,26.807283777901883,76.97354165811501,TV repair|Fridge repair,4.21,0.81,2.69,139
P1476,8.350028123717921,83.04918356367796,TV repair,4.21,0.99,18.51,236
P1477,21.325377471067892,78.1456568466348,TV installation|TV repair,4.26,0.91,20.15,117
P1478,22.62821015174118,89.57743408562875,TV repair|Fridge installation|TV installation,4.01,0.63,22.26,235
P1479,22.676409776474816,88.79935769930218,Fridge repair,4.67,0.9,25.7,42
P1480,8.916981108886455,75.49651646328823,Fridge repair|TV repair|Fridge installation,4.8,0.93,21.12,296
P1481,29.073443608488162,95.33547831405767,Fridge repair|TV repair|Fridge installation,4.66,0.85,20.64,161
P1482,18.323083334134857,76.23902032759555,Fridge installation|TV repair,3.35,0.9,9.06,285
P1483,19.189923958247164,96.4802439804333,TV installation|Fridge repair|Fridge installation,3.78,0.63,4.52,222
P1484,16.339050236206823,72.6492936696411,Fridge repair,3.56,0.69,22.55,76
P1485,35.01538442022964,88.52854016185952,TV repair|TV installation|Fridge repair,4.5,0.68,23.76,293
P1486,35.77722382900659,92.78390643140322,Fridge repair|Fridge installation,3.46,0.73,7.88,56
P1487,11.293371688348593,91.37433960416605,TV repair,3.51,0.7,18.53,266
P1488,8.762634073855388,75.56983129351003,Fridge repair|TV repair|TV installation,4.08,0.96,25.7,68
P1489,24.13085542674741,79.9309170210535,Fridge repair,4.9,0.65,29.26,82
P1490,16.07847064296412,90.3760770695666,TV installation|Fridge repair|TV repair,3.7,0.92,10.95,62
P1491,27.106806722578423,84.42686686751217,Fridge installation|TV repair,3.94,0.8,22.5,236
P1492,27.37723919677925,93.97855094055879,TV repair|Fridge installation|Fridge repair,3.12,0.66,22.07,189
P1493,17.381145087651234,68.67125638553524,TV repair|TV installation|Fridge installation,4.0,0.79,6.42,230
P1494,30.144843669888044,75.48966637872775,Fridge repair|Fridge installation,3.96,1.0,21.23,97
P1495,16.17798122786418,74.34503619572496,TV installation|TV repair,4.04,0.66,20.67,208
P1496,19.656605813841367,92.52660147144714,Fridge repair|TV repair|TV installation,3.69,0.86,21.86,16
P1497,24.734546909692785,77.92570219090264,TV installation|TV repair,3.17,1.0,5.56,113
P1498,28.38547890989029,71.9649460148305,Fridge repair,3.83,0.75,16.96,225
P1499,15.601276188487098,77.94827616799729,TV repair|Fridge repair|TV installation,3.82,0.89,16.32,112
P1500,16.954784092224994,76.48081233309595,Fridge repair|TV repair,4.6,0.91,11.86,150
P1501,32.755267927310754,75.01590411545786,Fridge repair|Fridge installation|TV repair,4.75,0.61,22.51,28
P1502,22.848525673588604,96.77501553097254,TV repair,4.31,0.62,16.72,22
P1503,8.840905585742492,88.0048110685341,TV installation|Fridge installation|Fridge repair,3.96,0.65,8.0,28
P1504,25.630773377824667,71.03811355709176,Fridge repair,3.91,0.7,25.4,55
P1505,25.853107503810673,68.36993791151549,TV installation,4.39,0.77,17.84,166
P1506,18.156861815485225,94.59585664998204,Fridge repair|TV installation|Fridge installation,3.27,0.87,2.12,259
P1507,11.262619863904654,70.75164267427967,TV installation|Fridge repair,3.67,0.75,8.0,122
P1508,35.063526778254726,95.21248640858451,Fridge installation|Fridge repair|TV repair,4.83,0.82,11.97,239
P1509,9.766454579274285,80.43633144362433,Fridge repair,3.8,0.67,13.07,104
P1510,32.61494633049938,76.64765145839236,TV installation|Fridge repair,4.2,0.8,3.45,170
P1511,10.177715728354105,95.35736166258657,TV installation|TV repair|Fridge installation,3.73,0.97,23.85,93
P1512,18.543186505100635,83.41309189183065,TV repair|TV installation,4.74,0.87,5.12,291
P1513,20.415577666732865,73.67552479752484,Fridge repair|TV repair,3.06,0.92,2.55,263
P1514,22.003938661359363,82.90834017295893,Fridge repair|Fridge installation|TV installation,4.66,0.78,17.98,249
P1515,33.00101813009292,92.33657794327462,TV repair|TV installation,4.31,0.8,22.2,259
P1516,25.214705788946016,72.7613639576344,TV installation|Fridge installation|TV repair,3.25,0.99,13.02,112
P1517,12.968411789176873,87.36044969391382,TV installation,4.22,0.86,4.46,198
P1518,27.911008561318557,78.62725070184254,TV repair|Fridge repair|Fridge installation,4.51,0.99,5.21,31
P1519,31.493637403846854,75.71859319548412,TV installation,3.43,0.93,29.64,93
P1520,16.06341370166684,79.55841288640157,Fridge installation|TV repair|Fridge repair,3.34,0.9,23.66,77
P1521,8.771474344300353,84.297458907165,Fridge installation|Fridge repair|TV repair,3.43,0.74,23.98,24
P1522,23.065553788184452,81.06555963294521,TV installation|TV repair|Fridge installation,3.02,0.82,20.52,146
P1523,29.352117064719224,84.56884632513923,Fridge repair|TV repair|Fridge installation,3.13,0.65,18.7,29
P1524,12.87869445290681,88.12151620189573,TV repair,4.29,0.87,12.43,182
P1525,29.89130333834826,86.81215623345803,Fridge repair,4.27,0.82,2.32,87
P1526,32.23592630278827,87.95876504273383,TV repair|Fridge repair|Fridge installation,4.03,0.78,19.98,73
P1527,17.871160292648923,81.82047036382053,Fridge installation|TV installation,3.59,0.81,6.63,282
P1528,18.843908221496733,84.32156571765526,Fridge installation|TV installation,3.09,0.62,9.02,130
P1529,32.712284686200334,84.2163905194156,TV repair|TV installation,4.06,0.76,6.52,78
P1530,24.806554705349452,76.31315685732366,TV repair|Fridge repair|Fridge installation,3.73,0.63,3.46,278
P1531,10.613295355090191,90.34396214045186,TV repair|Fridge repair|Fridge installation,4.23,0.84,10.19,147
P1532,15.904174715646615,93.27482474053566,TV repair|TV installation|Fridge installation,3.97,0.72,16.49,66
P1533,22.721464957034073,91.43100498856197,Fridge repair|Fridge installation,3.74,0.65,3.16,35
P1534,15.082777310558278,84.2502072465789,Fridge repair,3.04,0.81,12.97,255
P1535,32.53745638109824,89.33582161656518,Fridge installation|TV installation,3.42,0.66,10.86,287
P1536,20.320091362656022,80.09454290738469,TV repair|TV installation|Fridge installation,4.33,0.8,16.49,35
P1537,22.985345303261866,91.75411245915295,TV installation|TV repair|Fridge installation,4.09,0.62,10.82,128
P1538,16.48565792714972,78.37576284941122,Fridge repair|Fridge installation|TV repair,4.88,0.88,10.28,108
P1539,34.752467992772594,92.7273184399499,Fridge repair|TV repair,4.55,0.76,16.12,203
P1540,16.007440340860285,94.98063307914435,TV installation|TV repair|Fridge repair,3.73,0.94,9.45,174
P1541,11.099673569182755,87.14344818688905,Fridge installation,4.67,0.89,16.65,216
P1542,28.955740020199038,73.93062582209107,TV repair|TV installation|Fridge installation,3.68,0.79,11.26,202
P1543,20.792368758851676,89.27503304935045,Fridge repair|TV repair|TV installation,4.25,0.94,24.47,252
P1544,25.752601109353645,80.55621844535148,TV installation|TV repair|Fridge repair,3.14,0.8,21.66,120
P1545,11.47491800256875,81.08158933653812,Fridge repair,4.82,0.93,16.55,171
P1546,24.715760992155367,90.96809065777569,TV repair,3.65,0.89,5.79,11
P1547,34.985348762546536,91.19067399595444,TV repair,3.87,0.8,9.44,102
P1548,31.280204472399102,74.92823617435972,Fridge installation|Fridge repair|TV repair,3.08,0.85,17.75,145
P1549,23.967785641569165,75.2668657212316,TV repair|TV installation,3.8,0.77,26.65,169
P1550,19.39557218474924,95.8911118720186,TV installation,3.83,0.84,21.87,218
P1551,15.093871947515716,89.63779836892063,Fridge installation|TV installation|Fridge repair,4.04,0.71,23.74,106
P1552,31.081481130184535,81.77729042145707,TV installation,4.59,0.74,28.29,211
P1553,13.752803655583339,95.88757427714381,Fridge repair,4.02,0.89,13.51,104
P1554,22.736749923287068,69.82617085327732,TV repair|Fridge installation|TV installation,4.67,0.91,7.19,171
P1555,11.908787762605705,82.3861888765154,Fridge installation|TV installation,3.34,0.65,28.11,270
P1556,17.229394921103207,74.96201994010818,Fridge repair|Fridge installation|TV repair,4.11,0.64,28.13,215
P1557,18.6883116018037,95.84034454375464,Fridge repair|TV installation|Fridge installation,4.64,0.94,6.82,74
P1558,11.829937512302184,75.7109620187906,TV repair,3.88,0.61,23.58,282
P1559,15.943531248267208,73.79631626483386,TV installation|TV repair,3.46,0.92,17.77,12
P1560,20.45036020542166,79.82866287866041,Fridge installation|TV installation|Fridge repair,3.23,0.87,21.66,129
P1561,29.12565742119917,68.0015319810366,Fridge repair,4.91,0.93,27.31,237
P1562,24.083309680833704,92.45215969893238,Fridge installation|TV installation,3.96,0.68,25.2,185
P1563,27.67787290112666,84.5462807341136,Fridge repair|TV installation,4.89,0.78,18.78,121
P1564,22.854119487498256,79.72656846945328,TV repair|Fridge installation|Fridge repair,3.32,0.88,27.95,236
P1565,24.907540775879955,94.35861457952217,TV installation|Fridge repair,4.88,0.63,13.27,297
P1566,25.298964020260296,77.22641338832064,Fridge repair,3.9,0.7,24.12,199
P1567,23.448637039130574,79.38325975411699,TV repair|Fridge repair|Fridge installation,3.58,0.93,14.64,277
P1568,23.10403318568151,81.00264112751572,TV repair,3.51,0.65,4.76,93
P1569,34.91009183587363,81.16880120794856,Fridge installation|Fridge repair|TV repair,4.47,0.75,2.53,164
P1570,28.00896635666451,77.7073244707991,Fridge repair,4.39,0.88,21.71,155
P1571,20.991280572017274,73.4772121016509,Fridge installation|Fridge repair|TV repair,3.54,0.81,25.31,133
P1572,28.7922829330529,93.42384219035881,Fridge installation|TV repair,3.43,0.92,23.21,47
P1573,12.902674724877468,90.47089366327673,Fridge repair|TV repair|TV installation,3.26,0.78,16.19,268
P1574,17.593054848650254,73.18122135483398,TV repair|TV installation|Fridge repair,4.53,0.91,17.86,23
P1575,14.368952318900778,87.6465362990994,TV repair|Fridge repair|Fridge installation,4.52,0.69,4.15,65
P1576,17.74879481880782,76.41822664212805,TV installation|Fridge repair|TV repair,4.08,0.61,4.23,47
P1577,31.934317260413177,91.65879517462604,TV installation|TV repair,4.87,0.94,20.02,13
P1578,31.788495857666142,79.71918558454576,TV installation|Fridge repair|Fridge installation,3.44,0.8,17.37,286
P1579,20.89935935670467,87.38617000851872,TV repair|Fridge installation,4.26,0.61,17.15,45
P1580,30.94471770045625,75.50084600261971,TV installation|TV repair,3.68,0.63,7.03,291
P1581,22.312394076746006,93.5393854139543,Fridge repair|TV repair,3.79,0.71,11.73,105
P1582,28.541397423261138,78.66756825314123,TV installation,4.11,0.64,24.54,17
P1583,26.80749061196693,89.03629844819315,Fridge repair|TV installation|Fridge installation,3.42,0.95,19.25,91
P1584,21.408491740284266,70.15561498945003,TV repair|Fridge installation,4.95,0.94,6.99,216
P1585,28.17465223324483,90.207744488756,Fridge repair|TV repair|TV installation,3.88,0.89,12.82,230
P1586,26.34763401039944,96.30440384236503,Fridge repair|Fridge installation|TV repair,3.62,0.78,20.87,98
P1587,21.691385582763985,79.10437051721378,Fridge installation|TV installation,3.5,0.84,26.64,66
P1588,26.884733650765046,92.83226871335611,TV repair|Fridge repair|TV installation,3.22,0.74,26.54,266
P1589,16.57246604762242,88.45551803600378,TV installation|Fridge repair,4.03,0.83,7.03,259
P1590,27.916266072317917,83.08239781328093,Fridge repair|TV installation,4.66,0.77,7.43,261
P1591,10.01246413327572,91.27769571847165,Fridge installation|Fridge repair,4.62,0.7,19.23,185
P1592,26.348185200701877,93.02349923887752,TV installation,3.16,0.91,15.8,52
P1593,26.964009440496486,94.75607132474411,TV installation|TV repair,3.11,0.61,6.99,146
P1594,24.76417642636012,78.90221288669551,Fridge repair,4.07,0.95,27.55,76
P1595,27.279201272145464,77.83479364905638,TV installation,3.14,0.83,22.15,194
P1596,29.08241626902865,78.96290080476265,TV installation,3.02,0.6,14.9,97
P1597,23.269063984263845,79.47636903763484,TV repair|Fridge repair,3.36,0.94,2.31,147
P1598,8.365256106913376,70.78420144867843,Fridge installation,3.59,0.62,18.71,29
P1599,29.8641928488013,71.20143279324807,TV repair|TV installation,3.94,0.63,18.75,25
P1600,12.105011174836076,92.18963756417013,Fridge installation|TV installation|TV repair,3.02,0.69,19.25,41
P1601,19.647940647167026,95.52330849230168,TV installation|Fridge repair|Fridge installation,4.55,0.71,25.64,285
P1602,32.03134716247422,91.86375398051156,TV installation,3.38,0.88,10.14,218
P1603,15.629021701172693,84.70634549142032,TV installation,4.39,0.67,6.16,121
P1604,12.964357571218633,71.02998946392721,TV installation|TV repair|Fridge repair,3.48,0.75,15.33,53
P1605,36.146626646193454,88.76582854916718,TV installation|TV repair|Fridge repair,3.65,0.73,14.56,177
P1606,16.207492010629316,80.70095495491448,TV installation|Fridge repair,3.71,0.63,20.85,40
P1607,33.266883677553395,87.23128705259485,TV repair|Fridge repair,3.68,0.87,2.55,141
P1608,22.123465174970946,91.58228227124937,Fridge repair|TV repair|Fridge installation,4.91,0.97,27.46,246
P1609,18.444121310029203,81.48602441718951,Fridge installation|TV installation,4.38,0.95,7.8,239
P1610,25.22233926236798,86.71983307888227,TV installation,3.79,0.63,12.46,184
P1611,27.45886837277916,72.64569598295785,TV installation|Fridge repair,3.02,0.9,4.98,247
P1612,13.403186519037472,70.89205991174767,Fridge repair,3.73,0.8,3.22,78
P1613,12.910623864801305,92.12771154020007,Fridge repair,4.14,0.83,7.87,116
P1614,35.72457160411044,74.22731862852534,TV repair|Fridge installation,4.03,0.89,17.59,21
P1615,23.818244166382268,95.55200550292878,Fridge installation|TV repair,3.36,0.61,3.1,296
P1616,35.797822597898524,72.11606311202256,TV repair,3.61,0.93,8.12,93
P1617,21.613611002467273,88.88936457787824,Fridge installation,4.06,0.76,11.03,56
P1618,35.23415225099698,87.48060037384701,TV repair,3.15,0.78,26.94,165
P1619,12.999323581735755,78.3670100012646,Fridge installation,4.46,0.99,6.36,166
P1620,32.49656584520001,80.13311679368488,TV repair|Fridge repair|Fridge installation,3.88,0.85,23.69,76
P1621,10.007673646623319,74.1012100803296,Fridge installation,3.58,0.91,6.46,197
P1622,11.113472435069365,72.22323341723809,TV installation|Fridge repair|TV repair,3.07,0.79,28.72,56
P1623,28.414320390236902,77.80042156031344,Fridge installation|Fridge repair|TV installation,3.62,0.97,8.96,103
P1624,22.70717259657117,90.80249388529205,TV repair|Fridge repair,4.76,0.94,18.3,277
P1625,23.486804181156813,78.99566505541836,Fridge installation|TV repair|TV installation,3.68,0.85,26.95,177
P1626,22.198040291048372,77.02988782273631,Fridge repair|Fridge installation,4.74,0.66,7.78,181
P1627,19.02435411677243,77.77989477423942,TV repair|TV installation|Fridge installation,4.44,0.9,3.42,195
P1628,35.634399093341784,79.7567148646768,Fridge installation|TV repair,3.67,0.61,6.3,69
P1629,13.238992160643939,79.79046642925924,Fridge repair,3.71,0.92,16.29,177
P1630,14.515160303047072,89.07904341451638,Fridge installation|TV installation|TV repair,4.42,0.66,27.61,158
P1631,17.95034997609327,75.01526740516098,TV repair,3.8,0.61,23.63,127
P1632,9.27323379528848,86.9572620942473,TV repair|Fridge repair|Fridge installation,4.55,0.93,15.82,131
P1633,12.424652504768984,92.91648212292552,TV installation|Fridge repair,3.94,0.76,14.59,36
P1634,36.497958948148444,92.94718651834647,Fridge installation|TV installation,4.38,0.98,22.22,48
P1635,20.269190161098003,76.08391818459025,TV installation,3.94,0.97,12.84,172
P1636,31.28602273214844,80.38684340040335,Fridge repair|TV installation,3.47,1.0,28.78,73
P1637,28.16527327122422,71.06601225250292,Fridge installation|Fridge repair|TV installation,4.33,0.71,7.57,268
P1638,34.62948687029788,85.48711137246744,Fridge repair|Fridge installation|TV installation,4.61,0.92,7.41,211
P1639,10.710570170228863,82.72765415098696,Fridge installation,3.32,0.77,25.32,38
P1640,25.105197438752914,73.81787476261493,Fridge installation|TV repair|TV installation,3.57,0.66,8.98,19
P1641,28.274079956591237,94.73188776014726,Fridge installation|TV installation|Fridge repair,3.75,0.96,27.69,15
P1642,24.24700244970852,75.3951059225312,Fridge repair|Fridge installation|TV installation,3.53,0.62,10.55,215
P1643,9.631974655225982,79.94782569527301,TV installation|Fridge repair|TV repair,4.16,0.76,18.18,92
P1644,19.250612890991867,72.6374841056997,TV installation|Fridge installation|TV repair,3.8,0.83,28.55,292
P1645,22.714428721503857,77.53867356811101,TV installation,4.02,0.61,10.76,285
P1646,8.598659746828005,95.90815386971006,Fridge installation|TV installation|TV repair,3.92,0.77,9.18,99
P1647,15.968917668232194,71.17259783834969,Fridge installation,4.32,0.73,23.48,12
P1648,34.10681086553117,83.16646393806914,TV repair|Fridge installation|Fridge repair,3.23,0.76,7.79,125
P1649,28.75343096617511,91.20157783058977,Fridge installation|TV repair,3.69,0.67,2.07,247
P1650,18.220549214626406,84.09238518093686,Fridge repair,3.38,0.94,9.22,113
P1651,12.257247320865897,81.89082407554,Fridge repair,3.03,0.89,4.06,290
P1652,28.835345171371838,90.33258190636838,TV repair,3.92,0.89,22.61,119
P1653,12.724581197046954,77.76775421805625,Fridge installation|TV installation|Fridge repair,4.11,0.83,5.66,277
P1654,15.780183670645147,92.41870232388356,TV repair|Fridge installation|TV installation,3.63,0.94,14.0,89
P1655,27.904631590781708,68.53231600699512,TV repair|Fridge installation,3.62,0.86,2.26,213
P1656,32.70475149164111,87.83672098907007,Fridge repair|TV repair|Fridge installation,3.53,0.88,24.19,214
P1657,34.999559000511425,92.40107664473516,TV installation|Fridge repair|TV repair,4.29,0.74,23.83,205
P1658,36.572829654926146,75.17767772852432,TV repair|TV installation|Fridge installation,3.16,0.63,19.92,210
P1659,8.056025514453651,89.04736036177555,TV repair|Fridge installation|Fridge repair,4.31,0.89,11.95,17
P1660,26.387596624318515,90.06585271587596,Fridge installation|TV installation,4.97,0.67,23.45,116
P1661,15.869412020542974,73.37101783767291,Fridge installation|TV installation|TV repair,4.36,0.81,16.4,112
P1662,9.011528868780802,79.8978050116198,TV repair|Fridge repair|Fridge installation,3.21,0.96,3.16,118
P1663,9.515121927324008,70.77077236237822,Fridge repair,4.32,0.86,2.93,266
P1664,8.580339985234469,75.33279438411421,Fridge repair|TV installation|Fridge installation,4.03,0.61,9.41,39
P1665,28.64885135457909,93.19959044342338,TV installation,4.87,0.73,5.8,210
P1666,13.800258712269681,71.79442847911578,Fridge installation|Fridge repair,4.35,0.82,24.11,144
P1667,26.131134481867935,96.60508297723787,Fridge repair,4.07,0.65,25.19,81
P1668,10.412852678759116,76.50848819878776,Fridge installation,4.76,0.91,2.62,99
P1669,18.567886113866695,78.23713777818325,TV repair|Fridge repair|Fridge installation,4.27,0.9,21.0,281
P1670,36.83905256782195,96.41959711132617,Fridge repair|TV installation|TV repair,4.76,0.83,13.14,249
P1671,8.3516177525446,75.22606042002863,Fridge repair|Fridge installation|TV installation,4.44,0.84,27.66,109
P1672,8.433549162022928,93.81054813331417,Fridge installation|TV installation|Fridge repair,3.49,0.89,24.71,60
P1673,30.830258777411526,79.85349006598555,Fridge repair,4.65,0.87,24.12,90
P1674,10.457131815419219,86.06621374295477,Fridge installation|Fridge repair,3.01,0.62,27.31,163
P1675,9.616330268540661,84.64488400754726,Fridge installation,4.73,0.79,4.2,136
P1676,17.630142833890794,72.49331177480013,Fridge repair,4.7,0.81,28.13,253
P1677,36.37143881690638,89.12319939692124,Fridge installation,4.29,0.73,2.97,116
P1678,16.295741498119277,82.98826626430048,TV installation|Fridge repair|TV repair,3.53,0.68,18.77,224
P1679,9.686865002906817,78.79511356039608,Fridge installation|TV installation,4.44,0.82,13.84,43
P1680,24.31741667984495,95.96728844306054,TV repair|Fridge repair|TV installation,3.43,0.89,12.36,40
P1681,31.31265655332235,73.33719000982195,Fridge repair,3.59,0.89,4.36,283
P1682,31.250675088527064,89.70002778737688,Fridge installation,4.59,0.99,18.05,291
P1683,32.09675223383367,69.20628273143761,Fridge repair|TV repair|Fridge installation,3.05,0.75,6.17,254
P1684,34.96832264664112,77.96241673345052,Fridge repair|TV installation,4.93,0.96,19.65,93
P1685,18.732589122029154,68.53181328130884,Fridge repair,3.26,0.9,15.2,195
P1686,35.215578158608565,71.55305513357573,TV installation,3.42,0.61,14.15,169
P1687,23.753382736647666,68.59383541750374,TV installation|TV repair,4.04,0.85,8.56,25
P1688,20.905541828035304,96.98565050154698,TV installation|Fridge installation|TV repair,4.67,0.96,25.05,170
P1689,36.46579186317324,94.04618094928955,TV installation,4.91,0.75,24.03,54
P1690,10.399317408804992,91.89543128555489,Fridge repair,4.35,0.68,4.23,289
P1691,27.17880530125017,76.39121989644514,TV repair,3.51,0.73,9.55,293
P1692,21.638234151633867,84.50537843898258,TV repair,4.86,0.81,11.9,101
P1693,20.84265572678111,77.23561334246686,Fridge installation|Fridge repair|TV repair,4.45,0.92,24.17,220
P1694,25.054501129786235,84.55000018572859,TV repair|TV installation|Fridge repair,3.97,0.82,15.77,126
P1695,28.749672684012733,71.17921763769975,Fridge repair|TV installation|Fridge installation,4.5,0.65,3.87,68
P1696,35.7527612972428,69.75265980327636,TV installation|Fridge repair,3.89,0.67,15.59,254
P1697,19.388547432182293,85.86511732185875,Fridge installation|TV repair,3.25,0.83,20.62,191
P1698,34.38488558412975,93.24161343006926,TV installation|TV repair|Fridge installation,4.12,0.73,10.21,265
P1699,17.38524461283389,70.30960658238168,TV repair|Fridge repair,4.17,0.98,15.58,282
P1700,32.872023659012996,94.02775621814226,Fridge installation|Fridge repair,4.89,0.76,8.08,192
P1701,29.53716084103622,73.21699324331033,Fridge installation,4.83,0.9,28.13,111
P1702,26.672169899098662,90.12551747683527,Fridge installation,4.52,0.95,22.41,276
P1703,26.113320294084474,80.08820384146101,TV repair|Fridge installation,4.12,0.77,29.05,145
P1704,35.15406147666141,85.15638036458546,TV installation|Fridge installation|TV repair,3.02,0.61,21.67,96
P1705,24.802012093090514,73.8660382516294,Fridge repair|Fridge installation,3.54,0.8,29.32,267
P1706,33.95808054617267,87.11809157447529,TV installation|Fridge repair,3.69,0.96,10.16,295
P1707,33.136156066448976,83.05757558149631,TV installation|Fridge installation,4.99,0.6,10.39,52
P1708,25.96118787215267,74.73188347120453,Fridge repair|TV installation,3.0,0.9,29.59,86
P1709,21.345991926541846,94.20925058057409,Fridge installation,3.82,0.81,15.36,118
P1710,13.444114189449936,91.81480589714869,TV installation|Fridge installation,4.83,0.81,22.38,192
P1711,24.912659694608333,74.66888104662999,Fridge repair|TV installation|Fridge installation,3.3,0.86,21.07,278
P1712,29.54435287865795,94.09586117362666,Fridge installation|TV repair,4.64,1.0,7.38,15
P1713,16.807907654144472,96.50540272698642,TV installation|Fridge repair|TV repair,3.55,0.68,14.38,140
P1714,15.517963926317833,94.35589689809511,Fridge repair,3.04,0.74,22.13,104
P1715,8.929841995741706,85.75702737637151,Fridge installation,4.43,0.77,23.2,217
P1716,14.417021140919337,72.68109264293965,TV installation|TV repair,3.74,0.94,25.18,106
P1717,20.071568981442176,75.69947729933018,TV installation|Fridge installation|TV repair,3.61,0.71,16.9,32
P1718,25.909162083078936,96.46105593317625,Fridge installation,3.68,0.88,8.23,32
P1719,22.845161516819097,77.26892563973406,TV installation|Fridge repair,3.34,0.71,3.0,24
P1720,22.271383055489984,70.73304892573124,Fridge repair|TV installation|Fridge installation,3.34,0.64,19.15,286
P1721,29.874187658021267,68.59481666029134,TV repair|TV installation,3.5,0.96,22.12,248
P1722,31.812657030070213,82.29801852466593,TV installation,4.69,0.84,21.09,80
P1723,13.822235142720718,71.11928036134259,TV installation,3.88,0.65,15.62,93
P1724,27.68083367830313,69.89079323447837,Fridge installation|Fridge repair,3.61,0.72,27.62,206
P1725,19.53016421000875,86.12275162386524,Fridge installation,4.56,0.91,16.54,290
P1726,32.50736749432954,81.92736603149848,Fridge repair|TV installation|Fridge installation,3.35,0.79,15.85,225
P1727,31.071873259726203,80.09460185074846,Fridge repair|TV installation,3.46,0.69,27.24,258
P1728,21.205559902283515,91.50361889501819,Fridge installation,4.66,0.76,16.53,257
P1729,11.642768402088759,80.13495690177061,Fridge repair,3.69,0.8,14.81,265
P1730,12.057650339582828,82.88110354388503,TV installation|Fridge repair|TV repair,3.48,0.67,3.82,187
P1731,27.99943651553851,81.61037561426063,Fridge repair|TV installation,3.88,0.78,13.51,282
P1732,18.902837379579246,86.56141511097164,Fridge installation|Fridge repair|TV installation,3.99,0.94,26.49,104
P1733,20.262826278438983,73.44071866781732,Fridge installation,3.04,0.81,21.04,52
P1734,29.565231679421654,96.58839780924433,Fridge repair|TV installation|TV repair,4.33,0.7,22.06,108
P1735,14.142179368864884,92.68221394957908,Fridge repair,3.85,0.98,22.24,240
P1736,29.122232286820296,81.86481354572842,Fridge installation|TV repair,4.01,0.94,21.07,272
P1737,24.541232435658394,94.28427212177374,TV installation,4.57,0.85,10.82,170
P1738,28.4560362297751,76.45575378603799,TV installation|Fridge installation,3.57,0.7,26.5,273
P1739,8.535236152247657,83.82264546838736,Fridge repair|Fridge installation,4.41,0.92,7.42,117
P1740,19.009295157083397,79.10103493621516,Fridge installation|TV installation,4.18,0.86,14.65,92
P1741,18.06436375265953,80.15316581063779,Fridge repair|Fridge installation,3.03,0.75,9.66,116
P1742,17.22708107575239,75.73439948847921,Fridge installation|TV installation|TV repair,4.93,0.66,24.05,22
P1743,32.332425874301364,95.01124362850037,TV repair,3.64,0.97,24.2,18
P1744,8.341187736642933,85.04868506596367,TV installation,4.0,0.95,4.35,22
P1745,27.72318125456504,87.4033204890062,Fridge repair|Fridge installation|TV repair,4.88,0.93,3.18,200
P1746,34.718366045807585,69.56597947325012,TV installation,3.72,0.93,19.12,142
P1747,22.406333280687743,69.19532333259929,TV repair|Fridge installation,4.17,0.62,18.9,249
P1748,19.876035928082704,78.86719965353703,Fridge installation,4.85,0.93,5.05,226
P1749,28.68335114723605,72.75689121232229,TV repair|Fridge installation|TV installation,4.91,0.87,3.66,143
P1750,33.61046279356847,84.73421399771073,TV repair|Fridge installation|TV installation,3.71,0.93,23.91,37
P1751,12.47649132698111,75.27860808017226,TV installation|TV repair|Fridge installation,4.48,0.92,9.82,295
P1752,36.93953889795634,75.49894242503044,TV installation|TV repair,4.45,0.96,8.6,22
P1753,16.97496579665114,96.31598344913763,Fridge repair|TV installation|TV repair,3.56,0.98,3.5,49
P1754,23.431222881273108,81.85843523655919,TV installation,3.45,0.88,7.34,63
P1755,31.21493861335602,75.36013163412377,TV repair,3.84,0.91,29.27,99
P1756,20.007966947266674,74.74917701423155,Fridge repair|TV installation|Fridge installation,3.98,0.95,21.94,150
P1757,10.58109216149771,88.125771143289,Fridge repair|Fridge installation,3.33,0.91,9.0,143
P1758,30.635096700218586,76.31756611843112,TV installation|Fridge repair,3.8,0.9,29.12,66
P1759,28.439079247833412,94.24726570603995,TV installation|Fridge repair|Fridge installation,3.87,0.8,27.97,279
P1760,22.27036945626404,83.40946411916273,Fridge installation|Fridge repair|TV installation,3.4,0.71,23.42,34
P1761,10.098106787027081,90.79929740674818,Fridge installation|Fridge repair,3.75,0.64,19.75,129
P1762,9.669584093781117,90.54592321934892,TV repair,3.77,0.73,14.55,37
P1763,18.62133717395575,85.44490668501147,Fridge repair|TV installation,4.21,0.75,27.33,178
P1764,13.304795954218074,71.80524900501891,Fridge repair|TV repair,4.18,0.85,3.48,163
P1765,31.06839571542255,69.43911420456224,TV repair|Fridge installation,4.71,0.86,14.16,180
P1766,33.90986049591169,73.63042820193792,TV installation|Fridge installation|Fridge repair,3.26,0.99,26.31,256
P1767,33.70491515410746,83.70891789697812,TV repair|Fridge repair,4.29,0.82,3.43,83
P1768,17.658137825538432,79.5989016129342,Fridge installation|TV installation,3.85,0.85,10.03,47
P1769,16.08269773909332,72.60672806637471,Fridge installation,3.39,0.99,6.29,32
P1770,24.467387855999917,69.21714459877595,TV installation|TV repair,3.35,0.95,17.76,118
P1771,10.10024707295986,76.56255827249325,Fridge repair|TV repair|TV installation,3.39,0.82,12.72,32
P1772,20.129658346174693,84.21975429022798,Fridge installation|TV installation|TV repair,3.37,0.78,18.83,263
P1773,32.373037867525355,77.38467461358805,Fridge installation,4.68,0.64,25.46,237
P1774,33.79395599219864,96.98158303358768,TV installation|Fridge installation,4.34,1.0,20.48,35
P1775,21.22243938729118,77.98841334029846,Fridge installation,4.39,0.9,25.88,145
P1776,15.689530661454134,75.40690220470346,TV installation|Fridge repair|Fridge installation,4.23,0.98,3.35,155
P1777,25.405276385115442,76.23775340031175,Fridge repair|TV installation,4.76,0.73,10.11,111
P1778,8.586850746558563,83.19580185647536,TV repair,4.01,0.81,29.27,176
P1779,23.086167973948047,88.18500723464484,TV installation,4.88,0.67,4.89,28
P1780,23.19709242616002,84.59089469217713,TV repair|Fridge repair,4.71,0.92,5.7,90
P1781,17.475490811843766,82.46318058766602,Fridge installation|TV installation,4.92,0.89,22.94,16
P1782,30.315076232152023,75.09889605185332,Fridge installation|TV repair|TV installation,3.1,0.94,2.28,179
P1783,31.622059823579907,83.47454793254698,TV installation,3.28,0.61,24.31,153
P1784,11.994120743997092,85.75282040097122,TV repair,3.33,0.81,18.52,288
P1785,9.016883521542843,69.08036253781168,TV repair,3.05,0.9,10.9,69
P1786,30.230161536635844,88.85713198137987,Fridge repair|TV repair,4.76,0.86,3.88,290
P1787,24.125662720552384,77.48235107403944,Fridge installation|Fridge repair|TV repair,3.88,0.86,15.84,18
P1788,23.781800061295208,89.45409478614687,TV repair,4.41,0.81,21.01,47
P1789,10.598797995864356,71.67030195869602,TV repair,4.65,0.95,14.47,100
P1790,33.87124845504136,68.89270996489157,TV installation|Fridge installation,4.5,0.9,28.69,189
P1791,16.769124577260378,91.07549386775028,Fridge repair|TV installation,3.67,0.6,28.87,175
P1792,31.93374530793872,69.92590219080925,Fridge installation|Fridge repair,3.34,0.72,10.98,264
P1793,35.63911029004197,93.0974527473979,Fridge repair,3.59,0.66,14.19,96
P1794,24.91820073750469,89.74962254701929,TV installation,4.02,0.64,26.03,232
P1795,36.16762634889117,71.41794315171333,Fridge repair,4.92,0.64,8.47,50
P1796,28.448281252530855,92.65866336058195,TV repair|Fridge repair,3.87,0.97,18.53,151
P1797,21.33568134611253,73.56776655669292,TV installation|TV repair,3.45,0.71,14.58,229
P1798,34.15331117680846,71.69378904496746,Fridge installation|TV repair,4.65,0.76,29.74,61
P1799,23.363472542447155,77.33037386589005,TV installation,3.15,0.96,24.47,240
P1800,21.974328134404715,84.3297340583023,Fridge installation|TV repair,4.19,0.86,15.88,22
P1801,28.30545951952754,83.88445737460496,TV repair|Fridge installation|TV installation,4.22,0.64,15.27,202
P1802,34.42642840319435,79.70894170387206,TV repair|Fridge repair|Fridge installation,3.42,0.86,26.39,56
P1803,16.883992680862242,87.3195958477265,Fridge installation|Fridge repair,4.78,0.7,28.05,46
P1804,19.29692576996415,82.82757664113501,Fridge repair|TV repair,4.86,0.95,5.77,205
P1805,8.18835546397844,71.18370565644173,TV repair|Fridge repair|Fridge installation,4.15,0.61,13.11,282
P1806,32.30661684063151,83.23086380669312,Fridge installation|Fridge repair,3.42,0.81,17.54,265
P1807,19.749572488491285,76.82666571945698,TV installation|Fridge installation,4.36,0.94,21.42,191
P1808,29.897725051646248,89.77353005985873,TV installation,3.53,0.83,27.04,209
P1809,15.432501706543622,83.32765595033234,TV installation,3.58,0.88,15.17,187
P1810,36.525633399951545,79.38090060773455,Fridge installation|TV installation|TV repair,3.72,0.73,27.05,261
P1811,19.088573339584613,95.10218410375518,Fridge repair,3.86,0.82,14.49,227
P1812,32.143322114979085,88.72951007180706,TV repair|TV installation|Fridge installation,4.46,0.8,21.94,36
P1813,12.036446279981625,68.09824759149653,TV repair,3.49,0.88,4.78,249
P1814,15.43580758747201,89.10357603380989,Fridge installation|Fridge repair|TV repair,3.15,0.69,22.96,101
P1815,33.37600140611249,85.81071837586977,TV repair|Fridge installation,3.38,0.71,15.33,68
P1816,18.233443164625687,72.14875978393653,Fridge installation,4.85,0.64,12.86,273
P1817,10.064994808695744,91.16193375698052,Fridge repair,3.49,0.89,3.91,203
P1818,14.514524516444165,91.52207516580462,TV repair|Fridge installation|TV installation,4.76,0.63,2.91,226
P1819,11.856959025164537,68.64862950033844,TV installation|Fridge repair|TV repair,3.1,0.71,3.82,71
P1820,25.087139980125993,86.16745180236762,Fridge installation,4.08,0.86,5.25,239
P1821,11.951308407635075,94.03861795516997,Fridge repair,3.49,0.74,28.61,248
P1822,18.607374049927635,95.53846226397532,Fridge repair|TV installation|TV repair,3.66,0.64,29.91,19
P1823,28.118979690123183,79.44424302727492,Fridge installation,3.74,0.78,6.96,80
P1824,18.56043175403356,92.71859512859926,TV installation|Fridge installation,4.51,0.84,12.2,278
P1825,30.508404059063064,82.1058638707415,Fridge installation,3.45,0.68,6.63,273
P1826,10.294749394765827,87.03767400837478,Fridge installation|Fridge repair|TV installation,3.04,0.93,6.89,158
P1827,8.445621271306976,80.36687036571479,Fridge installation|TV repair|Fridge repair,4.21,0.82,20.24,295
P1828,8.887559393770223,76.21602872584161,Fridge repair|TV installation|Fridge installation,4.0,0.62,7.21,222
P1829,19.82794074213649,88.44600114563664,TV installation|TV repair,3.45,0.92,19.66,202
P1830,11.410388881362351,95.50097203248063,TV installation|Fridge installation|Fridge repair,3.45,1.0,15.88,296
P1831,13.86592227051888,74.20407970123037,Fridge repair|TV installation,3.01,0.72,22.97,55
P1832,35.812275909270824,82.56968101092367,Fridge installation,4.83,0.88,22.23,183
P1833,14.735706048128232,94.0270036590673,TV installation|TV repair|Fridge installation,4.73,0.8,14.13,73
P1834,31.76067881666697,71.79024935870108,TV installation|Fridge installation|TV repair,3.35,0.74,13.44,112
P1835,8.538191759182242,88.27705164858394,Fridge installation|TV repair|TV installation,4.29,0.76,16.72,20
P1836,35.32796172246937,96.60318842588838,TV installation|Fridge repair|Fridge installation,3.18,0.72,12.43,203
P1837,30.521135983516317,77.31598545586903,Fridge installation|Fridge repair,3.71,0.7,9.13,212
P1838,26.42825820894781,72.52113606265846,TV repair|Fridge installation,4.44,0.89,20.66,13
P1839,9.601311175761763,95.68448788744162,TV repair|Fridge installation|Fridge repair,3.26,0.88,16.17,178
P1840,34.817676800066494,92.70326745574906,TV repair,4.05,0.69,5.41,12
P1841,35.88833639329239,83.91960049937698,TV repair,4.59,0.62,17.87,143
P1842,26.87548628737754,81.78214927102881,TV installation|TV repair,4.71,0.79,26.32,124
P1843,23.951123488959514,70.817775777013,Fridge installation,3.26,0.87,20.9,279
P1844,28.646636653900963,82.30406138206997,Fridge installation|Fridge repair|TV installation,4.71,0.64,14.58,212
P1845,11.034496400901142,90.14156045689063,Fridge repair,4.02,0.82,13.52,26
P1846,11.36450422656709,87.51461690432231,TV repair,3.86,0.93,7.5,87
P1847,32.53409927852451,81.69373731992708,TV installation,4.45,1.0,29.73,19
P1848,29.448008200669214,75.18094772876826,Fridge installation|TV repair|TV installation,4.67,0.76,28.94,27
P1849,10.342597202355964,79.23144403658456,TV repair|TV installation|Fridge repair,4.2,0.81,21.45,28
P1850,26.700319284585696,74.79901661543315,TV repair|Fridge repair,4.46,0.7,6.91,107
P1851,32.199172231859194,78.46286363128307,TV repair|Fridge repair,4.22,0.66,3.85,284
P1852,35.71909406080671,91.2104589560413,Fridge repair,4.34,0.82,24.18,269
P1853,25.653991428757035,79.94167879708746,TV installation,3.95,0.77,25.58,22
P1854,26.888277019560938,73.8714033255261,TV repair|Fridge installation|Fridge repair,4.78,0.94,4.15,19
P1855,22.35997617515332,85.66745722031129,Fridge installation|TV repair|Fridge repair,3.55,0.89,18.66,91
P1856,8.292136197803712,81.9495446142134,TV installation|Fridge repair|TV repair,3.83,0.64,27.85,106
P1857,24.735245836321198,93.31551318186105,Fridge installation|Fridge repair|TV repair,4.73,0.75,7.85,137
P1858,20.559325904461804,73.56921781321111,Fridge repair|Fridge installation|TV installation,4.81,0.68,2.72,54
P1859,26.047145337173664,87.18857676080839,Fridge installation|TV repair|Fridge repair,3.62,0.73,11.51,204
P1860,31.94699527089208,78.19778428930323,Fridge installation,4.81,0.99,11.8,233
P1861,14.478963802959125,70.34455724765436,Fridge repair|Fridge installation|TV repair,4.75,0.94,13.3,51
P1862,24.154912047833598,92.73572729653871,Fridge installation|TV installation|Fridge repair,3.63,0.81,15.59,136
P1863,34.858591585250174,78.98663874574348,Fridge repair|TV installation|Fridge installation,3.35,0.97,4.59,37
P1864,13.643958375412389,79.3308058253841,Fridge installation|Fridge repair|TV installation,4.89,0.7,20.71,105
P1865,8.077376872269301,93.92044775328229,TV installation|Fridge repair|TV repair,4.77,0.73,21.72,146
P1866,24.27247251184456,76.7065381731821,Fridge repair|TV installation,3.8,0.88,27.37,296
P1867,9.247404967021605,93.2316006001692,Fridge installation|TV installation,4.36,0.86,19.21,274
P1868,13.073434397039865,85.29517713369364,TV repair,4.67,0.9,23.08,174
P1869,15.458136944708391,84.35846272897012,TV repair|Fridge repair,4.07,0.66,18.55,136
P1870,14.44823755709912,83.79881296687594,Fridge repair,3.28,0.95,20.92,155
P1871,18.352527072063275,82.86795409753553,Fridge repair,4.35,0.98,9.1,275
P1872,32.95890473424089,83.13287352354861,TV installation,3.39,0.96,2.87,160
P1873,28.38070343781327,69.21816725514554,TV repair|Fridge repair,4.81,0.79,14.89,139
P1874,32.431274103612836,81.51237457696956,TV installation|TV repair,3.19,0.88,15.7,74
P1875,8.071183006871482,80.05562796534561,Fridge installation,4.46,0.92,28.47,295
P1876,15.38417913293397,94.80029052496427,TV installation|TV repair,4.55,0.83,21.48,198
P1877,28.65942682571473,78.68286071995729,Fridge repair|Fridge installation,4.43,0.62,12.82,169
P1878,12.838308798204206,68.66947893600134,TV installation,3.27,0.86,24.46,173
P1879,20.24647127223912,75.32427106681624,Fridge repair|TV repair,3.74,0.64,9.04,239
P1880,28.899368156344043,69.40796238905703,Fridge installation|Fridge repair|TV repair,4.3,0.69,4.29,228
P1881,24.00893889935565,78.36391569999091,TV repair|Fridge repair|TV installation,4.93,0.99,14.42,24
P1882,23.40217325378051,79.83843285505873,TV installation|Fridge installation,3.55,0.65,24.94,216
P1883,19.06701028112151,85.92308821563175,TV repair|Fridge repair|TV installation,4.44,0.76,27.34,28
P1884,21.061312215772,86.75350984163725,Fridge installation,4.91,0.92,3.12,152
P1885,21.64579586358546,77.12100959406405,TV repair,4.4,0.93,22.48,72
P1886,36.79303957450301,70.08644441794377,Fridge repair|TV installation,3.09,0.74,29.14,216
P1887,19.886639795382848,86.3882347750484,TV repair|Fridge installation,3.05,0.96,16.54,298
P1888,8.881525029534258,80.57505502014854,TV repair|Fridge repair|TV installation,4.14,0.95,27.99,118
P1889,20.739794897511914,89.6363825406139,Fridge repair,3.41,0.75,19.76,30
P1890,33.77764394843115,86.60632255100109,TV repair|TV installation|Fridge installation,4.29,0.96,16.23,74
P1891,30.49398442445497,76.35633518196788,TV installation|TV repair,3.65,0.87,17.77,157
P1892,20.96260241410112,75.42356365993257,Fridge installation,4.32,0.75,24.01,160
P1893,11.37568268380663,73.92920606116252,TV repair|Fridge installation,3.17,0.85,6.13,114
P1894,18.05604208568199,93.00972621649959,Fridge repair|TV installation,4.71,0.61,19.07,181
P1895,20.572808571563428,74.94825160599635,TV installation,4.24,0.67,23.19,251
P1896,27.218950277677155,87.49104694339917,TV repair|TV installation,3.5,0.73,25.37,211
P1897,17.54378052912803,83.48473986111308,TV repair|Fridge repair|TV installation,3.12,0.68,15.6,280
P1898,26.052080622480663,74.10563525829744,TV repair|TV installation,3.68,0.82,18.61,276
P1899,36.33216058416157,86.62174525906354,Fridge installation|Fridge repair|TV repair,3.06,0.89,27.35,255
P1900,19.095075886456684,77.44907057818443,Fridge installation,3.48,0.81,27.73,64
P1901,26.562621500998933,85.62108370063422,TV installation|Fridge installation|Fridge repair,3.31,0.68,19.41,207
P1902,24.50226584987432,89.44579676155487,TV installation|Fridge repair|TV repair,4.57,0.72,16.35,270
P1903,25.587275490762824,89.90482895561519,TV repair,4.8,0.97,23.75,25
P1904,36.9408999167749,73.23729002923699,Fridge installation|TV installation,3.08,0.71,25.38,122
P1905,20.534585189240225,87.37007832821652,TV repair|Fridge installation|TV installation,3.86,0.78,3.84,99
P1906,22.31361100480045,88.19986486428542,Fridge repair|TV installation,3.54,0.72,25.58,111
P1907,15.744767266941446,80.76418198960016,Fridge repair,4.59,0.84,5.1,204
P1908,8.901744036348624,81.3806345339417,TV repair|TV installation,3.93,0.82,20.79,271
P1909,14.698024098264916,93.35330442384574,Fridge repair,3.34,0.77,7.24,262
P1910,17.2037976589561,95.91990507530545,Fridge installation|Fridge repair|TV repair,3.7,0.74,18.68,212
P1911,28.818167682806646,94.01411697126986,TV repair|Fridge installation,4.8,0.73,28.67,10
P1912,18.61389584040814,92.04665908946221,Fridge repair,3.8,0.61,24.99,284
P1913,25.757088160560745,80.71165049281626,TV repair,4.45,0.96,20.88,87
P1914,26.459378973005524,93.56478906177203,TV repair,4.07,0.9,23.37,256
P1915,12.024500639266293,76.7008839372694,TV installation,3.56,0.84,24.87,251
P1916,15.612049186777826,75.11400444159342,TV repair|TV installation,4.93,0.6,26.63,163
P1917,9.54899913423691,85.83867089395903,TV repair|TV installation|Fridge repair,3.09,0.85,8.32,62
P1918,17.22024056149786,84.06109656016687,TV repair|TV installation,4.46,0.62,2.31,146
P1919,11.823261916301911,87.26598445247672,TV installation,3.43,0.77,7.53,252
P1920,8.670098730836928,69.48281750509422,Fridge repair,4.91,0.66,21.84,158
P1921,31.271100618963317,89.3638904002116,Fridge installation|Fridge repair|TV repair,3.59,0.62,5.99,155
P1922,29.205200779892152,87.26571048940606,TV repair|TV installation|Fridge installation,3.26,0.86,23.62,251
P1923,8.383707096614929,87.84977795447585,TV installation|TV repair,3.04,0.88,19.8,68
P1924,11.3245583639855,92.27080556736946,TV installation|Fridge repair,3.06,0.93,5.93,154
P1925,22.583928260272156,81.43042298456307,Fridge repair|TV repair|TV installation,3.32,0.84,22.8,281
P1926,19.557767716596093,72.92671356939198,TV repair|Fridge installation|TV installation,3.77,0.95,12.17,138
P1927,11.347399260423764,80.69999215157375,Fridge repair|Fridge installation|TV installation,4.68,0.84,22.28,269
P1928,15.942282771455758,85.33124080267123,TV repair,4.6,0.65,5.1,112
P1929,29.783302666854897,85.10360842256428,Fridge installation|TV repair,4.54,0.77,23.24,287
P1930,29.821688436558414,95.17556354508838,TV repair|TV installation,3.17,0.82,9.11,250
P1931,34.730095195400914,95.0559139084453,TV repair|Fridge installation,3.48,0.92,14.13,149
P1932,15.907634519439963,73.53187556255466,Fridge installation,4.77,0.88,26.32,203
P1933,20.337504633434023,89.90934505341224,TV repair|Fridge installation|Fridge repair,4.21,0.88,9.91,225
P1934,17.086390303726958,85.34609089574545,Fridge repair|TV installation|Fridge installation,3.87,0.99,11.98,104
P1935,36.72725442610904,80.90822000688371,TV installation|TV repair,4.27,0.65,22.52,157
P1936,21.009784332060484,93.61085880749627,Fridge repair|TV installation,4.94,0.77,25.37,152
P1937,25.11734759253114,73.56442467996834,Fridge repair|TV repair|TV installation,4.16,0.8,13.16,239
P1938,10.110108910949187,70.86430249056379,Fridge repair,3.83,0.72,27.92,277
P1939,23.377178264621037,88.41848439062773,TV repair|Fridge repair,3.52,0.98,16.84,294
P1940,18.58632511080729,70.90612912246522,TV installation|TV repair,4.35,0.6,15.31,133
P1941,26.193889628625502,96.40317632099772,Fridge installation|Fridge repair,3.93,0.93,16.22,46
P1942,10.86731783741278,71.39610971365306,TV repair,3.6,0.98,19.73,161
P1943,28.455333754307198,80.10676212626682,Fridge installation|Fridge repair|TV repair,4.52,0.76,25.14,41
P1944,16.048853119642704,83.14911585737532,TV installation|Fridge repair,3.86,0.86,12.2,37
P1945,16.907348555508612,94.24755557825966,Fridge installation,4.74,0.7,4.27,98
P1946,19.38110466118673,76.10022574283515,Fridge repair|TV installation,4.86,0.87,9.35,19
P1947,14.158749003772435,92.87004259710965,TV installation|TV repair|Fridge repair,3.12,0.69,29.96,214
P1948,14.46626015228948,79.80710015212144,TV installation|TV repair|Fridge installation,4.98,0.91,18.1,280
P1949,20.116535904143504,75.62849390634618,TV installation|Fridge installation|TV repair,3.14,0.82,26.9,235
P1950,17.9594870525653,79.62617895479465,TV installation|Fridge installation|TV repair,4.52,0.79,28.33,160
P1951,36.07658682059797,91.16732602433672,TV repair|Fridge installation|TV installation,3.27,0.74,29.02,170
P1952,11.237485914314375,81.29954151049792,TV repair,4.39,1.0,11.07,152
P1953,17.886575866570624,83.76249697284959,Fridge installation|TV installation,4.68,0.95,6.49,260
P1954,17.721472226193576,69.2192990862024,Fridge installation|Fridge repair,4.2,0.94,12.68,253
P1955,13.049168178463814,78.96639678548136,Fridge repair|TV repair|Fridge installation,4.61,0.92,28.2,237
P1956,28.552923608708944,82.70988910101916,TV installation,4.61,0.89,12.3,241
P1957,15.32083142781106,84.7189579241705,TV repair,4.93,0.68,4.67,79
P1958,34.13549666635589,71.65697818363488,Fridge repair|Fridge installation|TV repair,3.79,0.94,27.38,251
P1959,23.85682662002023,89.56409278911555,TV installation|TV repair|Fridge repair,3.68,0.78,4.86,195
P1960,21.957008364836888,81.0680793281369,TV repair|Fridge repair,3.85,0.8,28.46,271
P1961,33.090533522085465,84.42303702405403,TV installation|Fridge repair,4.42,0.94,14.99,121
P1962,25.60074612656967,84.37957065149928,Fridge installation|Fridge repair|TV installation,4.72,0.93,5.42,120
P1963,17.730303049147054,77.78439210621423,Fridge installation,3.25,0.63,3.3,51
P1964,8.113950321244316,82.36831659418539,Fridge installation|TV repair,3.2,0.9,9.73,208
P1965,29.002085093587436,78.623527216264,TV installation,3.07,0.96,5.58,61
P1966,16.86132876962147,82.3702140760435,TV repair,4.0,0.61,11.95,78
P1967,26.547060964942023,87.2492353475293,TV repair|TV installation,3.83,0.62,23.96,161
P1968,23.322211553985845,95.8825563124793,TV installation|Fridge repair,3.64,0.79,24.73,201
P1969,31.11264198801058,82.93441450880199,TV installation|TV repair|Fridge repair,3.26,0.69,20.37,25
P1970,11.748183125687557,77.23114080390852,Fridge installation,3.11,0.88,26.96,82
P1971,18.19180853064982,72.84590254520339,Fridge installation|Fridge repair|TV installation,3.07,0.75,27.3,199
P1972,36.12480277199017,68.72511927266717,TV installation|Fridge installation,4.57,0.73,3.05,96
P1973,24.001599228045166,75.94757201545688,TV repair|Fridge repair,3.13,0.62,5.24,147
P1974,30.056185350077765,82.08141986621945,Fridge installation|Fridge repair|TV installation,3.69,0.77,28.01,256
P1975,12.20759395253501,88.27614551238561,TV repair|Fridge repair,3.04,0.94,21.44,54
P1976,32.24354902371077,71.55860287397525,Fridge installation,4.64,0.8,26.79,247
P1977,15.817289104321326,70.90491046088256,TV repair|Fridge installation,3.7,0.76,2.46,247
P1978,22.52722206074694,95.58324071075698,Fridge installation|Fridge repair|TV repair,4.52,0.77,3.52,90
P1979,36.96375099734819,78.78394334465973,Fridge installation|Fridge repair|TV repair,3.6,0.94,29.96,260
P1980,34.500091523372234,74.25747489683799,Fridge repair,3.09,0.72,21.48,218
P1981,27.95530241157061,68.61375060547911,Fridge installation|TV installation,3.67,0.66,8.52,154
P1982,19.506993562503943,80.0654762489663,Fridge installation|TV repair,3.34,0.65,18.2,49
P1983,14.329815002748198,72.76299094947149,Fridge repair|Fridge installation,3.47,0.8,9.59,290
P1984,11.433508401401967,89.92607669643108,TV installation,3.2,0.78,22.55,46
P1985,24.551568510266275,90.39242263941648,Fridge installation|TV repair,4.86,0.7,11.38,40
P1986,11.40668626791291,73.21109974488779,TV repair|Fridge installation|Fridge repair,4.94,0.82,15.11,159
P1987,24.151727765961326,87.17241989302022,Fridge installation|TV installation,3.67,0.75,18.64,106
P1988,25.371366476323757,92.83176195219835,TV repair|Fridge installation,3.23,0.88,13.45,194
P1989,15.793096614478936,86.90973640384412,TV installation|Fridge installation,3.27,0.81,23.51,213
P1990,11.51135764900242,93.07511430280687,Fridge repair,3.99,0.83,17.94,190
P1991,13.583367547706045,89.6088497064536,TV installation|Fridge repair,3.25,0.64,21.88,190
P1992,28.267696468394966,94.22088793688408,TV repair|Fridge installation|Fridge repair,4.61,0.71,26.61,34
P1993,28.70757558900826,76.48576909528049,Fridge installation|Fridge repair|TV installation,3.64,0.78,10.61,266
P1994,9.110916538350178,72.70590460421316,Fridge installation,4.79,0.62,26.83,205
P1995,9.063836156441727,80.45028124277113,TV installation|Fridge installation|Fridge repair,4.51,0.83,28.2,155
P1996,17.646781424690232,70.45418867008262,TV installation,4.89,0.81,4.08,246
P1997,33.18668764987634,86.54331456512055,TV installation|TV repair,3.9,0.86,21.79,164
P1998,8.296781835853968,68.64262653079112,TV installation,3.02,0.64,8.71,248
P1999,16.874177051059355,71.69520271742257,TV repair|TV installation|Fridge repair,4.09,0.94,20.99,22
P2000,24.286868633952192,88.73082325181187,Fridge installation|TV installation,4.46,0.87,26.38,298
P2001,29.44098565570384,87.13260553379234,TV installation|TV repair|Fridge repair,3.46,0.77,25.7,23
P2002,29.250296214997167,85.03385760364846,TV repair,3.9,0.9,3.9,267
P2003,11.844883225254197,79.45721343625759,Fridge repair|TV repair|TV installation,3.35,0.75,12.46,225
P2004,33.97977345324738,84.76054248458745,Fridge installation|Fridge repair,4.05,0.66,22.03,79
P2005,35.999084053230085,95.28504288894622,Fridge installation,3.39,0.66,8.73,214
P2006,24.521434329026885,74.42620948274397,TV installation,4.51,0.72,27.82,175
P2007,25.012366076217475,94.37600217690652,Fridge installation|TV installation|Fridge repair,3.38,0.92,5.66,247
P2008,12.777490112534885,69.22236209192509,TV repair|Fridge repair,3.91,0.92,23.61,176
P2009,29.451390898986723,93.25106289291367,TV repair|Fridge installation|TV installation,4.27,0.94,9.31,273
P2010,25.862028205513393,80.606021387244,TV installation|TV repair|Fridge repair,3.85,0.81,12.12,93
P2011,8.886482653081268,96.12684891457113,TV repair,4.85,0.97,12.22,297
P2012,35.669787488669684,94.1680356364,Fridge repair|TV repair|Fridge installation,4.58,0.76,17.8,79
P2013,15.91734787066092,86.16703167861523,Fridge repair,4.66,0.88,15.43,170
P2014,30.889713024136352,71.77563933624063,TV repair|Fridge installation,3.16,0.61,19.6,39
P2015,28.774702598307265,81.17788278716245,Fridge installation,3.95,0.79,2.93,288
P2016,35.16644453616705,91.29060081919212,TV installation,3.85,0.85,25.98,195
P2017,28.299705202012603,68.17641601653382,Fridge repair|Fridge installation|TV repair,3.94,0.65,25.79,170
P2018,15.071333891182272,76.63841361416101,Fridge repair|TV repair,4.12,0.76,20.89,201
P2019,9.865387219765285,91.07527194747313,Fridge repair,3.48,0.78,15.46,272
P2020,11.526926547769833,69.88633277437708,Fridge repair|TV installation,4.95,0.87,13.69,284
P2021,30.6189038692746,81.85844186393867,Fridge installation,3.86,0.6,27.94,158
P2022,28.934062956955014,93.63287488869204,TV repair|TV installation|Fridge repair,4.23,0.65,5.21,238
P2023,36.93574724678187,75.09589945557491,TV repair,4.68,0.93,8.47,34
P2024,13.127248327457867,70.96961014408403,Fridge repair|TV installation|Fridge installation,4.47,0.78,11.06,184
P2025,21.51026795219468,74.92272583411685,TV installation|Fridge repair|TV repair,4.38,0.83,4.17,16
P2026,20.760183239381227,78.99966498749343,TV repair|Fridge installation|Fridge repair,4.54,0.81,21.72,211
P2027,22.04594416589162,70.634307250781,Fridge repair|TV installation,3.26,0.7,26.07,61
P2028,18.731683045338645,73.02828914439857,Fridge repair|TV installation|Fridge installation,3.2,0.73,5.81,102
P2029,8.572230774383753,71.4090445871377,Fridge installation,4.69,0.94,11.22,147
P2030,35.666458319456424,82.81913814279302,Fridge installation|TV installation|TV repair,4.83,0.99,25.72,96
P2031,25.084373971002204,94.04540992450328,TV installation|Fridge repair|Fridge installation,4.59,0.82,13.82,225
P2032,15.47446177803404,89.80216939104255,TV repair,3.19,0.73,12.84,141
P2033,32.404615563048765,80.50137934802123,TV repair,3.8,0.61,21.47,94
P2034,15.976167509281268,72.11303603194257,TV repair|Fridge repair,3.01,0.81,5.0,70
P2035,25.088881075875513,75.9948910101783,Fridge installation,3.35,0.91,28.51,142
P2036,27.859307173729828,92.29442402601515,TV repair|TV installation,4.42,0.76,2.87,15
P2037,33.33639101388861,76.91243024864474,TV installation|TV repair,4.88,0.73,20.32,202
P2038,30.43670104789827,83.33188975668577,TV installation|Fridge repair|Fridge installation,4.86,0.77,26.35,78
P2039,30.955677795396745,71.34344653662441,TV repair|TV installation,4.86,0.93,8.29,57
P2040,14.109731522499322,86.10442162271482,Fridge repair|TV repair,3.15,0.93,6.89,49
P2041,28.457591367741987,87.59661239976131,Fridge repair,4.61,0.72,16.28,23
P2042,29.724351791750248,84.39002443049418,Fridge installation|Fridge repair,3.9,0.72,16.07,263
P2043,8.874679773698329,95.78452844003526,TV repair|Fridge installation|Fridge repair,3.43,0.62,10.19,21
P2044,32.68166458473219,84.15935230297127,Fridge repair|Fridge installation,3.41,0.85,12.02,215
P2045,29.066799385115086,70.77055002145087,Fridge installation|TV repair,3.79,0.99,24.64,283
P2046,23.172308958028264,94.07521336490548,TV installation|Fridge installation|TV repair,4.45,0.8,13.3,291
P2047,8.502453180915214,84.67240705800609,Fridge installation|Fridge repair|TV installation,3.42,0.68,5.51,124
P2048,34.986298784031604,80.42194103861385,Fridge installation|Fridge repair,3.66,0.99,26.18,124
P2049,15.13104007226795,81.8246460238476,Fridge repair,4.84,0.89,20.53,49
P2050,8.938885940957835,85.00092148886694,Fridge repair|Fridge installation|TV repair,4.11,0.74,7.64,101
P2051,26.195731222782378,84.41939354520389,Fridge repair,4.22,0.82,9.64,271
P2052,30.40350908767231,77.41568973379623,TV repair|Fridge installation,4.48,0.94,11.67,211
P2053,34.09859071328636,69.44391734244357,TV repair|TV installation,3.7,0.65,2.81,151
P2054,31.119947675661205,76.75159747095202,TV installation|Fridge repair,4.7,0.9,10.32,266
P2055,35.670514413867295,90.42501045733763,Fridge installation|TV repair|Fridge repair,4.86,0.88,27.08,187
P2056,10.221974603959811,81.71801862742731,Fridge repair|Fridge installation,4.6,0.92,23.28,84
P2057,21.16174441486652,85.25408236290264,Fridge repair,4.95,0.73,27.85,92
P2058,27.437646918000162,81.44183293039798,TV repair|TV installation,4.23,0.71,9.68,273
P2059,33.483754026200316,92.23652511151494,Fridge repair,3.46,0.61,24.53,76
P2060,10.925578813550331,85.03338798034795,Fridge repair|TV repair,3.9,0.91,7.85,140
P2061,26.80643032886892,68.81967633044935,Fridge repair|TV repair|Fridge installation,3.03,0.65,9.05,122
P2062,20.27675683152507,94.77519005539119,TV repair|Fridge installation,3.15,0.92,8.03,293
P2063,8.396136619623467,70.25178954524543,Fridge installation,3.78,0.66,12.55,298
P2064,35.44857022069309,75.14911757934168,TV repair|TV installation|Fridge installation,4.61,0.84,12.55,255
P2065,29.84318972342744,84.04860077816903,Fridge repair,3.72,0.75,26.62,57
P2066,32.288060145578434,73.32333410347248,Fridge repair|TV installation,3.85,0.76,16.38,138
P2067,11.067588299927943,76.05973831231141,TV repair,4.78,0.82,13.58,58
P2068,31.869771828573377,94.79098898457492,TV installation|TV repair|Fridge repair,4.28,0.93,3.65,142
P2069,25.204861696651776,74.7684681001238,Fridge installation|Fridge repair,4.88,0.84,10.71,174
P2070,12.686865761178627,76.49223305134755,TV repair|Fridge installation|TV installation,4.36,0.73,24.19,102
P2071,27.10005275992974,96.28771040575354,TV repair,4.74,0.94,28.15,72
P2072,18.202980015517532,74.74524447195166,Fridge installation|TV repair,4.23,0.8,29.76,252
P2073,32.996378655848744,82.25966463121209,Fridge repair,3.26,0.6,20.98,47
P2074,10.182894989104511,70.12746202599067,Fridge repair,3.39,0.79,23.97,218
P2075,32.65611846645764,78.31076168144563,TV installation|Fridge installation|TV repair,3.46,0.67,11.03,148
P2076,36.08980064503196,90.38248351182988,Fridge repair,4.8,0.73,29.78,83
P2077,35.14322013807456,70.75688857445475,Fridge repair|TV installation,4.35,0.65,26.64,15
P2078,10.386512689521306,85.88499926830212,TV repair|TV installation|Fridge installation,3.02,0.91,20.22,112
P2079,18.867776569106717,68.22639414017782,Fridge repair,4.39,0.73,18.0,13
P2080,23.47174899790089,91.8801385590203,TV repair,4.96,0.76,23.37,102
P2081,18.77109044780373,69.14231472380091,TV repair|Fridge installation|TV installation,3.73,0.84,5.34,95
P2082,12.861037151906638,92.29496591515985,Fridge repair|TV installation|TV repair,4.92,0.62,4.18,23
P2083,29.48347157724958,85.44266192555502,Fridge repair|Fridge installation|TV repair,4.34,0.76,15.66,152
P2084,29.130627387790106,86.72559999762348,TV repair,4.97,0.69,18.74,271
P2085,16.48091836892448,70.3603191823565,Fridge repair|Fridge installation,3.02,0.77,13.49,126
P2086,33.78790598827794,74.08497090962628,TV repair|Fridge installation,4.96,0.88,15.89,156
P2087,35.676573850993634,73.96601999836032,Fridge installation,3.62,0.72,10.09,93
P2088,17.510537481323098,80.263233356174,TV repair|Fridge installation|TV installation,4.34,0.61,24.96,16
P2089,18.18536928935952,77.10250183102919,TV repair,4.37,0.69,13.75,198
P2090,21.35237784863144,94.30225449898589,Fridge installation|TV repair,4.79,0.99,26.78,287
P2091,25.033636604267095,73.82824695094595,Fridge installation|Fridge repair|TV installation,4.58,0.91,5.15,91
P2092,26.98432875159576,69.42269265485065,Fridge repair|TV repair,3.21,0.65,4.56,124
P2093,11.061693624364437,73.46205932539405,TV repair|TV installation|Fridge installation,4.0,0.92,6.2,130
P2094,18.149928162870932,92.53014027994021,Fridge installation,4.89,0.95,3.88,169
P2095,11.482630490574984,68.1642270152481,Fridge installation,3.1,0.97,27.44,156
P2096,15.327709204441122,77.48855656903848,Fridge installation|TV installation,4.07,0.68,24.71,297
P2097,30.916257085006382,81.84105134346382,TV installation,4.57,0.77,9.06,136
P2098,10.256880474477812,82.42405318786902,Fridge repair,3.3,0.92,13.78,228
P2099,9.454176669082496,79.50165518069599,Fridge installation|TV repair,3.74,0.71,27.53,199
P2100,33.06797674094092,88.10495839485284,Fridge repair|TV installation|Fridge installation,4.25,0.61,22.95,130
P2101,22.521902967488593,82.19726628060056,TV repair|Fridge installation,3.91,0.68,23.16,37
P2102,33.48522778449187,87.77431536140624,TV repair|TV installation,4.08,0.98,5.36,83
P2103,33.26691432090445,91.99694783295317,Fridge installation|TV repair,3.72,0.84,6.38,279
P2104,14.68223718261578,89.56836763362092,Fridge repair|Fridge installation,4.06,0.76,9.53,45
P2105,13.503816545602715,73.41929421770021,TV installation|Fridge repair|TV repair,4.15,0.87,5.37,189
P2106,26.992904308391942,93.52309334898574,TV repair|TV installation,3.43,0.99,6.0,43
P2107,24.620709774904377,90.64825762082351,TV repair|TV installation|Fridge repair,3.73,0.99,14.16,33
P2108,21.513035697397964,87.69207779725076,Fridge installation|TV repair,4.66,0.78,18.62,135
P2109,26.731579265759905,96.59318637455996,TV installation|Fridge repair|TV repair,3.1,0.95,17.74,249
P2110,18.672622613737545,78.89207734628779,Fridge installation|TV repair,4.96,0.72,9.43,288
P2111,12.456554880195,85.87254666919276,TV installation|Fridge repair,3.31,0.83,25.14,238
P2112,28.15399279574053,76.94344316698924,Fridge installation|TV installation|Fridge repair,4.75,0.91,2.43,198
P2113,30.944923354054062,84.23299629494943,TV installation|TV repair|Fridge repair,3.72,0.63,22.44,247
P2114,16.377731681852573,72.99433134400395,Fridge installation|TV repair|TV installation,4.52,1.0,23.78,127
P2115,20.53042767270997,85.24851022893421,TV repair|TV installation,3.7,0.73,23.19,96
P2116,28.45957715923098,87.72618775707637,Fridge repair,3.58,0.73,21.08,141
P2117,19.62722334389442,80.49370433282665,TV repair|Fridge repair,3.11,0.78,24.27,240
P2118,32.74023028555405,74.3727587048395,Fridge installation,3.13,0.9,7.92,64
P2119,22.696718065887108,92.36024646879596,Fridge installation|Fridge repair,4.16,0.73,16.45,199
P2120,17.741501508093997,71.89291415371856,TV repair|Fridge installation|Fridge repair,3.15,1.0,20.36,62
P2121,31.818554060157062,82.8423855257201,TV repair,4.44,0.72,10.57,267
P2122,18.897021086314925,96.4919968807721,TV installation,4.33,0.98,7.64,289
P2123,18.848341671357893,75.84258947948345,Fridge repair|TV installation,3.59,0.74,29.69,59
P2124,33.29998211811436,86.36579646556147,Fridge installation|TV repair|Fridge repair,4.78,0.74,15.01,260
P2125,19.716582983021592,68.46891665868107,Fridge repair|TV installation|Fridge installation,4.18,0.61,2.03,184
P2126,14.836842220138719,77.59514001432612,Fridge repair|TV repair,4.91,0.73,17.83,167
P2127,12.333525162118553,84.82511472409948,TV repair|Fridge repair|TV installation,4.32,0.89,9.15,93
P2128,33.78757121623923,87.29871598898168,Fridge repair,4.23,0.85,10.3,291
P2129,10.925775261069909,85.56153794292398,Fridge repair,4.36,0.86,26.11,210
P2130,23.23540428573451,71.325990216512,TV repair|Fridge installation|TV installation,4.98,0.72,19.78,20
P2131,16.521271713036857,89.92189300491988,Fridge repair,3.77,0.76,20.84,165
P2132,27.339132447496212,94.09650609656342,TV installation,3.57,0.96,5.66,151
P2133,36.052255994687144,91.53081757831903,Fridge installation|Fridge repair,3.22,0.65,18.65,50
P2134,18.710307382138595,70.86174660703244,Fridge installation|TV installation,4.14,0.64,6.49,249
P2135,34.537226193085374,89.94122408640976,Fridge installation|Fridge repair,4.64,0.69,9.38,23
P2136,30.186839509601356,95.48959528910041,TV installation,4.43,0.95,19.88,163
P2137,26.141136751952182,82.36124058747484,TV installation|TV repair,3.55,0.79,23.71,42
P2138,16.04389858666574,81.80088281405523,Fridge installation|TV installation|Fridge repair,3.94,0.76,24.98,154
P2139,25.36618642486694,95.13822830558401,Fridge repair,4.55,0.66,6.88,103
P2140,15.570937196964547,76.08251302300056,TV installation|TV repair|Fridge repair,4.82,0.86,4.29,30
P2141,12.514607640717287,86.28223069689878,TV repair,4.47,0.94,28.34,236
P2142,20.169961437459303,70.80072084046427,Fridge installation,3.08,0.79,18.78,239
P2143,16.320202918450967,77.33893397328913,Fridge installation|TV repair|Fridge repair,4.13,0.71,4.68,231
P2144,13.044486246521604,92.43815338246009,Fridge installation,3.57,0.89,17.9,51
P2145,27.67216825419558,90.15591443026675,Fridge installation|Fridge repair,4.98,0.74,13.51,169
P2146,10.016124667342668,69.38281118324313,Fridge installation,3.12,0.98,25.8,188
P2147,34.802286105062834,82.6524063172764,Fridge installation|Fridge repair|TV installation,3.49,0.76,22.13,176
P2148,27.398103062939917,86.9957161957476,Fridge repair|TV repair,3.89,0.74,25.41,38
P2149,17.31640002900346,70.98755663882397,Fridge installation,3.14,0.64,18.32,263
P2150,27.134586288353734,88.91494862389636,TV repair|Fridge repair|TV installation,3.3,0.95,6.68,172
P2151,29.68552250989092,79.52616384434378,TV installation|Fridge repair|Fridge installation,3.42,0.81,27.8,41
P2152,25.916643113007787,89.79687541574202,Fridge repair|TV repair,3.43,0.89,8.37,239
P2153,24.236698527675383,88.17353848325098,Fridge installation,3.24,0.7,5.91,81
P2154,35.14126197427467,71.97198859046955,Fridge repair|TV repair|TV installation,3.98,0.7,23.13,83
P2155,13.85851728234938,90.96698476697348,TV repair|Fridge installation|TV installation,4.49,0.79,3.4,293
P2156,17.519896513186385,72.58893861755219,TV repair|Fridge repair,3.34,0.86,17.41,255
P2157,11.26823795271143,70.09700666841096,TV repair|Fridge installation|TV installation,4.49,0.88,3.64,34
P2158,25.777404870507183,73.00102487361899,TV repair|Fridge repair|TV installation,3.04,0.61,16.21,126
P2159,31.532137881997027,92.02761870188444,TV repair|TV installation|Fridge installation,4.14,0.72,8.1,114
P2160,15.500566862482327,81.57376502106847,Fridge installation|Fridge repair,3.47,0.84,27.85,244
P2161,8.163408035981446,68.86419314815791,Fridge repair|TV installation,4.13,0.91,12.28,51
P2162,22.97462323790757,70.74835585616857,Fridge repair|TV installation,3.64,0.61,5.1,226
P2163,11.974970333672994,73.02290529203745,TV repair,3.11,0.86,25.44,151
P2164,33.362717824827826,74.18705066224366,Fridge repair|Fridge installation|TV installation,3.65,0.66,19.38,230
P2165,23.744161812850958,80.56731298631856,Fridge installation,3.55,0.99,9.25,144
P2166,16.67286497865645,78.41575422038464,TV installation|Fridge repair|TV repair,4.44,0.84,7.0,175
P2167,17.944670100266503,73.6153693360262,Fridge repair|Fridge installation|TV repair,3.4,0.89,19.2,222
P2168,12.206896444572283,71.4999318496972,Fridge installation|TV repair,4.26,0.6,2.51,266
P2169,31.1713007692184,69.05139196780429,TV repair,4.97,0.78,12.06,271
P2170,36.33101108712214,72.71134620126816,Fridge repair|TV repair,4.2,0.8,7.45,138
P2171,15.989732578027862,79.0695847537127,Fridge repair|TV installation|Fridge installation,3.75,0.7,14.06,26
P2172,28.19164078371546,69.53191469003997,TV repair,4.63,0.93,8.64,111
P2173,11.154811657652264,81.71450729149002,TV installation|Fridge repair|TV repair,4.5,0.84,4.82,173
P2174,9.60923091106076,68.07329894512536,Fridge installation|TV installation|TV repair,3.2,0.92,28.92,58
P2175,13.80929409614082,80.00916338159588,TV installation|Fridge installation,4.23,0.69,10.16,50
P2176,36.97127438839716,77.22700805345437,TV repair,3.3,0.92,18.81,160
P2177,35.456372961644604,70.26343632359686,TV repair|Fridge installation,4.25,0.77,17.59,165
P2178,34.646709486508385,79.6172658490529,TV installation|Fridge installation|Fridge repair,3.38,0.71,25.91,280
P2179,33.864171528781355,96.16405774905878,TV installation|Fridge repair,4.57,0.82,28.79,168
P2180,10.433173713017743,82.98295118857604,TV installation|TV repair,3.45,0.76,26.55,268
P2181,18.04708791294875,77.83322860321971,Fridge repair|TV repair|TV installation,4.13,0.72,5.28,155
P2182,17.69314485055681,95.83545937541703,TV repair,4.04,0.76,16.6,125
P2183,19.598842128091746,89.16742809997854,Fridge installation,4.06,0.93,13.91,36
P2184,33.57764013221776,78.76404949998428,Fridge installation|TV installation,3.15,0.98,14.18,221
P2185,27.322854370720474,83.8488975523349,TV installation|Fridge installation,3.41,0.9,24.51,226
P2186,31.047150881352078,95.9194769956485,Fridge installation|TV installation|Fridge repair,3.14,0.71,4.25,97
P2187,12.084176985361125,70.8967032219306,Fridge installation,4.12,0.76,22.02,121
P2188,18.87618024896609,71.1008424709701,Fridge repair,3.99,0.95,26.84,30
P2189,33.702576597790596,75.8730423074959,Fridge installation|Fridge repair,3.08,0.94,26.19,34
P2190,24.658578961594394,91.58048790602116,TV repair|Fridge installation,4.57,0.96,17.48,85
P2191,16.479684121074214,79.66591160282339,Fridge repair|TV installation|Fridge installation,4.53,0.7,25.49,156
P2192,23.432928864829247,95.31685413932333,Fridge repair|TV installation,4.36,0.86,21.93,62
P2193,35.24494574373139,80.42835129636522,Fridge repair,3.72,0.78,16.54,33
P2194,24.384999164275555,93.56276852419188,Fridge installation|TV installation|TV repair,4.58,0.82,4.07,65
P2195,24.18342029325514,69.64183422090697,TV installation|Fridge repair|Fridge installation,3.34,0.71,9.91,56
P2196,31.115227390319934,87.76859380241314,TV installation|Fridge installation|TV repair,3.41,0.64,25.23,43
P2197,14.261842427229768,93.6496680936903,TV repair|Fridge installation|Fridge repair,3.17,0.78,25.78,30
P2198,17.044814344328312,80.86841004492376,TV repair|Fridge repair,3.24,0.65,22.33,111
P2199,36.947738499347864,68.10163524240069,Fridge installation,3.06,0.93,7.58,11
P2200,14.877294123858565,80.35690446544494,TV installation|Fridge repair,4.46,0.85,8.65,266
P2201,11.29446871474541,93.17630468037147,Fridge repair|TV repair,3.26,0.85,22.16,74
P2202,26.34712190195665,69.52135429444783,TV repair,3.59,0.97,6.81,224
P2203,10.70454348524412,94.70569857707565,TV repair|Fridge installation|Fridge repair,3.69,0.96,28.46,88
P2204,17.00938667144645,90.5741977345354,TV repair|Fridge repair|Fridge installation,4.09,0.93,5.12,42
P2205,19.121761710289434,95.2667915933138,TV installation,4.39,0.95,12.26,146
P2206,36.255211478928004,68.49801672920871,TV installation|TV repair,4.9,0.75,2.28,287
P2207,36.43566881690927,96.00314596229018,TV installation|Fridge installation|Fridge repair,3.32,0.67,17.84,190
P2208,32.55267786564767,80.02724645473405,TV repair|Fridge repair,3.07,0.73,23.38,240
P2209,23.661905743240983,80.0140285801066,Fridge repair|TV installation,4.95,0.83,26.27,116
P2210,24.23880817432168,86.31030076681988,Fridge repair|TV installation|TV repair,3.48,0.77,9.15,64
P2211,16.843104493232165,78.44189931297112,Fridge repair,3.84,0.64,3.19,121
P2212,18.605759858192364,89.0643535137084,Fridge installation,3.91,0.82,17.21,274
P2213,35.65359449121961,92.34911037998526,Fridge repair|TV repair,3.85,0.86,6.96,179
P2214,27.10300569259478,72.36568358467154,Fridge repair|TV repair,4.85,0.83,11.22,35
P2215,18.764574848233824,88.44558101119554,TV repair|TV installation,3.77,0.7,18.17,291
P2216,16.35830990572014,73.63546426233945,Fridge installation,4.95,0.74,18.84,143
P2217,24.253730983031552,94.52617656211523,Fridge installation,4.35,0.76,26.15,237
P2218,15.883532085541868,96.39488360801403,TV installation,3.54,0.88,9.1,144
P2219,15.914730098449368,72.92017135644485,Fridge installation|TV repair|Fridge repair,3.97,0.88,8.36,260
P2220,18.389007851072538,70.87156326395959,Fridge repair|TV repair,4.52,0.84,9.68,29
P2221,12.925343565736192,71.0828688180756,TV repair,4.81,1.0,6.6,177
P2222,36.344279353038985,69.51058645090548,Fridge repair,3.7,0.77,25.08,216
P2223,18.874772203451098,84.40124851028318,TV repair|TV installation,4.67,0.61,24.46,86
P2224,8.929871123040964,69.3218486252673,TV repair,3.69,0.64,15.42,147
P2225,23.140133562982662,77.59634890926276,Fridge installation,4.08,0.98,7.77,75
P2226,34.43138934674128,82.54536044629839,TV installation|Fridge repair,3.72,0.67,26.27,161
P2227,28.39688768104904,73.87187836010003,Fridge installation|Fridge repair,4.34,0.67,19.18,139
P2228,15.633420683146905,88.59791260850824,Fridge installation,4.36,0.74,24.64,116
P2229,9.92823306006823,95.6383509986355,Fridge installation|TV installation,3.56,0.75,4.57,88
P2230,23.636780724491746,82.80493770827081,TV repair|Fridge repair|Fridge installation,3.32,0.75,20.84,97
P2231,15.621613962035308,69.31165929668623,Fridge installation,3.0,0.74,8.76,228
P2232,13.206320482316336,71.61046804977049,Fridge installation|TV repair|TV installation,4.83,0.66,17.05,193
P2233,29.994317045518713,73.96254265213487,Fridge repair|TV installation,4.09,0.92,17.04,195
P2234,13.469369006876168,84.287343465247,TV repair,4.39,0.81,14.16,124
P2235,29.049739445813454,90.91819932581241,Fridge repair|TV repair,3.58,0.75,19.55,192
P2236,16.62171737754354,81.64570309533329,Fridge repair|Fridge installation,3.19,0.62,5.12,163
P2237,34.951107216038764,77.74505359400035,TV installation,3.13,0.77,13.04,151
P2238,35.808233540510955,92.28931930561339,TV repair|TV installation|Fridge installation,3.73,0.63,17.93,74
P2239,32.64929724617827,96.88374047743704,Fridge installation|TV repair,4.02,0.74,7.21,122
P2240,10.88689311675758,76.88593835326445,Fridge repair|TV installation|TV repair,4.0,0.69,17.17,167
P2241,26.852916026866062,94.22627586725912,Fridge installation|Fridge repair|TV repair,3.17,0.69,25.64,277
P2242,10.282558597134392,82.10415333817537,TV repair,3.42,0.68,28.34,280
P2243,18.450965525140518,80.38016053236228,TV repair,4.96,0.91,27.12,165
P2244,19.25479628732957,76.05076258587867,TV installation|Fridge installation|Fridge repair,4.14,0.7,10.71,93
P2245,9.35244111338612,80.53808441180581,Fridge repair,4.65,0.61,20.91,177
P2246,26.751609868339507,75.88595658626713,Fridge installation|TV repair,3.77,0.89,28.26,198
P2247,10.909600543149992,72.30019359898156,Fridge repair,4.4,0.89,20.88,134
P2248,12.923531252985542,84.84207166661534,Fridge repair,3.97,0.89,14.36,244
P2249,16.510878743411418,74.13263928144265,TV repair|TV installation|Fridge installation,3.53,0.64,11.71,274
P2250,29.656342893963444,77.43860067162205,Fridge installation,4.34,0.89,18.27,268
P2251,27.85906666235444,73.41654189244603,TV installation|Fridge repair|TV repair,4.09,0.99,14.11,225
P2252,36.111778654166336,71.99153094319956,TV repair,3.84,0.94,28.1,133
P2253,20.2188546817204,92.76645038320832,TV installation|Fridge installation|TV repair,4.54,0.63,19.39,157
P2254,24.168029675350983,95.74976483635602,TV repair|Fridge installation,4.76,0.76,10.16,251
P2255,35.4031453155965,91.89050513453017,TV installation|TV repair|Fridge repair,4.28,0.62,20.27,129
P2256,18.13994803340489,70.692507509388,TV repair|TV installation|Fridge installation,4.03,0.69,17.02,198
P2257,14.80404574318218,75.60871797338027,TV installation|Fridge repair,4.41,0.67,15.0,222
P2258,16.86702512716163,81.32802317050387,TV repair,3.37,0.85,16.0,129
P2259,20.56897247382839,71.65736605159437,Fridge installation,3.87,0.89,21.13,51
P2260,17.831827942573383,84.5709303982828,TV installation|TV repair|Fridge repair,3.89,0.86,3.42,76
P2261,15.119552519796683,86.8957889114273,Fridge repair|Fridge installation,4.66,0.78,21.03,156
P2262,22.78688469619528,93.02778149633909,Fridge installation|TV installation|TV repair,3.83,0.9,25.98,179
P2263,16.87831087663867,75.18361818159237,TV installation|Fridge installation|TV repair,3.77,0.62,24.68,181
P2264,24.397861487394938,80.65239141951713,TV installation,4.08,0.68,14.06,167
P2265,20.964785110683884,95.0877347824501,TV repair|Fridge installation,4.71,0.64,5.68,263
P2266,9.031004448922598,96.92405267760057,TV installation|Fridge installation,4.75,0.72,9.21,37
P2267,33.32162141649273,68.93271177433446,Fridge repair,4.79,0.86,22.65,185
P2268,21.81801302780284,92.72916899307788,TV installation|Fridge installation|TV repair,3.49,0.61,19.34,273
P2269,14.746313105879512,91.3734950801793,TV repair|Fridge installation|Fridge repair,3.36,0.93,28.33,73
P2270,23.366703105425476,87.09154166477128,Fridge installation|TV repair|Fridge repair,3.16,0.8,12.1,150
P2271,25.61333512085457,73.36978631706988,TV repair|Fridge installation,4.25,0.67,3.79,96
P2272,19.73105815576814,84.05743696377246,TV installation,4.88,0.89,17.43,59
P2273,18.755819054914326,89.18353433318674,Fridge repair,3.82,0.71,19.07,259
P2274,24.399521209309544,88.12791617082274,Fridge installation|Fridge repair,4.54,0.96,11.93,291
P2275,14.234774484063344,69.07808335343974,TV installation,3.28,0.97,14.86,254
P2276,22.820527366042718,88.36418768384141,Fridge repair,3.95,0.72,9.98,75
P2277,16.026622362507467,88.72562925683721,Fridge installation|TV installation|TV repair,3.77,0.91,6.0,227
P2278,15.61123278656182,77.52917272781359,TV repair,3.22,0.97,10.15,119
P2279,35.83791549692154,77.71642595721599,TV installation|Fridge repair|Fridge installation,4.56,0.94,14.2,44
P2280,29.155789998804245,74.00509308631706,TV repair|Fridge repair|TV installation,3.75,0.6,23.24,155
P2281,24.710652941560095,92.11163295948862,Fridge installation|TV repair,3.38,0.91,18.69,169
P2282,25.941933141647166,69.90213507527447,TV installation|TV repair|Fridge repair,4.41,0.82,16.72,252
P2283,8.797293799321466,69.87630958461567,TV repair|Fridge repair|TV installation,4.47,0.73,11.72,235
P2284,20.923000070898034,69.50780951092771,TV installation|Fridge installation|TV repair,3.6,0.81,15.04,162
P2285,17.68141986595819,81.66627078208232,TV repair|Fridge installation,3.05,0.64,21.21,15
P2286,13.57112153678325,91.00980614979184,TV installation,3.07,0.99,26.22,76
P2287,30.647062213924332,96.75372296007656,Fridge installation|TV installation|TV repair,4.06,0.87,8.64,80
P2288,20.881004958266505,87.18537247702875,TV repair,4.38,0.95,2.95,186
P2289,34.904236113707114,70.73925448679286,Fridge repair,3.74,0.88,8.33,256
P2290,22.66430654944697,68.93801334964803,TV installation|Fridge installation,4.29,0.82,20.67,263
P2291,31.094027488909823,77.64698052624648,Fridge repair|Fridge installation,4.19,0.8,28.48,221
P2292,29.185736313400792,69.3442448135941,TV repair|Fridge installation,4.1,0.79,27.98,35
P2293,36.24025374520697,69.13461933977187,TV repair|Fridge repair|Fridge installation,4.89,1.0,28.39,246
P2294,24.190019207713558,92.97951884974043,TV repair,4.66,0.71,17.34,150
P2295,20.247508493986864,71.8035304949925,TV repair|Fridge installation,4.94,0.99,7.24,90
P2296,18.870715911107332,91.19846440896157,Fridge installation,4.67,0.72,15.13,217
P2297,9.527526623061217,93.78520389787778,Fridge repair|TV installation|TV repair,3.44,0.87,18.31,96
P2298,35.276864565323635,94.09689855535024,Fridge repair|TV repair|Fridge installation,3.7,0.64,21.72,234
P2299,14.276849418938474,91.28496539985402,TV installation|TV repair,3.8,0.68,23.25,165
P2300,8.974680207135183,79.5110294807881,Fridge installation,4.17,0.9,10.85,128
P2301,20.442391825191354,74.57631704717222,Fridge installation,3.91,0.98,25.81,281
P2302,8.863642832306708,95.0722050687823,TV repair,4.05,0.82,23.86,260
P2303,10.890163920635874,96.8599828488471,Fridge installation|TV repair,3.8,0.86,26.8,119
P2304,13.923677991657156,90.2346385582008,TV installation|TV repair,3.59,0.61,28.44,178
P2305,12.629643166640307,68.82925031242382,Fridge installation|TV repair|TV installation,4.82,0.93,29.23,202
P2306,21.249942094490407,79.91609724476238,TV installation|Fridge installation,4.11,0.7,3.46,60
P2307,26.55019753734969,84.53349406833664,TV installation|Fridge repair|Fridge installation,3.23,0.96,7.57,152
P2308,33.6672000137455,84.80477473011754,TV installation|Fridge installation,3.49,0.72,26.8,193
P2309,33.76918234407547,77.45604456748657,TV repair,3.27,0.8,22.91,221
P2310,36.717246169714784,78.86551380541748,TV repair|TV installation|Fridge installation,3.5,0.65,5.95,109
P2311,25.462474877667173,81.16405589054672,Fridge installation,3.82,0.8,3.13,249
P2312,33.29598068409258,80.11741978871171,Fridge installation|TV repair,4.12,0.61,28.21,205
P2313,32.589800706073916,89.80296526436135,TV installation|Fridge installation,3.9,0.85,21.27,166
P2314,11.028250938608338,81.16779813697804,TV installation|Fridge repair|TV repair,3.99,0.75,7.19,11
P2315,17.78916035325305,82.47870456481377,TV installation|TV repair|Fridge installation,4.35,0.99,6.04,174
P2316,8.041128383883548,84.23896026722946,Fridge installation|TV repair|TV installation,4.18,0.99,12.12,166
P2317,19.068960866720882,77.25389893386881,Fridge repair|TV repair,4.71,0.69,7.05,215
P2318,14.106755678846415,83.03741156618455,Fridge installation|Fridge repair|TV repair,4.08,0.7,4.02,17
P2319,29.981285108306693,96.93725549245528,Fridge repair,4.8,0.97,24.35,95
P2320,24.196968441663927,78.82459022884879,TV installation|Fridge repair,4.78,0.78,10.83,90
P2321,32.636012319587664,92.46638288716379,TV repair,4.02,0.92,7.02,97
P2322,36.53153176257882,76.43779448502089,TV repair|Fridge installation,4.59,0.8,3.11,56
P2323,12.88850518737127,86.31273344684976,TV repair|TV installation,3.17,0.98,10.17,296
P2324,19.285653417892423,89.92032742078649,Fridge installation|TV installation|TV repair,3.15,0.95,14.05,160
P2325,29.966808618535218,75.715505750741,Fridge installation|TV repair,4.78,0.99,15.84,167
P2326,19.976769745593742,72.38889650205445,TV repair,4.57,0.65,7.3,201
P2327,24.149828509919736,90.82464296572061,Fridge installation|TV repair|Fridge repair,3.63,0.63,15.01,297
P2328,32.99854053130933,79.56919535530963,Fridge repair|TV repair,3.34,0.8,13.67,174
P2329,31.422128445668623,73.45734090587042,TV repair|Fridge installation|TV installation,3.42,0.74,10.91,188
P2330,15.255930124842713,73.98246263709854,Fridge repair|TV repair|TV installation,3.27,0.77,5.8,167
P2331,12.314342418789412,87.04741812419279,TV repair|TV installation|Fridge repair,4.57,0.82,21.04,208
P2332,10.753028277402924,77.24670245916089,Fridge installation,4.99,0.87,22.44,116
P2333,10.284680059113516,76.03014900248719,Fridge repair,3.5,0.69,7.4,104
P2334,35.69033708062023,70.21537429682914,Fridge installation|Fridge repair|TV repair,3.19,0.8,24.94,170
P2335,21.968787351200568,69.61930840541775,TV repair|TV installation|Fridge repair,4.96,0.92,15.72,206
P2336,22.16228398815481,68.77859009805432,TV repair|TV installation|Fridge repair,4.42,0.76,16.87,187
P2337,30.279185551743176,91.28676851814743,TV installation|Fridge repair,4.76,0.98,13.35,41
P2338,28.219370163449092,74.01456281704496,Fridge repair,4.85,0.69,9.16,155
P2339,16.14980986183587,75.6071596548005,TV repair|Fridge repair|TV installation,3.45,0.88,4.37,250
P2340,15.273319842525996,75.33217971178968,TV repair,4.26,0.9,26.54,278
P2341,35.981606830751744,84.86016196475882,Fridge repair|TV installation,4.82,0.92,27.05,34
P2342,8.25763031103601,69.06231755563896,TV repair|TV installation|Fridge repair,4.19,0.76,26.91,62
P2343,20.529479797617377,83.30936673711548,TV repair,3.55,0.96,15.01,92
P2344,13.057905753276035,85.08212927764188,TV installation|TV repair|Fridge installation,3.51,0.7,15.67,246
P2345,35.5744083189803,92.43097723342353,TV repair,3.78,0.86,28.4,158
P2346,25.370712628299767,75.00474156876336,Fridge installation|Fridge repair|TV repair,3.98,0.63,2.97,263
P2347,31.68778076745219,82.99157251373262,TV installation|Fridge installation|Fridge repair,4.12,0.87,14.08,292
P2348,32.11451420095938,81.44301447577789,Fridge installation|TV installation,4.47,0.65,16.34,154
P2349,18.966098782969617,68.74019149215628,TV repair,4.45,0.93,5.5,121
P2350,23.40319434437525,72.24490222137655,Fridge repair|TV installation,3.28,0.83,29.58,222
P2351,25.424430350111507,72.64851074080403,TV repair|TV installation,3.42,0.71,16.27,284
P2352,16.980736366192218,76.61639758570742,Fridge repair|TV installation|Fridge installation,3.61,0.95,22.27,230
P2353,31.163725319608023,75.4563252271202,TV repair|Fridge installation|TV installation,4.24,0.78,23.91,152
P2354,23.017400269599108,86.97933689195037,TV repair,4.06,0.69,7.63,20
P2355,18.033202146403752,87.49453603586807,TV installation|Fridge installation,4.9,0.79,15.05,165
P2356,27.28592108936181,90.79401427024364,TV repair,4.42,0.66,14.77,274
P2357,13.934138704211577,87.80228071483808,Fridge repair,4.53,0.94,10.18,217
P2358,28.199631649248893,85.30542702061733,TV installation,3.25,0.99,5.44,230
P2359,31.595208526466426,85.93931188353194,TV installation|TV repair,4.68,0.81,12.56,267
P2360,22.9735329527506,88.05554095527363,TV repair|TV installation|Fridge repair,3.1,0.88,18.3,182
P2361,24.826349947025673,93.75512965133268,TV installation|Fridge installation|Fridge repair,3.95,0.9,24.53,135
P2362,18.99459341045143,95.09024603633726,Fridge installation|Fridge repair,3.43,0.64,11.62,152
P2363,12.15272761252702,84.18051350159993,TV repair|TV installation|Fridge installation,3.37,0.62,3.01,293
P2364,29.594311871767403,68.6971181212699,TV repair,4.3,0.68,21.5,178
P2365,25.87246191737937,73.3204633650966,Fridge repair,4.36,0.91,14.02,91
P2366,30.648883449817,75.0557834139935,Fridge repair|Fridge installation,4.9,0.74,20.25,283
P2367,34.611362536729594,70.26518097378353,Fridge repair|TV installation|Fridge installation,3.85,0.81,27.16,244
P2368,28.38407920187902,70.51555490607723,Fridge repair|Fridge installation,3.23,0.89,4.09,135
P2369,10.313139338081061,79.65568542278761,Fridge repair,4.29,0.74,9.65,42
P2370,30.720587991711156,96.26737137894685,Fridge repair,4.17,0.78,8.24,271
P2371,30.10474429928159,83.09185417579536,Fridge installation,3.41,0.82,23.43,155
P2372,30.901648267105923,73.66274112054056,Fridge repair|TV repair,4.2,0.73,2.26,104
P2373,11.283398848070028,92.43885458264458,Fridge repair,3.52,0.71,28.88,144
P2374,8.277983564187442,76.23153830203796,Fridge installation|TV repair,3.24,0.64,4.17,101
P2375,13.841264355861274,75.7595746999684,TV installation|Fridge repair|Fridge installation,3.15,0.74,2.76,251
P2376,22.44020354847258,79.56626183035291,TV installation,4.5,0.63,4.51,59
P2377,22.1212806839382,90.9220422592571,TV installation|TV repair|Fridge repair,4.83,0.76,18.7,213
P2378,36.46670901363055,92.10144781334125,TV repair,4.82,0.7,23.63,146
P2379,24.637953902659703,84.71134555756917,TV installation|Fridge installation,4.9,0.78,21.34,111
P2380,16.00175403897499,78.17036749549109,Fridge repair|TV repair,3.43,0.83,11.75,288
P2381,12.755651186807246,81.44085420568936,TV repair,4.21,0.8,15.68,179
P2382,13.53245040848487,77.30820809048952,Fridge repair|TV installation|TV repair,3.84,0.84,26.17,115
P2383,8.437552876110153,81.02787679250156,Fridge installation|Fridge repair,3.86,0.82,25.33,82
P2384,13.50119458065372,77.7977626851638,Fridge repair,3.16,0.68,27.52,145
P2385,15.695183978586336,77.58000766118477,TV repair,4.1,0.68,2.57,247
P2386,22.266271095671343,91.85354454849067,Fridge installation|TV repair,3.81,0.99,23.57,69
P2387,22.915467888385905,81.73704283643032,Fridge repair|TV repair,4.51,0.95,29.0,191
P2388,23.307473434669195,75.98247806888517,Fridge repair,4.73,0.84,2.01,218
P2389,26.3396259589207,85.1956739148947,Fridge repair|TV installation|Fridge installation,3.24,0.73,17.76,74
P2390,31.21808603597165,96.19253877650775,TV installation|Fridge repair|Fridge installation,3.43,0.67,14.74,86
P2391,16.166417696822293,68.57651735222113,TV repair|Fridge repair,4.08,0.98,12.96,59
P2392,17.185710810856143,71.6640021588178,TV repair|Fridge installation,3.97,0.81,21.65,17
P2393,27.977128048341125,93.95594979654992,TV repair|TV installation|Fridge installation,4.4,0.89,10.13,140
P2394,29.024153341386334,68.45515312493094,TV installation|Fridge installation,3.58,0.86,7.21,158
P2395,32.053952553088266,85.47916421472046,TV repair|TV installation,3.37,0.82,9.91,54
P2396,18.19431320630953,69.83625816219731,TV installation,4.97,0.61,20.55,121
P2397,21.13081246416493,82.94906237223148,TV installation|Fridge installation|TV repair,3.27,0.99,9.22,98
P2398,11.304897459386416,87.04990380498586,TV repair,3.56,0.61,13.62,87
P2399,15.203501653284205,90.00909778058455,Fridge installation|Fridge repair|TV repair,3.24,0.75,6.24,47
P2400,27.917815263776582,84.46695665058793,Fridge installation|TV repair|TV installation,3.7,0.88,17.05,84
P2401,23.1041629869796,85.12170804396328,TV repair|Fridge repair,3.12,0.99,15.03,296
P2402,8.284435326705314,75.17919347342396,Fridge installation|TV repair,3.21,0.91,10.96,82
P2403,33.53689085050803,85.59811143849826,Fridge installation|TV installation|Fridge repair,4.72,0.61,5.0,193
P2404,19.220342372846122,87.80200169248783,TV repair|TV installation,4.79,0.73,28.46,185
P2405,11.830853650133466,71.67197504230569,Fridge repair|TV installation,4.63,0.97,23.78,210
P2406,35.03576732630685,93.41260257425307,TV repair|Fridge installation,3.64,0.83,4.16,194
P2407,36.87140416899658,85.46513194695436,Fridge installation|Fridge repair|TV installation,4.96,0.75,14.82,112
P2408,20.568044595333284,81.30857920466332,Fridge repair|TV repair,4.94,0.72,19.57,68
P2409,11.728475069800309,82.38681608580495,Fridge installation|Fridge repair|TV installation,3.92,0.88,4.51,213
P2410,12.455314091404734,90.16760323028987,TV repair,4.45,0.83,15.11,26
P2411,24.620913104968043,96.34675407071654,TV installation,3.47,0.74,9.18,188
P2412,34.854215110494266,68.69037525449195,Fridge installation|Fridge repair,3.1,0.98,9.76,156
P2413,19.275058449880675,71.45390167067131,TV repair|Fridge repair,3.16,0.66,9.0,193
P2414,28.343439116407723,96.6055587180737,TV repair|Fridge installation,3.88,0.81,16.61,194
P2415,25.36331827204286,88.00385175089886,Fridge repair|TV installation,4.38,0.88,10.99,296
P2416,13.942564942963994,93.94670903791277,Fridge installation,4.86,0.99,28.29,275
P2417,32.2914726718033,93.61031432515527,TV installation|TV repair|Fridge repair,3.93,0.68,28.53,271
P2418,20.567641512208212,90.00154265591665,Fridge repair|Fridge installation,3.2,0.62,23.09,290
P2419,20.337049333902982,93.8259833143145,TV repair|TV installation,3.86,0.81,28.75,261
P2420,16.04863059817509,92.12411023212294,Fridge repair|TV installation|Fridge installation,3.19,0.64,27.24,131
P2421,32.04931364838491,89.16091736803486,TV repair,3.42,0.98,3.7,188
P2422,21.19594595453784,68.8111850209854,TV installation,3.77,0.91,25.0,10
P2423,13.595098652491064,73.91270778835519,Fridge repair|Fridge installation,3.37,0.8,24.34,124
P2424,8.803006716004486,72.04449844629026,Fridge installation|TV repair|TV installation,4.14,0.9,17.06,150
P2425,30.556552159873604,75.11166878871869,TV installation|Fridge installation,4.54,0.61,8.08,266
P2426,30.626580581918944,89.92035038417323,TV installation|TV repair|Fridge repair,4.63,0.6,16.03,100
P2427,20.411598994165146,71.54413592397566,Fridge installation|TV repair,3.86,0.77,15.95,89
P2428,12.230204681662986,73.3714765940972,Fridge repair|Fridge installation|TV installation,3.41,0.7,8.34,82
P2429,26.959899874264963,80.70292171089962,Fridge installation|TV installation|Fridge repair,4.55,0.89,5.54,109
P2430,28.704320314975867,69.06701800461934,TV repair|TV installation|Fridge installation,3.76,0.92,28.84,166
P2431,24.88874633159211,96.62020632662241,TV installation|Fridge repair,4.77,0.76,12.4,191
P2432,25.203893925397104,83.6299014613362,TV installation,4.33,0.9,14.34,138
P2433,16.89339027908038,95.88579016012856,Fridge installation|Fridge repair,4.16,1.0,12.43,227
P2434,34.0549204901813,73.52305451261805,Fridge repair,4.97,0.92,21.88,237
P2435,9.302375398753215,72.36003036722123,TV repair,3.85,0.67,12.19,27
P2436,21.238840944931916,75.87914386890851,Fridge repair|TV installation,3.7,0.64,13.99,277
P2437,20.8676148013506,68.63913690636139,Fridge repair|TV repair|TV installation,3.08,0.93,19.01,137
P2438,32.840948882596265,70.19369573906314,TV repair|Fridge repair,3.93,1.0,23.55,133
P2439,19.74201869673577,95.57837460466904,TV installation,4.88,0.6,6.83,175
P2440,34.80289332360985,91.92612840807749,TV installation,4.69,0.87,10.53,210
P2441,13.404712275668967,87.1659565642289,Fridge repair|TV installation|Fridge installation,4.1,0.68,11.53,185
P2442,32.25908563897978,91.62073107578541,Fridge repair|TV repair,4.29,0.75,10.51,41
P2443,24.55210625779292,68.30473194488805,Fridge repair|TV repair|Fridge installation,4.52,0.64,5.27,49
P2444,8.916835326866021,90.4283745142344,Fridge repair,3.1,0.62,14.03,267
P2445,30.88517458749445,83.35732971580178,Fridge installation|TV installation,3.06,0.62,19.15,37
P2446,27.72178047669073,79.8077868005845,TV installation|TV repair,4.45,0.64,19.08,89
P2447,9.681960979253828,83.79925737000333,TV installation,3.17,0.93,19.69,144
P2448,35.58162970744522,83.61184522015047,TV installation|TV repair|Fridge repair,4.34,0.64,12.66,70
P2449,8.257122065875079,77.99804543080957,Fridge installation|TV repair,3.97,0.67,15.78,75
P2450,34.02160106746554,68.61133915242758,TV installation,4.72,0.97,11.9,185
P2451,20.54977520421899,78.33260475100384,Fridge installation,3.78,0.92,26.82,179
P2452,18.112238965487464,79.60433706326951,Fridge repair|Fridge installation,4.79,0.8,17.24,41
P2453,22.59796063538294,86.52066904100207,TV installation|Fridge installation,3.34,0.94,16.9,75
P2454,25.45955651488431,86.41365767619638,Fridge repair|TV repair|TV installation,3.09,1.0,12.19,82
P2455,15.057222326974362,69.16338077036694,TV repair,4.97,0.74,10.74,56
P2456,34.74744176840706,69.03641800009656,TV installation,4.53,0.87,3.39,69
P2457,33.005297220772135,79.32495523284743,TV installation|Fridge repair|TV repair,4.05,0.97,29.25,152
P2458,20.141273790394308,93.55735221754745,TV installation|TV repair,4.12,0.75,3.35,32
P2459,10.128136482908248,79.75154770495068,TV repair,3.08,0.93,7.87,49
P2460,13.418621564145324,78.30838756741372,TV repair|Fridge installation,3.47,0.7,19.27,270
P2461,27.637723417701718,95.48880011523923,Fridge installation,4.28,0.9,23.04,27
P2462,34.16438830967085,69.4432487010687,TV repair|Fridge installation,4.05,0.61,15.12,16
P2463,8.74961125136213,96.71253012335036,TV repair,3.64,0.94,7.05,123
P2464,18.972307297817938,92.9088362673901,TV repair|TV installation|Fridge installation,3.44,0.66,27.47,125
P2465,8.363897776478359,89.09563638504896,TV repair|Fridge installation,3.62,0.75,15.13,86
P2466,18.084453686581845,79.59590215897924,TV repair|Fridge installation,3.72,0.93,14.66,253
P2467,20.77041672535966,72.13143129452615,TV installation,4.28,0.91,19.87,146
P2468,14.944478606499537,93.15471928351246,TV installation|TV repair|Fridge installation,3.65,0.73,18.75,151
P2469,21.714880371553974,92.55085700066628,TV repair,3.67,0.81,21.03,79
P2470,13.042873076877601,84.38941683564138,Fridge repair,4.82,0.99,20.37,275
P2471,24.551322220308084,80.83554586364707,Fridge repair|TV installation|TV repair,4.1,0.65,13.25,161
P2472,28.922835399286495,69.7971592024029,TV installation|Fridge repair|TV repair,3.94,0.93,14.63,235
P2473,18.08518560652421,87.71431805781482,TV repair,3.53,0.77,12.83,197
P2474,33.62982480554419,88.28175774751833,TV installation|Fridge repair|TV repair,3.68,0.77,6.01,283
P2475,21.976384102388902,69.23165640416393,TV installation|Fridge repair,3.93,0.77,23.82,26
P2476,9.322478990956501,80.26870546670501,TV repair,4.72,0.65,25.73,148
P2477,36.84785695379718,91.75502049479734,Fridge installation,4.11,0.79,25.38,102
P2478,13.410821145300616,70.970084812655,TV installation|Fridge installation,3.6,0.94,2.48,68
P2479,20.297513371220276,82.80652273884331,TV repair|Fridge installation|TV installation,3.36,0.99,18.21,241
P2480,8.255855078979893,82.0857460024842,Fridge installation|TV repair,4.68,0.69,11.83,149
P2481,9.932902116713183,94.04841259337752,TV installation|Fridge installation|TV repair,3.63,0.84,21.02,85
P2482,20.869021955629727,77.43851690715263,TV repair|TV installation,3.11,0.93,3.26,186
P2483,17.108243916175564,73.57175048885414,TV installation,4.33,0.83,10.83,137
P2484,15.140875934980073,93.04719731107807,Fridge repair|Fridge installation,3.63,0.7,23.05,254
P2485,30.283905750306992,89.98019444857881,TV repair|Fridge installation,4.24,0.91,11.36,16
P2486,25.832392488256282,91.84854190056049,Fridge installation|TV repair,4.09,0.69,17.19,159
P2487,18.04541347345316,94.0735798388572,Fridge repair|TV installation,4.45,0.61,2.65,24
P2488,36.54324322824742,92.40858106887318,Fridge repair|Fridge installation|TV installation,4.58,0.73,17.0,243
P2489,23.615803323218472,72.23078814801534,Fridge installation,4.11,0.86,12.93,283
P2490,33.39421609337589,74.06639777234443,Fridge installation|TV repair,4.25,0.63,26.65,184
P2491,30.1862525091442,79.74865612676894,Fridge installation,4.75,0.81,2.62,266
P2492,16.916038253879208,84.22246209451563,Fridge repair|TV repair|Fridge installation,4.87,0.72,3.36,237
P2493,35.67270936681623,78.77158456875523,Fridge installation|Fridge repair|TV repair,4.66,0.68,24.6,142
P2494,16.772614850190934,71.82135576931404,Fridge installation|Fridge repair,3.77,0.68,20.03,259
P2495,24.613711434217286,84.94619109248127,TV repair|Fridge installation|Fridge repair,3.74,0.74,20.72,71
P2496,15.39834640680202,79.5748193696009,Fridge installation|Fridge repair,4.62,0.99,19.81,276
P2497,23.451920978065694,86.11987112070969,TV repair|Fridge repair|Fridge installation,4.98,0.78,3.86,107
P2498,30.99878990620288,79.55100066804357,Fridge repair,4.96,0.74,12.42,162
P2499,34.5499851327842,92.72280845238694,Fridge repair,4.16,0.81,28.06,103
P2500,24.10931678943763,71.09299701926103,Fridge installation,4.93,0.83,6.23,144
P2501,8.535511241903842,69.79727604369606,TV installation,4.78,0.95,12.0,186
P2502,17.78502655190659,87.02160322197723,Fridge installation|TV installation,4.85,0.7,25.95,135
P2503,23.97738162137749,71.06189867422842,Fridge repair|Fridge installation|TV installation,4.98,0.7,7.56,90
P2504,33.30575307144997,76.74055294509829,Fridge installation|Fridge repair,3.32,0.66,25.16,184
P2505,27.650782090735728,69.11455982554162,Fridge installation|TV installation|Fridge repair,4.14,0.76,29.38,150
P2506,24.01576482105777,88.65851723984176,Fridge installation,3.97,0.69,17.04,210
P2507,21.690257205720382,82.9120080598413,TV repair,4.67,0.9,9.42,26
P2508,21.911304713472827,92.9084574567736,Fridge installation|TV installation,4.79,0.98,26.63,33
P2509,11.861440739732698,79.18089203887169,TV installation,4.89,0.96,16.66,206
P2510,16.958690138254116,81.18072881204397,TV repair,4.43,0.76,7.26,30
P2511,16.40817571620896,73.41383385151518,TV repair|Fridge installation|TV installation,3.81,0.89,29.03,143
P2512,25.890132742152385,90.6019932707963,TV repair|Fridge installation|TV installation,4.13,0.69,3.06,272
P2513,32.01359421610891,87.48764827066745,Fridge repair|TV repair|TV installation,4.94,0.7,15.6,171
P2514,36.88629473829797,79.22522628944586,TV repair|Fridge installation|TV installation,4.81,0.72,23.09,165
P2515,22.451416579799258,91.91385643957761,TV installation|Fridge installation,4.63,0.92,25.06,71
P2516,11.823707699658511,82.72283091441744,Fridge installation|TV installation|Fridge repair,4.38,0.85,24.51,186
P2517,21.07307635287687,87.42382309214514,Fridge repair|Fridge installation|TV repair,3.54,0.76,21.87,84
P2518,34.990532338961685,89.37662401102685,Fridge installation,4.13,0.95,20.64,61
P2519,15.14476866128119,79.45085200031812,Fridge installation,4.37,0.96,10.84,204
P2520,25.221776576468223,79.58260875157055,Fridge repair|TV installation,4.67,0.89,22.98,50
P2521,33.88765194700215,82.5632531046347,Fridge installation|TV repair,4.29,0.68,13.69,218
P2522,16.252264353086474,84.68878305870459,TV installation,3.25,0.88,22.5,245
P2523,34.784215283378494,89.49128533174108,Fridge repair|Fridge installation|TV repair,3.63,0.91,2.62,218
P2524,20.05122643157618,79.1458318107973,Fridge installation|TV repair,4.48,0.91,19.0,29
P2525,19.983457647261368,68.41443233118031,Fridge installation|TV installation,4.47,0.84,11.64,254
P2526,24.797414497562098,81.53239672855543,Fridge installation,3.84,0.96,14.25,169
P2527,16.086162011716684,73.904478756305,Fridge installation|TV installation|TV repair,3.56,0.83,4.07,211
P2528,19.48753698649793,85.00040063429012,TV repair|TV installation|Fridge repair,4.84,0.76,3.94,223
P2529,10.230408523324705,73.94771885798468,Fridge installation|Fridge repair,4.43,0.92,14.67,205
P2530,16.042691975437073,83.97886321701237,Fridge repair|TV installation|Fridge installation,3.23,0.98,10.15,123
P2531,25.54508877880296,79.37170779461687,TV repair,3.24,0.91,12.19,194
P2532,22.876386415515913,89.42119955329294,TV repair|Fridge installation|TV installation,4.81,0.97,16.98,87
P2533,24.58333940583971,68.53119900925603,TV repair|Fridge repair,3.5,0.69,9.0,84
P2534,11.684544256902115,82.57341884345517,Fridge installation|TV repair,4.12,0.74,4.01,167
P2535,34.46715148111612,92.1706909487214,Fridge repair|TV installation,4.38,0.74,8.75,280
P2536,35.61304128623216,95.79864145075139,Fridge repair|TV repair,4.45,0.95,27.73,206
P2537,20.79316438170322,81.11071214932115,TV installation|TV repair|Fridge repair,3.6,0.83,6.2,30
P2538,17.64098382918151,85.14893510416061,Fridge repair|Fridge installation|TV repair,4.43,0.96,25.4,87
P2539,15.012764987296872,83.55708642522475,TV repair|TV installation|Fridge installation,3.8,0.98,19.01,206
P2540,30.507381353991516,80.51790111522487,TV installation|TV repair,3.66,0.76,18.88,202
P2541,33.76218993437871,89.91272862290099,Fridge repair|TV repair|TV installation,4.46,0.74,26.85,245
P2542,13.951783876628966,88.16455278712445,Fridge installation|Fridge repair|TV installation,4.48,0.7,11.63,167
P2543,18.85366956767129,90.06324848092694,TV repair|Fridge repair,3.91,0.92,23.53,272
P2544,24.25328793219158,84.91830624071758,TV repair|TV installation,3.96,0.82,7.55,10
P2545,29.990865691885503,86.87562106859221,Fridge installation|TV installation,3.36,0.62,21.12,289
P2546,12.456608306545295,93.01307438057405,TV repair|TV installation|Fridge installation,3.4,0.97,14.37,96
P2547,14.360517336896656,75.4780633557005,TV installation|Fridge installation|Fridge repair,4.13,0.8,7.69,42
P2548,25.516521900680168,96.72821513970985,Fridge repair|TV repair|TV installation,3.53,0.62,2.9,33
P2549,22.83406716642334,88.49394354535576,Fridge installation|TV repair,3.39,0.88,9.63,107
P2550,30.421021513673047,70.89817029048997,TV repair|Fridge repair,4.76,0.72,20.32,297
P2551,14.705871184340051,94.57458809552948,Fridge repair,3.81,0.87,22.38,83
P2552,25.66336799560939,91.41211472230252,TV repair|TV installation,3.77,0.79,26.33,284
P2553,23.505127435723466,68.58565276944566,Fridge installation|TV repair|Fridge repair,3.32,0.86,22.08,226
P2554,12.15599105199271,80.91675742875721,TV repair|Fridge repair|TV installation,3.71,0.8,26.37,252
P2555,23.64769325729978,69.51686739041631,TV repair|Fridge repair,4.49,0.67,2.89,76
P2556,33.1034900311638,72.37405369216984,Fridge installation|TV installation|TV repair,3.03,0.64,12.18,206
P2557,14.952581015209496,70.90052461070535,TV repair|Fridge repair,4.38,0.61,19.3,205
P2558,22.589045513716265,70.24212591959699,Fridge repair|TV installation,4.36,0.74,8.29,45
P2559,13.228534273300317,94.14547448030586,Fridge repair|TV repair|TV installation,3.34,0.95,18.02,17
P2560,19.12794306686418,71.45555432067349,Fridge repair|Fridge installation,3.49,0.64,24.61,27
P2561,14.553373155000322,86.54458474527101,Fridge installation|Fridge repair|TV repair,3.91,0.76,18.6,280
P2562,35.14040311277689,95.71439120331985,TV installation,4.71,0.94,4.76,240
P2563,19.611039716048218,72.73051236014629,Fridge installation|TV repair|TV installation,4.62,0.69,16.73,165
P2564,21.764725975000765,84.18610330868532,Fridge installation|Fridge repair,3.89,0.63,15.58,95
P2565,34.72644639006566,80.11597764824943,TV repair|Fridge repair|Fridge installation,4.73,0.64,10.93,222
P2566,24.502350671916552,69.03455807445543,Fridge installation|TV repair,4.03,0.84,7.36,189
P2567,26.570073042634373,81.58072748039879,TV installation,4.72,0.74,9.47,145
P2568,34.032382036916445,96.02531191588037,Fridge repair|TV installation|Fridge installation,3.72,0.86,20.54,120
P2569,15.937169963024118,75.81103049277202,TV repair|Fridge repair,4.64,0.88,29.49,100
P2570,27.96421904105181,74.57598916138794,Fridge installation,3.07,0.62,12.46,46
P2571,28.43874450998408,92.67337278105602,Fridge repair|Fridge installation,4.91,0.68,16.11,151
P2572,15.176564155538786,85.41371303425795,Fridge repair,3.52,0.73,14.36,145
P2573,29.281936235961393,77.57775426136456,TV installation|Fridge installation|TV repair,3.25,0.79,23.03,92
P2574,24.876365603667708,90.79734798629084,TV installation,3.34,0.64,22.98,137
P2575,35.59348373759322,88.71522114770082,TV repair,3.65,0.72,16.66,233
P2576,11.412618866713672,73.09987855816958,Fridge repair,4.55,0.81,2.3,75
P2577,10.544925617329888,72.51605434577702,Fridge installation|Fridge repair,4.54,0.89,3.28,286
P2578,10.129896039167082,76.23360459026848,Fridge installation|Fridge repair,3.49,0.7,12.6,167
P2579,24.325005713648363,78.21021791446385,TV installation,4.21,0.64,2.27,168
P2580,14.614250228988835,72.56279346820138,Fridge repair,4.23,1.0,6.98,98
P2581,10.56705252432896,94.33646435359759,TV repair,4.07,0.94,3.63,62
P2582,31.375521925414866,74.0720586699274,Fridge repair|Fridge installation,3.59,0.68,9.4,285
P2583,33.109402787178325,95.22761613704644,TV installation|Fridge repair|TV repair,4.99,0.98,2.17,87
P2584,18.11700080633792,92.0676228986218,Fridge installation|TV repair|Fridge repair,4.79,0.67,19.35,62
P2585,19.28190926796362,96.94773755969676,Fridge repair,4.95,0.98,29.41,79
P2586,20.721101847806004,68.50303187875782,Fridge repair|TV repair|TV installation,4.99,0.82,15.26,24
P2587,12.519950660025236,73.4878904738122,TV repair|TV installation,4.62,0.7,24.38,189
P2588,8.962441276525043,82.99342699271476,TV installation|TV repair|Fridge repair,3.39,0.9,19.95,228
P2589,18.517121622283028,95.13683617267452,TV repair|Fridge repair|TV installation,4.13,0.65,15.97,93
P2590,32.30937660868541,95.15782681452177,TV repair|Fridge installation,3.63,0.66,4.07,180
P2591,14.781602703478853,70.3175381710516,TV repair|TV installation|Fridge repair,3.0,0.84,12.14,107
P2592,18.88011555107997,82.09409999890858,Fridge installation|Fridge repair|TV repair,3.81,0.86,11.97,19
P2593,16.559525125833318,85.8437340974272,TV installation|TV repair,3.75,0.76,17.11,55
P2594,29.520685184189087,88.18823182321769,TV installation,4.78,0.89,29.94,266
P2595,26.798349143243836,79.3826252015785,Fridge repair,4.79,0.94,8.77,294
P2596,9.889987881019003,95.93237629636681,Fridge installation|TV installation,3.7,0.93,10.92,226
P2597,36.524132967545626,93.42574603081728,TV repair|TV installation|Fridge repair,3.32,0.82,11.76,195
P2598,32.66052084207766,69.96253256308152,TV repair|TV installation|Fridge repair,4.99,0.88,6.54,141
P2599,32.30710169988642,68.62754042340976,TV installation|Fridge installation,3.47,0.9,18.41,16
P2600,27.40131971715662,78.72091669937551,Fridge repair,3.43,0.95,29.47,229
P2601,26.684356539305586,72.89021811566776,Fridge repair|TV installation,4.95,0.8,3.61,42
P2602,34.47296063808056,81.51732122324479,TV repair,3.65,0.91,2.46,225
P2603,21.619802335678074,70.22150487309759,TV repair|Fridge repair|Fridge installation,4.41,0.76,9.63,151
P2604,36.66970463976614,68.64280692082774,Fridge installation|TV installation,3.33,0.99,19.59,202
P2605,10.284067058344727,87.42017368735343,Fridge repair|Fridge installation|TV repair,3.28,0.87,29.42,47
P2606,25.332923868361522,94.88335127482733,TV installation|Fridge installation|Fridge repair,3.8,0.73,26.84,264
P2607,10.38972860293729,92.45018874071567,Fridge installation,3.02,0.94,14.64,247
P2608,30.688045834360345,72.27917155934293,Fridge repair|TV repair,3.95,0.92,9.84,126
P2609,9.175066237750428,87.02773532664885,Fridge repair,4.68,0.89,25.24,84
P2610,33.777750250038,77.34361006879092,TV installation,3.03,0.94,28.37,100
P2611,28.786517190192562,68.94477308937306,Fridge repair|Fridge installation,3.75,0.85,16.62,166
P2612,16.447781452449362,91.44899891344383,TV repair|TV installation,4.84,0.77,12.22,105
P2613,30.77925156321379,82.14775156862305,Fridge installation,3.43,0.65,15.97,183
P2614,13.677478230980949,95.03618217805264,Fridge installation|TV installation,3.5,0.89,9.97,137
P2615,23.430336549804014,78.3307137540644,Fridge installation|TV repair|Fridge repair,3.25,0.62,17.56,103
P2616,28.067783139645584,89.83550939023021,Fridge repair|Fridge installation|TV repair,3.3,0.76,15.52,59
P2617,18.146319630304465,90.94363092561198,Fridge installation|Fridge repair,4.25,0.78,4.57,235
P2618,12.74757992276246,70.22100397198683,Fridge repair|TV installation|TV repair,4.33,0.96,14.9,76
P2619,33.52863380513769,69.94223921758365,TV installation,4.74,0.76,12.23,260
P2620,9.014966396655584,88.31907703774777,Fridge installation|Fridge repair|TV repair,3.05,0.94,6.41,175
P2621,25.317370430011273,81.26881681382895,Fridge installation,3.68,0.79,10.72,203
P2622,13.84176376774862,96.81933122798652,Fridge repair,3.99,0.83,6.66,283
P2623,33.1260387562199,68.63239700060747,TV repair|Fridge installation,4.36,0.82,6.75,202
P2624,18.93405438734333,94.36613343298629,TV installation,4.58,0.9,29.19,251
P2625,25.718235757080553,94.38796127033928,TV installation|Fridge repair|Fridge installation,4.58,0.83,4.13,53
P2626,10.015726098940604,82.74875973419273,Fridge installation|TV installation,3.16,0.89,17.3,22
P2627,13.310925775581325,85.57497012309098,TV installation|Fridge installation|TV repair,3.42,0.85,22.23,273
P2628,31.637145729795687,92.75295661079119,Fridge repair|TV installation|TV repair,3.15,0.74,21.24,278
P2629,13.529602455888952,84.02857753483424,Fridge installation,3.81,0.76,24.67,264
P2630,26.007436533896897,80.35563340657262,TV installation|Fridge installation,4.78,0.69,4.05,76
P2631,35.2194091580471,87.22128950489633,TV installation|TV repair,4.69,0.91,12.62,71
P2632,30.816970925016943,93.14391636452383,TV installation,3.21,0.74,19.91,277
P2633,21.49003720304251,70.50876879925268,Fridge installation,3.11,0.75,14.99,59
P2634,36.7510363399103,91.67473548428687,Fridge repair,4.42,0.62,27.32,154
P2635,11.782744181467049,91.12940102350113,TV installation|TV repair|Fridge installation,4.42,0.81,16.41,56
P2636,34.97653377815797,90.87445285488747,Fridge installation|Fridge repair|TV installation,3.91,0.68,7.83,73
P2637,34.679029163045634,96.76214403132722,TV repair,3.57,0.88,18.72,221
P2638,29.58414723953076,89.63671040363258,TV installation|Fridge repair,4.34,0.86,8.82,241
P2639,12.888878101430963,79.43588299973537,TV repair,4.53,0.98,13.97,52
P2640,34.64298873068108,94.00578957377888,Fridge installation|TV installation|Fridge repair,4.84,0.96,16.76,272
P2641,14.197676270724791,75.7490110259405,TV installation,3.47,0.81,11.01,70
P2642,29.297747450644597,70.10245922614658,TV installation|TV repair|Fridge installation,4.79,0.78,20.47,273
P2643,21.986017325110783,69.43876936319602,Fridge installation|TV installation,4.0,0.7,27.51,170
P2644,13.985215525197242,83.97646655848868,Fridge installation,3.22,0.72,7.82,109
P2645,11.225280675064246,68.92341059189484,TV installation,4.31,0.84,21.83,178
P2646,11.31454575312912,76.44128755989374,TV installation|Fridge installation,3.26,0.94,22.91,11
P2647,21.407740510239957,91.31481436663742,Fridge installation,3.22,0.63,3.24,104
P2648,26.52942303380638,81.8314852194965,TV repair,4.97,0.89,20.41,111
P2649,18.23028550985172,93.27746634508159,Fridge repair|TV repair,3.62,0.82,21.67,211
P2650,20.421929319377604,83.41055090289335,Fridge installation|TV repair|TV installation,3.55,0.97,15.73,236
P2651,21.43365948486184,77.39423448466076,Fridge installation|TV repair|Fridge repair,4.22,0.95,26.75,65
P2652,18.646313439474685,93.56513157097203,TV installation|Fridge installation,3.23,0.79,7.44,229
P2653,15.350610996754238,86.36947986324283,Fridge installation|Fridge repair|TV repair,3.33,0.76,27.18,293
P2654,20.44711260670929,94.0228300014943,Fridge installation|Fridge repair|TV installation,3.58,0.7,28.3,48
P2655,25.472828789041504,86.56381104633675,Fridge repair|TV repair|Fridge installation,3.54,0.76,3.04,273
P2656,32.27588555187817,73.77786614108082,TV repair|Fridge installation|TV installation,3.4,0.62,29.17,182
P2657,16.467041858875188,85.32007508134045,Fridge installation,4.43,0.78,26.46,168
P2658,23.783241720373518,68.93369624053277,TV repair|Fridge installation,4.24,0.62,19.26,63
P2659,26.872428303666698,83.28260033146641,Fridge installation|TV installation,3.75,1.0,10.46,119
P2660,34.529639326545606,77.29927706046264,Fridge repair|TV repair,4.64,0.6,2.1,143
P2661,36.58831375898406,81.4616730502273,TV repair|Fridge repair|Fridge installation,4.19,0.66,10.1,193
P2662,34.20802269084042,73.13984973539824,TV installation|Fridge repair,4.36,0.81,4.33,20
P2663,25.01582597263749,85.54589806287105,Fridge repair|TV installation,3.24,0.82,2.33,286
P2664,16.661835530609896,71.45810242825857,TV repair,3.82,0.61,7.91,268
P2665,11.114554287042843,95.5471752381665,Fridge installation|TV repair,3.22,0.78,28.26,82
P2666,9.008764444903287,91.0002095758184,TV repair|TV installation,4.19,0.81,2.96,26
P2667,29.976548924871363,78.48903352770733,TV installation,4.48,0.76,3.99,116
P2668,9.47824703795818,81.90043305537395,Fridge repair|Fridge installation,4.45,0.76,8.08,291
P2669,13.333403488580482,78.41603404848392,Fridge installation|TV installation,3.77,0.79,18.81,59
P2670,29.76998733617293,95.52633264971028,Fridge repair|Fridge installation,3.7,0.67,17.12,120
P2671,27.335925777913943,81.67589528673274,Fridge installation|TV repair,4.56,0.86,3.7,195
P2672,14.42258890792423,70.5017180908298,Fridge installation|TV repair,3.83,0.85,20.63,284
P2673,34.374836142668826,92.270199914183,Fridge installation|TV repair|Fridge repair,4.33,0.71,5.28,89
P2674,28.13991251664839,78.11279923085344,TV repair,4.77,0.87,21.57,207
P2675,13.25134036693029,86.32748069651588,TV installation,4.23,0.82,9.01,88
P2676,9.386674229557492,88.81951764995941,Fridge installation,4.82,0.74,4.86,159
P2677,35.337132550076504,82.8561991666974,TV installation|Fridge repair,3.23,0.85,22.52,292
P2678,26.73209135922721,80.6581331299235,Fridge installation|TV repair,3.5,0.73,11.56,90
P2679,33.49626077085567,83.90572921408649,TV repair|TV installation,3.57,0.97,21.34,102
P2680,14.1034042971181,78.61438836336438,Fridge installation|TV installation,4.76,0.65,5.42,294
P2681,25.955621808885823,91.80446624378197,TV repair|Fridge repair,3.36,0.88,2.77,277
P2682,35.85268181421815,73.0572597212389,TV repair,3.62,0.83,22.51,120
P2683,27.26351033706399,94.07908498355366,TV repair|Fridge installation,4.45,0.88,12.7,106
P2684,9.88133549721811,73.57645997370132,TV installation|TV repair,3.14,0.95,24.19,63
P2685,11.830284688072195,91.60026314054473,Fridge repair|Fridge installation|TV repair,4.63,0.83,23.3,237
P2686,29.192106753745684,76.67332613800693,TV repair|Fridge repair|Fridge installation,3.9,0.65,24.47,120
P2687,26.337356732383245,78.0730062452605,TV repair|Fridge installation,3.97,0.9,3.89,22
P2688,17.369573671542014,78.60362271842213,TV repair|TV installation,3.09,0.84,22.21,147
P2689,16.082150774781944,83.38467690259675,Fridge repair,4.11,0.8,13.48,114
P2690,34.22074683472617,74.68840472418098,TV repair|TV installation|Fridge repair,3.58,0.94,14.84,92
P2691,35.15723532029805,79.37560222726313,TV repair|TV installation|Fridge installation,3.88,0.92,4.62,13
P2692,10.22914599807089,91.1968478237957,TV repair,4.85,0.95,11.57,23
P2693,33.32758759720281,81.2935741014079,Fridge installation|TV installation,3.33,0.93,11.09,153
P2694,27.791814992430222,78.24855224882198,Fridge repair|Fridge installation|TV repair,4.26,0.95,24.33,132
P2695,16.27980301344721,78.10914336092091,TV repair|Fridge repair,3.99,0.77,5.72,42
P2696,35.082144155688276,69.08319740965857,Fridge installation|TV installation|TV repair,4.0,0.94,18.46,134
P2697,29.380214873945363,80.40119667893427,TV repair,3.25,0.81,12.68,291
P2698,18.722906289122964,86.1481373490157,Fridge repair|TV installation|TV repair,3.98,0.66,3.56,185
P2699,12.18149445327844,73.92770946820055,TV repair|Fridge repair|TV installation,3.49,0.97,23.16,173
P2700,11.037989526616443,92.25298637545448,Fridge installation,3.82,0.71,18.12,70
P2701,25.955640715218426,85.96802590645795,TV installation|TV repair,3.08,0.72,13.58,72
P2702,16.58583946153766,76.34464886399054,TV repair|Fridge installation,4.97,0.62,29.69,182
P2703,9.134835380031921,77.47948490319428,TV installation,4.78,0.61,13.38,74
P2704,36.23170832363351,79.02338890736236,Fridge installation|TV installation,4.13,0.88,22.78,25
P2705,17.77091760256002,71.24010699332581,TV installation|TV repair|Fridge installation,3.56,0.68,5.82,239
P2706,27.694704384625325,82.25324776552615,Fridge installation|Fridge repair,4.54,0.98,5.24,130
P2707,35.429752584537795,70.44094266024591,TV installation|Fridge installation,3.42,0.63,29.45,227
P2708,28.78231610319692,80.35321793437748,TV repair|TV installation|Fridge installation,3.38,0.69,14.41,224
P2709,15.677155383969808,77.01296546350476,Fridge installation|TV installation,4.2,0.7,18.36,163
P2710,35.07487905768065,82.83393894641353,Fridge repair|Fridge installation,4.4,0.94,15.08,125
P2711,9.91228575371932,85.83637600850953,Fridge installation|TV repair|TV installation,4.7,0.74,8.73,186
P2712,29.607105823153166,84.44774321921467,TV installation|Fridge installation,3.61,0.69,22.04,268
P2713,10.13758474149507,82.85363982602857,Fridge installation|TV repair|Fridge repair,4.65,0.98,4.99,288
P2714,24.607446912542507,88.79841980203287,Fridge repair|TV installation|TV repair,4.49,0.96,2.12,40
P2715,29.035175285112242,83.38516964958194,TV installation|Fridge installation|TV repair,3.43,0.68,4.27,244
P2716,23.1394040689665,79.01872762927485,Fridge installation|TV installation,3.09,0.73,12.96,198
P2717,21.261534102474823,79.95720976441062,Fridge installation,3.47,0.93,19.42,86
P2718,36.08065112514491,82.19664672073047,TV installation|TV repair,4.39,0.64,14.35,226
P2719,26.934335057845146,87.13138524724745,Fridge repair|TV repair|TV installation,4.31,0.67,9.16,63
P2720,35.84194251220947,69.95831742955045,TV repair|Fridge repair,3.86,0.95,23.55,299
P2721,19.074280814800513,91.48641603611851,TV repair,4.17,0.76,5.07,264
P2722,12.572157256546863,89.35284546344641,TV repair|Fridge repair|TV installation,3.07,0.7,21.47,20
P2723,24.441563793525496,90.16855300873557,TV repair|TV installation,4.52,0.81,19.49,10
P2724,9.484212334378073,89.02519790897205,Fridge repair|TV installation|Fridge installation,3.05,0.67,29.65,59
P2725,8.70947638000907,78.5158915959784,TV repair|Fridge repair|Fridge installation,3.26,0.65,9.88,70
P2726,24.2211265636001,86.23054520894347,Fridge installation,4.87,0.7,19.11,216
P2727,24.585070062150727,95.9758811369584,TV installation,4.75,0.95,6.93,30
P2728,10.024672743081297,84.14417445380474,TV repair|Fridge installation,3.5,0.7,29.74,89
P2729,16.379197666579792,72.16447904398663,Fridge repair|TV installation,3.96,0.88,19.15,51
P2730,31.715558635177214,93.20019278685606,Fridge installation|Fridge repair|TV installation,4.08,0.73,21.65,292
P2731,19.328578989325834,81.6861999281373,Fridge repair|TV installation|TV repair,4.71,0.86,3.25,128
P2732,8.501703559488124,90.57752575909876,TV installation,3.66,0.79,24.36,60
P2733,12.597704532156703,79.54085091690833,Fridge repair,3.46,0.74,29.95,98
P2734,21.617086705812454,78.99164366852182,TV repair|TV installation|Fridge installation,4.86,0.7,10.86,197
P2735,31.49445832302424,68.40850595272323,Fridge installation,4.81,0.69,21.77,241
P2736,33.77310412799973,79.03641785546927,TV repair,4.82,0.78,22.9,122
P2737,34.31969541493473,69.65163315157476,Fridge installation,3.41,0.79,14.08,234
P2738,11.259736627060516,81.10390128889297,Fridge installation|Fridge repair,3.38,0.96,29.01,163
P2739,30.773545334957525,88.21709916427957,Fridge installation|TV installation|Fridge repair,3.71,0.95,29.32,156
P2740,13.402978907571057,94.87767426392355,Fridge installation|TV installation|TV repair,4.41,0.66,13.02,270
P2741,9.948370699193138,75.32852793156462,TV installation,3.4,0.82,18.85,53
P2742,19.257249030324694,80.21566227687939,TV installation,4.67,0.79,29.66,227
P2743,26.837847393917333,69.46052697080847,TV repair,4.31,0.94,28.39,229
P2744,16.18318072382776,84.68573187994579,TV installation|TV repair|Fridge repair,3.9,0.83,6.41,95
P2745,21.397951941024505,69.01706710487744,TV installation|Fridge repair,4.58,0.95,21.21,126
P2746,17.05472334900132,94.37661852748828,Fridge installation,4.34,0.86,17.66,279
P2747,35.02575063488202,86.21018730568434,TV installation|TV repair|Fridge installation,4.99,0.81,21.88,74
P2748,18.11068987231581,84.92846653295244,TV installation|Fridge installation,4.74,0.71,5.39,125
P2749,36.86028149812322,70.19228037968644,TV repair|Fridge installation,4.87,0.72,21.3,50
P2750,36.06487537782053,70.94361189080253,TV installation,4.0,0.77,11.13,141
P2751,11.578807873898818,82.64183361408988,Fridge installation|TV installation|Fridge repair,4.9,0.88,19.29,218
P2752,13.20663831378819,80.54678691421503,Fridge installation,3.69,0.98,8.78,35
P2753,10.423884438010315,91.85612290267824,TV installation|TV repair|Fridge installation,3.3,0.62,22.15,79
P2754,16.45223186982775,72.7784112554447,Fridge installation|TV repair|TV installation,4.41,0.86,26.61,83
P2755,32.85873002951207,69.74063213005985,TV repair,4.33,0.91,29.49,24
P2756,27.504448657744067,88.02469232832294,Fridge installation|TV installation|Fridge repair,3.09,0.74,13.53,179
P2757,29.241469896146096,78.48277863485822,Fridge repair|TV repair|TV installation,4.39,0.61,11.09,177
P2758,8.587232013912672,88.85934620441613,Fridge installation|Fridge repair,3.88,0.91,27.86,26
P2759,25.495516750411273,79.99488863113244,Fridge installation|TV repair|Fridge repair,3.75,0.83,3.78,174
P2760,17.786766156063518,79.06430314514903,TV repair|TV installation|Fridge repair,4.47,0.97,19.61,239
P2761,29.53120276315075,70.39922241230914,TV repair|TV installation|Fridge repair,4.05,0.95,17.45,231
P2762,16.45794237644627,90.95444594133987,TV repair|TV installation,4.62,0.79,7.06,58
P2763,36.39775941562009,91.06443526623745,Fridge repair|TV installation|Fridge installation,4.42,0.65,24.88,120
P2764,31.578485007155937,92.49936434404401,TV installation,3.52,0.73,8.61,52
P2765,27.22767971140765,87.53771945109943,TV installation|Fridge installation,3.63,0.88,12.86,176
P2766,17.85067469414754,86.39992212203093,Fridge installation|TV repair,4.18,0.72,6.18,224
P2767,20.78048682988235,91.10113715553169,TV installation|Fridge repair|Fridge installation,4.72,0.94,10.76,71
P2768,26.85411030476196,77.33750953123959,Fridge installation|TV repair|TV installation,3.08,0.8,2.36,261
P2769,33.63186064439882,94.40965445763084,Fridge installation|TV installation|Fridge repair,4.92,0.91,27.37,288
P2770,30.727948365582876,80.95764858415838,TV installation|Fridge repair,4.73,0.88,2.64,196
P2771,26.471363687379487,89.64733301743155,Fridge repair,4.86,0.86,29.17,75
P2772,18.14792747937082,83.74736279041602,TV repair|Fridge repair|TV installation,3.77,0.6,22.49,225
P2773,29.662263535916342,78.00559933170354,TV installation,4.04,0.74,2.45,74
P2774,10.321198398651777,89.90947299220683,TV installation,3.02,0.98,16.43,245
P2775,34.56541161002166,79.79726608039705,Fridge installation|TV repair|TV installation,3.54,0.64,24.21,122
P2776,8.965635723389987,78.40072235364421,Fridge repair|TV repair,4.5,0.98,12.58,212
P2777,15.376426625385074,80.52764018032956,TV repair,3.11,0.84,23.18,35
P2778,35.40840833773275,73.97603732019806,Fridge repair,3.76,0.61,23.38,50
P2779,23.348410687571754,95.51926380724353,Fridge repair|Fridge installation,3.15,0.84,16.74,68
P2780,23.17710633815541,89.30403917253476,TV installation,4.11,0.7,11.91,211
P2781,8.510107570163214,75.289846211422,TV repair|Fridge installation|TV installation,3.62,0.85,6.83,30
P2782,11.561969734667148,96.00100146470878,TV repair|Fridge repair,3.56,0.96,13.5,95
P2783,28.326940119833527,68.28661534548839,TV repair,3.68,0.72,26.31,241
P2784,18.572534559503303,75.71629999869182,TV installation|Fridge installation|Fridge repair,4.18,0.66,8.89,195
P2785,28.536398944477433,90.58156528193052,Fridge repair|TV repair,4.13,0.76,29.08,36
P2786,30.180284515979817,79.75244663659112,Fridge repair|TV repair|Fridge installation,4.5,0.98,15.98,219
P2787,10.26254227102136,93.878740748875,TV repair|TV installation|Fridge repair,3.49,0.63,17.04,266
P2788,25.311848318520312,76.43551223508236,TV repair,4.43,0.92,9.28,33
P2789,23.48345665762926,95.23667998740055,TV repair|Fridge repair|Fridge installation,4.45,0.97,8.16,174
P2790,19.450756557706672,75.38971108568705,TV repair|Fridge installation|Fridge repair,3.31,0.88,4.61,197
P2791,20.97750790318598,72.75663059423414,Fridge repair,3.69,0.93,12.75,64
P2792,8.627612043638834,90.76185044525165,Fridge repair,3.15,1.0,20.89,161
P2793,15.857658215823111,71.57435753600372,Fridge installation|Fridge repair|TV installation,3.3,0.91,18.47,37
P2794,28.223383938179346,74.50993453574912,TV repair|Fridge installation|TV installation,3.14,0.79,6.74,55
P2795,17.931704130839037,84.45573828666971,TV installation|TV repair,3.57,0.75,24.84,77
P2796,32.455777580915736,84.76936151476484,Fridge installation,4.78,0.79,27.94,117
P2797,30.90743930646135,69.14026514238573,TV repair|Fridge installation,3.86,0.75,20.13,23
P2798,22.800886792237,96.61942856130989,Fridge repair|TV installation,3.6,0.61,6.64,104
P2799,24.83872821043856,95.65449766477303,TV installation|TV repair|Fridge installation,4.3,0.87,7.01,259
P2800,33.70664560530632,76.75941709919087,Fridge installation|TV installation,4.43,0.84,13.96,182
P2801,34.26070817337502,83.79966073610714,TV installation|TV repair|Fridge installation,4.85,0.83,3.95,127
P2802,20.769076296805263,86.13104133054497,TV installation,3.98,0.95,17.31,207
P2803,34.813428722229666,88.87099828531528,Fridge installation|TV installation,3.22,0.67,24.04,52
P2804,15.962580768842503,79.80114144890905,Fridge repair|TV repair,4.92,0.81,17.49,23
P2805,11.145956469426055,95.8770980286542,TV installation|TV repair,4.5,0.85,10.86,255
P2806,32.23166599773575,84.759307132555,TV repair|Fridge installation|TV installation,3.03,0.99,15.22,240
P2807,19.45351269664063,80.30037552168973,Fridge installation|TV repair,3.48,0.73,29.59,29
P2808,22.98361538555492,96.76436179578701,TV repair|TV installation,3.11,0.8,4.56,249
P2809,11.308503002733826,71.77020170175032,TV installation,4.39,0.97,22.32,115
P2810,26.552683649092707,83.4788462972198,TV repair|Fridge repair|TV installation,4.63,0.85,2.01,105
P2811,8.041568560763881,81.08323525029905,Fridge installation|Fridge repair,3.31,0.9,27.76,287
P2812,36.8991400858155,76.66578680953111,Fridge repair|Fridge installation|TV installation,3.65,0.67,27.08,143
P2813,14.419688225266654,72.48952597730795,TV repair|TV installation,3.6,0.89,6.62,132
P2814,15.807087654317545,92.04667759497055,TV installation|Fridge repair|Fridge installation,3.01,0.69,18.95,235
P2815,32.61139159294258,72.72456703819343,TV installation|Fridge repair,3.54,0.62,12.2,116
P2816,35.60242045188581,96.48845088437787,Fridge installation|Fridge repair|TV installation,4.31,0.81,19.02,193
P2817,13.227874544532906,86.18148780201089,Fridge installation|TV repair|TV installation,4.28,0.91,13.28,72
P2818,13.942476435269636,74.75447857334024,TV repair,3.83,0.69,19.67,48
P2819,36.9607886630924,73.8343401228329,Fridge repair|TV installation|TV repair,4.05,0.74,16.73,79
P2820,18.249660080222597,74.20122241434679,Fridge repair|TV repair|Fridge installation,4.14,0.88,20.86,40
P2821,30.609797966691044,75.42265629224798,Fridge repair|Fridge installation|TV installation,3.3,0.74,18.74,90
P2822,33.02897189135123,76.50107479748405,TV installation|TV repair|Fridge repair,3.9,0.69,12.12,275
P2823,10.783295204187276,79.47290650800478,Fridge repair|TV repair|TV installation,4.03,0.93,4.13,100
P2824,26.804294021375785,76.40879133230982,Fridge installation|Fridge repair|TV repair,4.69,0.8,15.95,194
P2825,32.970187101262646,74.25504967121368,TV repair|TV installation|Fridge repair,3.35,0.7,26.96,198
P2826,8.602268714601346,79.47014195129115,Fridge repair|TV repair|Fridge installation,4.88,0.95,16.32,275
P2827,27.905915567070778,81.11818196810434,TV repair|TV installation|Fridge repair,4.03,0.61,23.41,259
P2828,25.96322506410185,89.71298542360321,TV repair|TV installation|Fridge repair,4.05,0.85,13.05,160
P2829,21.579856977670286,87.7261742281476,TV installation,4.24,0.88,23.99,213
P2830,25.817067552945854,80.27451514020905,Fridge repair|TV installation,4.24,0.74,2.81,180
P2831,36.5493677812421,88.84575226653229,TV installation|Fridge repair|Fridge installation,3.17,0.76,16.48,116
P2832,24.738864847652767,83.79595470958532,TV installation|TV repair|Fridge installation,3.98,0.89,10.86,293
P2833,13.084328672979375,90.69600288323326,TV installation|Fridge installation|Fridge repair,4.33,0.87,15.48,223
P2834,16.37935912098076,76.41929751407342,TV installation,3.41,0.79,16.4,28
P2835,10.21129536604135,94.70217960954727,Fridge installation|TV installation|TV repair,4.95,0.84,15.47,24
P2836,17.52236321748896,82.30466858904809,TV repair,4.83,0.98,27.96,205
P2837,14.741602166286139,76.63227067195011,TV installation|Fridge installation,3.88,0.73,12.48,72
P2838,26.16830082322094,94.71523790308228,Fridge installation,3.37,0.92,15.35,107
P2839,22.660693343425436,78.94250545476436,Fridge repair,4.39,0.96,10.97,255
P2840,32.91627481320961,94.59251851826068,Fridge installation|Fridge repair|TV installation,4.0,0.82,25.33,27
P2841,20.447294503367672,96.85641297882376,Fridge installation|Fridge repair,3.39,0.64,4.11,98
P2842,23.206889113005346,92.43169172920739,Fridge installation|Fridge repair,3.22,0.92,7.12,239
P2843,15.201236007720432,78.80982888194802,Fridge installation|TV repair,4.49,0.8,6.31,241
P2844,20.390168690719428,94.08162933870688,TV installation,4.04,0.8,3.74,241
P2845,27.1722839931874,80.73584852607546,Fridge installation|TV repair,3.71,0.9,11.05,86
P2846,14.979862367476883,90.03115493619744,TV repair|Fridge repair|Fridge installation,4.13,0.94,27.05,293
P2847,23.927382896719045,79.1484332589541,Fridge installation|TV repair,4.3,0.96,13.67,237
P2848,19.609016077702275,78.55026114453771,TV installation|Fridge repair|Fridge installation,4.41,0.67,12.17,79
P2849,18.52178088366861,85.7801202827121,Fridge installation,4.76,0.98,18.34,57
P2850,36.10784392074616,88.46999976599143,TV repair,3.67,0.66,6.02,48
P2851,10.226235377204441,76.9968979817813,Fridge repair|TV repair,4.01,0.83,3.87,109
P2852,22.177397061851345,83.57033222951281,TV installation|TV repair|Fridge installation,4.67,0.74,6.87,145
P2853,10.049377518934275,87.77171051515802,Fridge repair|TV installation,4.37,0.96,12.44,146
P2854,26.779088551949254,79.7937253388031,Fridge installation|TV repair,4.06,0.8,21.86,153
P2855,23.295790321175577,73.91625045881224,TV installation,3.24,0.8,4.22,37
P2856,8.908786359625061,71.0947341841829,Fridge installation|TV repair|TV installation,4.1,0.84,2.81,71
P2857,30.431698615227436,93.26483005245902,TV installation|TV repair,3.43,0.84,4.62,56
P2858,9.079704850816462,92.80508239182505,Fridge installation|TV repair|Fridge repair,4.81,0.94,25.09,37
P2859,18.918215664994186,70.35159922152894,Fridge repair|TV repair|Fridge installation,4.54,0.66,26.77,218
P2860,18.902871962679264,94.01466658279648,Fridge installation|Fridge repair,3.03,0.88,28.73,139
P2861,20.219355544622594,93.88054361148777,Fridge installation|TV installation,3.24,0.88,11.75,112
P2862,19.21327214725811,93.52625311008147,Fridge installation|Fridge repair,4.96,0.76,26.82,65
P2863,31.58138482863781,76.61557094242998,TV installation|TV repair|Fridge installation,3.43,0.87,20.77,117
P2864,8.462424907146014,92.73817920137878,Fridge installation|TV repair,4.04,0.85,4.56,67
P2865,19.279796083210183,87.38607739189658,Fridge repair|TV repair|TV installation,4.88,1.0,23.37,58
P2866,23.643127589850543,80.39187525380021,TV installation|Fridge installation,4.95,0.82,9.11,261
P2867,17.898703424105328,91.10005506993829,TV repair|Fridge repair,4.7,0.85,11.73,157
P2868,27.193049400665,69.99463907323211,Fridge repair|Fridge installation,3.72,0.97,26.15,209
P2869,24.99405009317063,76.21650441973716,TV installation,4.96,0.71,15.15,236
P2870,9.804501006915018,94.03080624192917,TV repair|Fridge repair|TV installation,3.08,0.98,20.61,105
P2871,9.18029406236042,82.15808937001826,TV repair|Fridge repair|Fridge installation,3.9,0.73,28.81,255
P2872,25.99357122321336,91.04570748450524,TV repair,4.78,0.79,27.13,91
P2873,34.8187913817064,72.8423585846413,TV installation|Fridge installation|TV repair,3.53,0.63,24.27,210
P2874,12.750596244235146,69.16428533083347,TV installation,3.33,0.78,8.92,139
P2875,33.39171463336372,82.93899253037192,Fridge repair,4.46,0.61,12.22,256
P2876,33.238809576495434,95.24351718589409,TV installation,3.16,0.74,28.83,80
P2877,33.449871403467654,88.72292066510335,Fridge installation|TV repair|TV installation,4.05,0.71,25.93,48
P2878,26.000538563716713,70.29756959854667,TV repair|TV installation,3.99,0.88,18.35,83
P2879,31.991031691286235,87.87679206816931,Fridge repair,4.07,0.69,22.83,12
P2880,31.256441996511484,88.20469441023782,TV installation|Fridge installation,4.87,0.67,20.18,86
P2881,22.346981444983975,78.05266865257533,Fridge repair,3.64,0.94,7.51,133
P2882,35.670004302130465,92.67118985299508,Fridge repair|TV repair,3.59,0.6,10.31,144
P2883,14.066630861229996,85.95632957701768,TV repair,3.49,0.95,4.91,286
P2884,10.562969132866215,92.52365049120328,TV installation|Fridge installation|TV repair,4.3,0.98,11.42,251
P2885,11.965895684788238,91.57548335639402,Fridge repair,4.36,0.96,14.58,40
P2886,23.17448339650896,91.80932652988693,TV installation,3.6,0.93,13.91,170
P2887,36.35943531513013,82.84614194522007,Fridge installation|Fridge repair,4.26,0.87,12.15,13
P2888,28.519047321660274,89.28612338176684,TV repair,3.57,0.72,15.13,79
P2889,30.890367300473745,77.19557483094964,Fridge repair|TV repair|Fridge installation,4.71,0.92,20.52,49
P2890,22.97318028817393,80.9000484703408,TV repair|TV installation|Fridge repair,3.68,0.94,15.54,283
P2891,23.74532976813405,88.81090373055852,Fridge repair,4.76,0.86,12.65,159
P2892,14.242794446952935,88.84241453555723,Fridge installation,3.17,0.83,17.98,191
P2893,15.2819064874895,76.26296436022831,Fridge repair|TV installation,4.29,0.66,28.05,234
P2894,8.650962047691687,96.7125048627934,TV repair,4.12,0.61,18.52,199
P2895,33.94635396970133,68.95463901615466,TV installation,4.62,0.82,17.29,198
P2896,14.890530412507754,75.3711931530643,TV installation|Fridge installation|Fridge repair,3.0,0.63,3.26,71
P2897,17.32593427051149,84.53719562347459,Fridge repair,3.47,0.66,12.47,202
P2898,21.273707493448743,86.64188695998752,Fridge repair,3.21,0.96,17.92,37
P2899,31.82959663014049,69.2910466909364,Fridge installation|TV repair,4.91,0.77,10.12,96
P2900,21.76789679129049,86.70806462100536,TV repair|TV installation,4.0,0.85,5.86,129
P2901,11.97014076522439,76.28930619525393,TV installation|TV repair|Fridge installation,3.51,0.85,14.76,249
P2902,34.46547313042813,89.18542860915551,TV repair|Fridge installation|Fridge repair,4.66,0.9,19.66,219
P2903,34.16140195062606,86.87808858531662,Fridge installation|TV installation,3.8,0.63,10.14,264
P2904,8.051132276605259,71.48037571024764,TV installation,4.5,0.69,29.84,289
P2905,30.87437975139931,88.4462896829405,Fridge repair,3.64,0.73,17.78,89
P2906,30.334626169498424,74.46634676884275,TV installation|TV repair|Fridge installation,4.23,0.7,29.67,93
P2907,24.334676895097996,88.26817458493015,Fridge installation|TV repair|Fridge repair,4.6,0.89,21.6,241
P2908,20.76841133425219,95.02461517325635,Fridge repair|Fridge installation,3.29,0.72,10.52,222
P2909,18.766740799337057,72.2717390256449,TV repair,4.01,0.78,29.92,49
P2910,30.806899872638276,77.68642545197197,Fridge installation,4.66,0.85,21.52,208
P2911,10.01979982786263,80.38167891939783,Fridge repair|Fridge installation,3.08,0.99,19.56,172
P2912,32.14186200092536,75.85413206985882,Fridge repair|Fridge installation,3.85,0.7,2.12,143
P2913,19.617716790122962,87.30740021076288,Fridge repair,4.62,0.85,21.56,137
P2914,21.90540825786953,73.71401750757093,TV installation,4.36,0.69,2.04,229
P2915,14.174852563995435,79.86649186687416,TV repair|TV installation|Fridge installation,4.98,0.6,7.52,158
P2916,9.527521529958076,76.4944122006041,TV repair|Fridge installation,3.59,0.65,13.33,87
P2917,23.45825534876891,70.84021259610282,Fridge repair|TV installation|TV repair,4.58,0.83,22.27,246
P2918,19.06324750402459,70.84805778241704,Fridge repair|Fridge installation|TV installation,4.05,0.81,15.11,141
P2919,21.04865978764465,71.54802678356245,Fridge repair|Fridge installation|TV installation,3.75,0.65,2.47,60
P2920,14.91428731436531,68.05820432933025,TV installation|Fridge repair,4.74,0.78,8.69,64
P2921,8.891088209864487,83.5819975111047,Fridge repair|TV repair,4.85,0.84,29.21,115
P2922,24.48084803325027,91.14562639218646,Fridge repair|TV repair,4.05,0.64,18.32,265
P2923,32.75597990403003,88.38552944418143,TV installation|Fridge repair|TV repair,3.19,0.61,6.72,223
P2924,19.7228369193449,90.50776920581757,Fridge installation|TV repair|Fridge repair,4.91,0.63,17.0,39
P2925,19.608033215019923,89.46415299606764,TV installation|Fridge installation|Fridge repair,3.51,0.88,15.76,98
P2926,35.99981391247006,73.23866826351616,TV repair|Fridge repair,4.19,0.77,11.38,139
P2927,29.24946621573798,73.74423648170033,TV repair|Fridge repair|Fridge installation,3.44,0.85,12.71,77
P2928,29.7969959744996,79.21633604948578,Fridge installation|Fridge repair|TV repair,4.8,0.67,10.19,282
P2929,17.923016497918365,96.69016932176709,Fridge installation|Fridge repair,3.39,0.83,25.6,139
P2930,15.184348757018357,79.85160338497371,Fridge installation|TV repair,4.03,0.9,5.39,274
P2931,19.00996646019152,78.45155374846593,TV repair|Fridge installation|TV installation,3.78,0.92,11.08,63
P2932,21.368413814107356,80.56883830378337,TV installation|Fridge installation,3.99,0.99,10.35,155
P2933,21.53158171185928,73.80142776124487,TV installation,4.12,0.71,3.03,218
P2934,11.719398251492109,78.67312517439026,TV repair|TV installation|Fridge repair,3.95,0.77,22.32,54
P2935,9.730478014792403,72.91257464334561,TV repair,4.59,0.6,9.91,201
P2936,28.81209957799351,95.2473763938057,Fridge repair|Fridge installation|TV repair,4.3,0.77,17.89,98
P2937,24.95978106294752,72.25777958359903,Fridge installation,4.4,0.66,2.41,196
P2938,25.789361584115724,68.86338531480683,TV repair|TV installation,4.01,0.92,17.4,65
P2939,21.97843189387682,78.21615134046817,TV installation|TV repair,3.98,0.68,11.76,153
P2940,14.305266162892181,75.65794693453628,Fridge installation,4.5,0.67,8.88,136
P2941,28.881496386518098,85.91920340142659,Fridge repair,4.39,0.69,21.25,82
P2942,20.753286612756163,88.22244733921956,Fridge installation|TV repair|Fridge repair,4.27,0.65,23.87,237
P2943,23.68058869256971,81.05810500307169,TV installation|TV repair|Fridge repair,3.92,0.79,26.68,137
P2944,26.257528873945567,88.7781211324687,TV repair|Fridge installation|TV installation,3.09,0.9,15.61,90
P2945,31.053577051915635,96.0335073344535,TV installation|Fridge repair|Fridge installation,4.45,1.0,20.23,202
P2946,13.910765317778829,77.41236424340882,TV repair,3.01,0.87,9.52,299
P2947,17.91885592353349,71.41640917896284,Fridge repair|Fridge installation|TV installation,3.18,0.73,5.93,95
P2948,9.535718213088412,85.25524422920427,Fridge installation,3.29,0.9,8.11,139
P2949,13.506577600550163,88.91963034733766,TV repair|TV installation|Fridge repair,3.67,0.83,3.08,205
P2950,30.726534197568512,79.8324108429498,Fridge repair|TV repair,4.96,0.75,19.88,97
P2951,14.378594014294578,85.25728912961179,Fridge installation|TV installation|Fridge repair,4.95,0.78,21.24,60
P2952,30.46697944739744,87.48140906450466,TV repair|Fridge repair|Fridge installation,3.58,0.8,5.09,35
P2953,25.815641820958938,83.31876374873379,Fridge repair,3.76,0.76,17.55,117
P2954,34.67713962667072,83.3819099512867,Fridge installation|TV installation,3.79,0.81,19.59,83
P2955,9.898960073076355,93.27471840603567,Fridge installation,4.46,0.73,16.13,18
P2956,28.507648525444946,70.03958717053573,Fridge repair,4.51,0.82,9.81,99
P2957,8.96269313690129,70.36615728122088,TV repair,3.96,0.76,18.97,135
P2958,35.75983273303679,82.11189567675778,TV installation|Fridge repair|Fridge installation,4.35,0.93,15.43,91
P2959,30.643945671986888,87.89967761088114,TV installation,3.9,0.77,4.03,198
P2960,23.33792502942346,80.10729271819639,TV installation,4.59,0.82,28.23,162
P2961,19.345618417221008,69.88229419022542,Fridge repair|TV repair,3.78,0.66,8.44,82
P2962,9.955292119906769,81.47698893125109,TV repair|Fridge installation|TV installation,4.22,0.77,2.54,284
P2963,36.52218793069092,73.95727444126263,TV repair|Fridge repair,3.21,0.73,26.8,212
P2964,17.933637655778625,68.63368993902559,Fridge repair|TV installation|TV repair,3.72,0.96,21.33,190
P2965,29.664568380590488,85.8725131293736,Fridge installation,4.75,0.8,11.27,268
P2966,18.313366332413317,80.42947655363486,Fridge repair,4.62,0.64,12.82,219
P2967,8.23067125707768,94.73476608197825,Fridge repair,3.11,0.71,16.42,264
P2968,25.0231264571591,86.41250727999166,TV installation|TV repair|Fridge installation,4.04,0.93,26.65,194
P2969,25.677263835239486,87.77034260990271,Fridge installation,4.01,0.88,6.84,171
P2970,12.060744994626681,79.62356088515673,TV repair|Fridge installation|Fridge repair,3.15,0.82,20.75,187
P2971,19.8011142644342,80.79840095856774,Fridge installation,3.12,0.66,13.01,55
P2972,25.286857302432775,79.88941205071043,TV repair|Fridge installation,4.68,0.67,17.54,100
P2973,33.63363349659407,82.75346839347412,Fridge installation,4.29,0.76,15.11,250
P2974,26.654945820498583,79.79781863068794,Fridge repair,3.99,0.88,28.66,24
P2975,18.476241142634535,83.04074239322841,Fridge installation|TV repair|Fridge repair,4.56,0.82,29.82,291
P2976,25.992016866692477,70.0331795389124,TV repair|Fridge repair|Fridge installation,3.41,0.73,12.32,283
P2977,23.3416188762262,79.08114563885448,Fridge installation|TV installation,3.9,0.61,23.57,158
P2978,12.46486882902836,88.03096393264009,Fridge installation,4.92,0.86,19.28,14
P2979,35.33673824791026,83.75772673007556,TV repair,3.3,0.95,3.14,12
P2980,30.734862824769518,90.64654231248126,Fridge installation|TV installation,4.85,1.0,18.28,125
P2981,11.615472199877852,70.27558974057759,TV repair|TV installation,3.9,0.64,22.38,231
P2982,24.51790577570969,74.81989721728891,TV repair|TV installation|Fridge repair,4.69,0.94,22.52,61
P2983,12.735458777929214,95.0164036639773,TV installation|TV repair|Fridge repair,4.89,0.95,9.02,53
P2984,14.650249558921963,72.60629316607846,TV repair,4.56,0.88,7.11,25
P2985,31.655107940089504,91.60468873024996,TV installation|Fridge repair|TV repair,4.7,0.67,21.76,70
P2986,22.704382112382667,68.54317846975218,Fridge repair|TV installation|Fridge installation,3.78,0.63,15.3,21
P2987,24.816921091729146,86.3448015623883,Fridge installation|TV repair,3.74,0.89,15.86,90
P2988,25.64886633839371,92.08332812245149,TV installation,3.47,0.69,19.05,283
P2989,8.954499291174036,85.63075833049132,TV repair,4.9,1.0,15.56,121
P2990,28.317365517496683,95.60026016170835,Fridge repair,4.42,0.78,6.73,102
P2991,21.39406931100492,86.54845070688036,Fridge installation|Fridge repair|TV installation,3.91,0.78,2.46,147
P2992,22.16689555987684,91.8569503124607,TV installation|TV repair,3.56,0.81,11.66,171
P2993,12.166616654288337,69.3329066133222,Fridge repair|Fridge installation,4.75,0.6,3.72,208
P2994,14.923414915515398,84.46882590085676,Fridge repair|TV installation,4.67,0.68,21.86,175
P2995,19.616083341473136,69.24934813017182,TV installation,3.4,0.96,4.7,226
P2996,36.721141153248354,86.85516565286935,TV installation,3.25,0.8,16.82,214
P2997,30.099059987926953,87.74025928633672,TV repair|TV installation|Fridge repair,4.09,0.92,20.15,89
P2998,19.050802256781417,85.10777216994063,TV installation,4.74,0.69,15.6,268
P2999,22.703086724388985,90.42638302841823,TV installation|TV repair|Fridge installation,4.41,0.65,18.55,201
P3000,28.269329367088567,82.77845477591376,Fridge installation,3.37,0.65,3.67,211
P3001,34.274564217518154,78.4351289306842,Fridge installation|Fridge repair|TV installation,3.13,0.84,5.49,186
P3002,26.610646832530666,93.36706865141504,Fridge repair|Fridge installation|TV installation,4.57,0.64,12.67,144
P3003,35.336795144549775,77.91739069073348,Fridge repair|TV repair,3.31,0.83,18.87,216
P3004,36.696943948419985,75.05515111300414,Fridge installation,4.68,0.79,14.18,45
P3005,17.943790558285624,77.47366501047586,Fridge installation,3.49,0.84,27.21,69
P3006,13.41413462638095,92.31875232477132,TV repair,4.48,0.97,6.63,298
P3007,23.701452434844903,85.81857599021777,TV installation|Fridge repair|TV repair,3.96,0.84,7.05,279
P3008,17.947689410660317,82.76414163935164,TV installation|TV repair,4.42,0.83,24.47,143
P3009,30.85113775483965,88.20668593337558,Fridge repair|Fridge installation,3.39,0.62,27.3,55
P3010,15.647249408080942,71.67201252903241,TV installation|Fridge installation,3.74,0.9,10.23,190
P3011,17.5783233622712,89.02124466570794,TV repair,4.22,0.65,6.57,246
P3012,31.589047015305198,78.13476038278691,TV repair|Fridge installation,4.19,0.67,10.72,112
P3013,19.62928477341604,91.66764163596466,TV repair|Fridge repair,4.42,0.93,10.0,253
P3014,36.185264796898444,88.80250582418522,TV installation,4.67,0.61,11.92,22
P3015,23.36328555838393,87.34065156767412,Fridge installation|TV repair,3.7,1.0,17.79,191
P3016,29.028921464412942,92.73135409738548,Fridge repair|TV repair|Fridge installation,3.35,0.69,15.65,87
P3017,21.546569688101044,79.37171626210889,TV installation,4.45,0.96,2.7,118
P3018,25.71265932626047,77.2383298456537,TV installation|TV repair,4.54,0.99,28.42,143
P3019,11.574143749205842,82.24801225786824,TV installation|Fridge installation,4.31,0.83,5.92,298
P3020,27.47033913992466,91.45836958660351,TV installation|TV repair|Fridge repair,4.82,0.93,29.27,188
P3021,25.60141697230791,71.56954774869484,TV installation,3.94,0.85,25.76,178
P3022,31.703043378100894,74.81228157280592,TV repair|Fridge installation,4.35,0.77,5.21,106
P3023,13.027469361686077,94.24441517980456,TV installation|Fridge installation|TV repair,4.91,0.75,12.53,133
P3024,8.288655145687565,81.67764981594999,TV installation|Fridge installation,3.86,0.69,3.5,159
P3025,14.34827871514818,73.97463799076662,TV installation|Fridge installation,4.09,0.76,18.04,267
P3026,32.911526476752286,68.22245317940387,TV installation|Fridge repair,3.1,0.84,19.54,193
P3027,26.242658061132946,74.60372161695653,Fridge installation|Fridge repair|TV repair,3.94,0.92,27.84,33
P3028,36.900281165901845,83.9943889350362,TV installation,4.4,0.76,17.34,56
P3029,26.503637290195847,92.77228550969664,TV installation,5.0,0.67,21.44,171
P3030,10.367317845688811,76.6563292708337,Fridge installation,4.03,0.76,3.25,178
P3031,21.821969506392,70.98444053606192,Fridge repair|TV installation|Fridge installation,3.02,0.62,7.39,262
P3032,15.602975000506849,82.24344205500306,TV installation|TV repair|Fridge repair,3.84,0.72,24.61,116
P3033,12.731056410608605,77.67305482343812,Fridge repair|TV repair|TV installation,4.83,0.91,11.08,274
P3034,18.272399662994,88.13403639530954,TV repair,4.88,0.85,6.16,107
P3035,34.79119865627756,79.3981247938514,Fridge repair|TV repair|TV installation,4.27,0.96,18.46,261
P3036,28.77293148035551,93.58112495845934,TV repair,3.18,0.73,13.14,286
P3037,11.491033475288617,71.45412271387464,TV repair|Fridge installation,4.87,0.72,8.77,158
P3038,11.084559857787802,74.11762885832985,Fridge installation|Fridge repair|TV installation,3.74,0.92,9.54,65
P3039,10.065980742035372,92.70599172459293,Fridge installation|TV repair,4.55,0.71,11.08,90
P3040,12.830421252447776,69.41844293307612,Fridge repair|Fridge installation,3.79,0.94,23.14,163
P3041,23.29959360336432,68.8502106545848,Fridge installation|Fridge repair|TV installation,3.12,0.87,23.47,93
P3042,35.969318780105866,93.49192718441766,Fridge repair|Fridge installation,4.29,0.75,19.3,175
P3043,29.95766408319039,93.79277739594538,TV repair|Fridge installation,4.43,0.92,29.75,266
P3044,15.64366015784013,90.06793621506345,TV installation,4.06,0.63,12.31,66
P3045,28.404950826628948,77.2875012708765,TV installation|Fridge installation,4.85,0.65,10.9,272
P3046,14.328179237100727,69.43929495968031,Fridge repair,3.98,0.79,4.18,242
P3047,19.63566998873906,80.46552656748416,Fridge installation|Fridge repair,3.3,0.62,19.95,90
P3048,29.28107346322222,83.63361420564517,Fridge repair,3.4,0.82,7.12,258
P3049,13.252249435985453,69.30481044497833,TV repair|Fridge installation,3.16,0.86,5.79,253
P3050,29.417946356733175,81.90121638725917,Fridge repair,3.91,0.94,21.84,120
P3051,25.335744978909933,78.6584264899154,Fridge repair|TV repair,4.41,0.9,21.5,290
P3052,14.881534032859381,73.49423714033432,TV repair|TV installation|Fridge repair,4.22,0.84,16.28,136
P3053,21.68536418752304,88.78501869776207,Fridge installation|TV installation,4.75,0.71,11.58,72
P3054,13.189892696915031,87.2471590284591,Fridge installation|TV installation,4.98,0.93,22.88,103
P3055,33.40805375583621,83.24787646253085,Fridge repair|TV installation,4.78,0.73,3.74,164
P3056,28.741649403512646,95.75609003282494,TV repair|Fridge installation,4.38,0.95,14.68,276
P3057,28.61539319992273,82.72554129601737,TV installation|Fridge installation,4.25,0.88,9.09,69
P3058,9.041925486619856,82.0022121406491,TV repair|TV installation|Fridge installation,4.72,0.8,17.47,74
P3059,31.0359569755777,78.40747035308834,TV repair|TV installation,4.91,1.0,27.65,88
P3060,35.408991417973,91.33146555048869,TV repair,4.82,0.83,15.45,64
P3061,32.34467472736988,89.60910490419388,TV repair,3.12,0.68,17.6,256
P3062,20.84289097780315,70.38588482960999,TV repair|Fridge repair,4.78,0.95,29.94,94
P3063,29.3761024316958,91.0258640152092,Fridge repair,3.71,0.91,29.4,287
P3064,35.21552741591513,93.19617070834661,Fridge repair,4.74,0.63,25.69,42
P3065,34.65959024453825,95.44075411289128,Fridge repair|Fridge installation,3.97,0.75,9.92,104
P3066,27.770124674598893,94.44146186370014,Fridge repair|TV repair|Fridge installation,4.65,0.78,12.86,125
P3067,30.274360804262578,79.28853380099196,Fridge repair|TV repair|TV installation,4.61,0.99,12.86,181
P3068,18.231374268711267,83.86413516499903,Fridge repair|TV installation,4.07,0.61,28.62,188
P3069,8.469355399024845,70.21687625955819,TV repair|TV installation,4.16,0.66,3.17,155
P3070,26.060074577865468,71.24335434040675,TV installation|Fridge installation|TV repair,3.63,0.77,6.46,294
P3071,32.71683126294023,71.9889574672955,TV installation,4.78,0.97,14.9,292
P3072,20.29346503714134,94.53908144600445,TV installation|Fridge repair,4.45,0.93,26.41,178
P3073,8.024861429958266,96.41763124314957,Fridge installation|Fridge repair|TV installation,3.81,0.81,7.45,262
P3074,21.553401853948653,88.98670167469142,TV repair|TV installation,3.99,0.77,13.49,72
P3075,18.639974194095878,89.71442633283243,Fridge installation,4.75,0.95,8.38,44
P3076,17.90498572379805,76.96992229907363,Fridge installation|TV repair|TV installation,4.45,0.72,3.48,38
P3077,23.65741510631518,88.59735393138077,TV repair|TV installation,3.64,0.65,2.49,78
P3078,20.54437047878451,72.82653022321125,TV installation,3.64,0.77,21.99,186
P3079,33.5029820737077,88.32637207668598,TV repair|TV installation,3.84,0.9,22.76,176
P3080,30.713835847460906,87.78331181843056,Fridge repair|TV installation|TV repair,3.88,0.99,17.93,205
P3081,25.105415444758332,72.09936387176299,Fridge installation|Fridge repair,3.13,0.77,21.32,263
P3082,33.56440039321818,94.5430613884722,Fridge repair|TV installation,3.55,0.75,20.49,234
P3083,33.43760253983153,71.11978237870201,TV repair|Fridge repair|Fridge installation,3.08,0.68,10.01,286
P3084,9.905022450878755,89.91262369155214,TV installation,3.33,0.97,12.3,168
P3085,12.767579850082553,89.18924503005564,Fridge installation|TV installation,4.95,0.79,19.71,60
P3086,27.44994517524617,81.02478641091123,Fridge installation,4.78,0.85,29.73,110
P3087,18.292774858213846,73.58299364371018,Fridge installation,4.64,0.75,7.44,85
P3088,16.197013929962992,73.33344948575193,Fridge installation,3.11,0.83,21.28,86
P3089,8.568499205961384,74.61454528207004,Fridge repair,3.05,0.74,6.08,37
P3090,19.12807602524692,70.71397489105203,Fridge installation|Fridge repair|TV installation,3.8,0.68,21.04,66
P3091,30.75560344113745,74.61685269703695,TV installation,3.39,0.84,22.75,160
P3092,28.010583982143174,75.65477717508111,TV installation,3.13,0.61,26.67,171
P3093,17.132376878274773,85.18766391149862,Fridge installation,3.72,0.61,4.71,59
P3094,27.131429982265665,70.85693713058748,TV installation,4.12,0.65,7.93,18
P3095,35.72979623041772,88.96277121058527,TV repair,4.66,0.71,21.15,287
P3096,12.197255066804095,76.88727420916307,Fridge repair|TV repair,4.53,0.72,13.44,42
P3097,20.32798122112829,73.1023550424246,Fridge repair,3.94,0.69,17.72,285
P3098,35.54931193292639,92.93486356466467,TV repair|TV installation|Fridge installation,3.31,0.67,16.35,255
P3099,14.353300734358355,69.76817986722642,TV repair|Fridge installation,4.09,0.88,8.84,19
P3100,35.624993458205154,75.6592013151932,Fridge installation|TV installation,3.18,0.79,25.99,76
P3101,19.71619206932587,91.80412192086797,TV repair,4.15,0.69,3.12,270
P3102,21.069960369550472,78.7850417266733,Fridge installation,3.92,0.93,20.47,16
P3103,27.389620175738084,68.40835727964148,TV repair|TV installation,4.26,0.82,24.73,61
P3104,12.951230207278439,93.23950021743607,TV installation,3.84,0.86,16.11,291
P3105,22.92759032471499,89.43398286651087,Fridge repair,3.6,0.78,11.09,133
P3106,30.164329723279273,79.454274986791,Fridge installation|TV repair,4.3,0.9,11.04,38
P3107,14.877862757659297,88.08091895600487,Fridge repair|Fridge installation|TV repair,4.56,0.7,9.2,68
P3108,33.737768570650616,74.6888057513734,Fridge installation|TV installation|TV repair,3.17,0.73,20.42,213
P3109,23.926119637125346,89.58484400458066,TV installation,3.82,1.0,10.34,48
P3110,13.887860291760305,71.2170205546644,TV repair|TV installation,4.5,0.88,24.71,186
P3111,30.26057456428872,82.64957964021684,TV installation|Fridge repair|Fridge installation,4.71,0.9,23.8,117
P3112,27.516486910935797,80.65005416245607,Fridge installation|TV installation|Fridge repair,3.51,0.62,11.45,291
P3113,9.83077464940914,86.2049552405863,TV repair|Fridge repair|Fridge installation,3.29,0.8,6.36,214
P3114,21.96576437617005,87.45017802176568,Fridge installation|TV installation,3.99,0.97,19.04,174
P3115,35.30915011354813,77.2801416870791,Fridge repair|TV installation|TV repair,3.67,0.94,20.14,109
P3116,26.43642612877527,71.92368948787221,TV installation|TV repair,3.95,0.72,28.08,120
P3117,25.080205077413922,87.20877710749122,Fridge installation|TV installation|Fridge repair,4.3,0.62,8.1,191
P3118,27.11280367893404,84.40018238106559,TV installation|Fridge repair|TV repair,3.02,0.68,23.73,188
P3119,29.35089030473842,89.23430924153297,TV repair|Fridge installation,3.33,0.98,8.27,25
P3120,10.420807036216132,69.16974363844982,Fridge repair,3.52,0.72,21.26,247
P3121,18.862808601114573,86.96940704116231,Fridge repair|Fridge installation|TV repair,3.33,0.63,25.93,33
P3122,9.468714466868063,93.61143660478312,TV installation|Fridge installation|Fridge repair,4.68,0.74,19.3,139
P3123,36.04775759894551,95.54886612542985,TV repair|TV installation|Fridge installation,4.97,0.95,27.47,295
P3124,8.833451212191557,72.9527058046822,Fridge repair,3.42,0.91,21.79,49
P3125,33.660907998016825,75.16731472603462,Fridge installation|TV repair,4.81,0.96,14.16,229
P3126,29.070237337496224,77.7709315067653,TV installation|Fridge repair,4.59,0.67,17.11,190
P3127,29.454054787077904,68.28219784451016,Fridge installation,3.74,0.84,14.68,95
P3128,30.180997628435687,73.31939505276124,TV repair,4.35,0.97,11.07,152
P3129,17.541365799734045,80.8188006444823,Fridge installation|TV installation|Fridge repair,3.38,0.78,6.4,205
P3130,27.247684323085625,69.8105942368123,Fridge installation|TV repair|TV installation,4.74,0.67,8.31,284
P3131,35.52424955810443,77.54383501024896,TV repair,4.39,0.94,12.65,62
P3132,17.152795154615397,94.68952872218412,TV repair|Fridge repair,4.94,0.71,5.82,146
P3133,23.006501055958065,92.4574727372877,Fridge repair,3.87,0.77,27.35,280
P3134,36.23059799834744,78.56555215712925,Fridge installation|TV installation|Fridge repair,4.26,0.79,15.11,16
P3135,36.730171411076235,93.57483798349452,TV repair,4.5,0.81,14.94,46
P3136,16.866386746424087,90.4448631948731,TV installation|Fridge repair|Fridge installation,3.91,0.95,6.14,278
P3137,15.608096351936496,73.89587315908526,Fridge installation,4.05,0.63,13.18,261
P3138,11.76869221823071,71.77939929324351,TV installation|TV repair,4.36,0.75,22.53,112
P3139,32.93141275793757,74.22684309874387,TV repair,3.81,0.99,6.43,22
P3140,14.878349384870656,82.50461118219378,Fridge repair,4.6,0.8,24.55,221
P3141,18.88364418582048,88.8016753989385,Fridge installation,3.79,0.69,11.6,234
P3142,32.59019497500023,81.34299567611161,TV repair,4.19,0.94,24.78,28
P3143,14.636889998881415,73.53809803501824,TV repair|Fridge repair|TV installation,4.04,0.87,3.24,202
P3144,21.214826328538177,77.59912574351226,Fridge installation,4.43,0.8,6.49,217
P3145,36.60355998198885,76.16877317579689,TV installation|TV repair,3.63,0.96,8.55,193
P3146,25.85922994846853,77.71141251090648,TV repair|Fridge repair|Fridge installation,4.36,0.79,14.25,48
P3147,15.10376355581004,89.18964373085366,TV repair|Fridge repair,3.18,0.74,27.52,28
P3148,11.223910649861395,85.1162418332296,TV repair|TV installation|Fridge repair,4.36,0.97,23.85,61
P3149,18.838271988112552,72.02640763389158,TV repair|Fridge repair,4.76,0.9,23.21,113
P3150,33.773944837631745,83.21714855245621,TV repair,4.73,0.85,18.62,56
P3151,12.646634504638147,88.36129295497888,TV installation|TV repair,4.38,0.78,5.79,27
P3152,17.28270016319099,88.31116886115551,TV installation|TV repair,3.23,0.93,23.31,257
P3153,28.855767071587792,87.38688226256683,TV repair,4.5,0.68,6.41,245
P3154,16.669145648258024,89.34823317837927,TV repair|Fridge installation,4.1,0.73,4.51,198
P3155,8.335132149411383,88.27502606132317,TV installation|Fridge repair,3.56,0.73,17.31,279
P3156,28.400431764409973,79.23358027211782,TV repair|Fridge installation|Fridge repair,4.0,0.78,2.25,160
P3157,34.995319694521086,83.38995609081087,TV installation|Fridge repair|TV repair,4.85,0.68,18.93,294
P3158,30.45244354352438,85.5713593531856,Fridge installation,3.99,0.97,12.56,248
P3159,28.108345695561354,69.29704867104995,TV repair|TV installation|Fridge repair,3.97,0.79,6.54,90
P3160,11.207450792994733,74.15177205524772,TV installation|Fridge repair|TV repair,4.95,0.89,27.62,152
P3161,20.74017292787193,77.39228655059642,Fridge installation|TV installation|TV repair,3.62,0.9,22.93,210
P3162,9.914186560768043,79.12847651587211,TV installation,4.5,0.97,2.83,12
P3163,14.489690647375916,91.64095315379839,Fridge repair,4.69,0.68,21.9,268
P3164,30.52954887699092,90.82501557899401,TV installation|TV repair,4.25,0.94,23.26,176
P3165,13.556253540848267,95.35801185084779,Fridge repair|TV repair,3.8,0.81,5.44,90
P3166,12.74547615856364,90.52900823224724,TV installation|Fridge installation,4.72,0.96,10.51,264
P3167,16.092229226777548,90.11994780353578,TV repair,3.24,0.91,14.31,144
P3168,31.136615354038735,73.11637420146964,Fridge repair|Fridge installation|TV installation,4.44,0.85,4.56,294
P3169,30.248898134714846,96.72957068686449,TV repair,3.11,0.71,22.76,137
P3170,23.964620082336317,88.48781812936268,Fridge installation,4.37,0.81,15.0,42
P3171,17.86804640289685,68.05832666601763,Fridge installation|TV repair,4.11,0.7,22.88,195
P3172,32.562959392960785,77.50877284047719,TV installation|Fridge installation|TV repair,4.4,0.62,12.8,208
P3173,15.69042995336416,93.8540456670866,Fridge repair|Fridge installation|TV installation,3.14,0.93,4.56,43
P3174,36.0541936422471,91.52214691594192,TV installation|Fridge installation|TV repair,3.15,0.89,16.99,87
P3175,15.288075803037867,94.7309021057799,Fridge repair|Fridge installation|TV installation,4.85,0.92,29.49,284
P3176,8.295921431272111,76.34719586874384,Fridge repair,3.06,0.64,8.13,167
P3177,8.081037130791156,94.44684489069161,Fridge installation,4.25,0.78,22.32,109
P3178,33.78204527986284,81.16789243362835,TV installation|Fridge repair,3.55,0.97,12.86,90
P3179,36.85590552517503,68.73989291707832,TV repair|Fridge installation|Fridge repair,4.8,0.6,12.2,207
P3180,21.499927028737304,71.5189805512705,TV repair|TV installation|Fridge installation,3.12,0.98,19.15,216
P3181,32.865718195625305,83.15810095881359,Fridge installation|TV repair|Fridge repair,4.54,0.65,27.39,201
P3182,8.510473187339004,75.01421944729992,TV installation,3.86,0.73,26.76,190
P3183,9.239852594729498,73.73283848513292,Fridge installation|TV installation,3.68,0.92,24.12,77
P3184,34.58625757733966,70.36392325630547,TV installation,4.66,0.78,26.24,189
P3185,31.842201507540818,81.71456315837527,TV installation|Fridge repair,3.38,0.64,22.81,179
P3186,20.926050676959097,91.73181173339964,TV installation,4.55,0.69,6.25,75
P3187,33.61478206917366,70.6513271507271,Fridge installation|Fridge repair|TV installation,4.09,0.64,15.17,155
P3188,28.066011170519673,93.81285430144243,Fridge repair,4.75,0.99,16.34,147
P3189,9.594474393063557,70.34346273725556,TV repair|Fridge repair,3.38,0.95,19.6,161
P3190,18.740502511172117,74.18339012303002,Fridge repair|TV repair,3.08,0.8,18.08,77
P3191,33.58069638372082,80.31586959569539,Fridge repair,3.85,0.66,9.21,249
P3192,36.092286855565895,82.6374179562407,TV installation|TV repair,3.91,0.67,20.52,18
P3193,18.749228969483415,75.67097033897346,TV repair|Fridge repair|Fridge installation,3.13,0.81,10.76,140
P3194,28.98214834572542,77.63110333459609,TV installation|Fridge repair|Fridge installation,4.34,0.7,22.36,275
P3195,15.23985268999078,95.30455113511628,Fridge repair|TV repair|TV installation,4.91,0.95,17.78,242
P3196,8.266074830434416,90.10150828585785,TV repair|Fridge installation|TV installation,4.12,0.96,2.87,40
P3197,36.28897778098507,69.66426576360563,TV installation,3.28,0.78,12.78,46
P3198,28.81122350921303,75.31081488830529,TV installation,4.9,0.82,2.93,199
P3199,9.700232312254935,72.34064766154302,TV installation,4.49,0.67,8.59,97
P3200,8.677096662713097,73.18616747622744,TV installation,4.1,0.76,7.32,79
P3201,10.61299511179962,93.76170417658405,TV installation|TV repair|Fridge repair,4.82,0.64,29.74,180
P3202,8.146946320420605,79.84716397715201,Fridge installation|TV installation,4.26,0.73,25.43,97
P3203,13.12960526462409,75.35871289145186,TV installation,3.2,0.71,13.49,99
P3204,21.436452234384106,82.44171370488829,Fridge installation,4.08,0.72,20.68,37
P3205,20.521670339679893,90.0780994616381,TV installation,4.64,0.87,15.76,88
P3206,22.334274030740623,71.2337872267175,Fridge repair|Fridge installation,3.23,0.98,7.98,51
P3207,15.154456810975827,80.49262272184768,TV installation|Fridge installation,4.31,0.66,22.64,239
P3208,28.13368297181579,82.25217016347351,TV repair|TV installation,3.71,0.93,15.86,252
P3209,21.25649665377328,69.97200822577975,Fridge installation|TV repair,4.37,0.62,9.01,272
P3210,25.249441157616854,89.90625424186022,Fridge installation|TV installation,3.28,0.93,17.55,193
P3211,23.07357610380133,79.47447327196807,Fridge installation|TV repair|TV installation,3.59,0.91,27.19,27
P3212,32.556404866135324,94.35464735312402,Fridge installation,4.83,0.65,14.78,58
P3213,35.32225148891966,80.64210023584272,TV repair|TV installation,4.97,0.62,22.1,255
P3214,12.650265555945417,74.91729574020636,TV installation|Fridge repair|TV repair,3.92,0.68,18.38,287
P3215,23.05674717685882,71.8995590317961,Fridge installation|TV installation,4.03,0.62,26.68,46
P3216,26.46224443490641,72.09035237392808,Fridge installation|TV installation,4.3,0.68,13.53,46
P3217,8.638467354346439,74.14470964404877,Fridge installation|TV repair,4.07,0.79,16.04,96
P3218,10.334935284180004,87.1454600574347,TV installation|Fridge repair,3.54,0.7,9.18,257
P3219,28.67813898250032,76.04285762022924,TV installation|TV repair,3.0,0.95,25.03,256
P3220,17.31303217149562,75.16209659113616,TV repair,3.82,0.86,8.22,96
P3221,20.468252685768444,70.81950811986631,Fridge repair,3.78,0.61,27.15,235
P3222,31.501159024568388,88.13050582064119,Fridge installation|TV installation,4.73,0.92,20.12,148
P3223,19.33321605034305,84.02980316381866,Fridge repair|TV installation,4.55,0.63,26.04,115
P3224,20.899286740062358,89.05925253800044,Fridge repair|Fridge installation,4.36,0.65,6.0,46
P3225,13.060801669335216,86.27144715907345,TV repair|TV installation|Fridge installation,4.29,0.71,29.6,161
P3226,8.267445934029581,74.6721060120074,Fridge installation,3.84,0.65,4.92,126
P3227,34.5731313599544,71.11884159668695,TV installation|TV repair|Fridge installation,3.39,0.99,2.42,269
P3228,25.931869201118296,71.75798617028954,Fridge repair|Fridge installation,3.0,0.97,17.54,237
P3229,17.681114187360087,77.50579600569094,Fridge installation|Fridge repair|TV installation,3.8,0.88,17.84,51
P3230,30.4315803168677,95.90579176863116,TV repair|Fridge repair|TV installation,3.51,0.93,19.02,182
P3231,36.21607330333837,95.60126093185832,TV installation|TV repair,3.02,0.9,9.61,91
P3232,36.43772483636335,69.141422330264,TV repair|TV installation,4.13,0.89,9.09,280
P3233,34.049819839381485,80.9903183271892,TV repair|Fridge repair|Fridge installation,3.1,0.68,3.86,299
P3234,15.909002862166275,87.0848676594176,Fridge installation|Fridge repair,3.73,0.88,21.11,200
P3235,21.56208560145319,80.4459888050128,Fridge repair,4.29,0.97,5.02,246
P3236,28.91540659018887,86.99895784024525,TV installation,3.33,1.0,14.98,135
P3237,34.79155210158818,86.42900745084816,TV repair,3.21,0.96,24.19,192
P3238,12.914530970641355,69.98669736213917,Fridge installation,4.79,0.68,10.62,150
P3239,15.684442414589608,87.17909798304566,TV repair|Fridge repair,4.22,0.64,20.37,285
P3240,30.363262539149723,80.53780038144289,Fridge installation,4.85,0.8,11.74,43
P3241,20.34767440586122,74.70407126445323,Fridge installation,3.36,1.0,23.08,100
P3242,19.023073962758318,78.43732989731653,Fridge repair|Fridge installation,3.93,0.71,7.04,237
P3243,12.432017154050877,68.94929587752235,Fridge installation|Fridge repair|TV installation,3.49,0.99,25.21,77
P3244,20.913094388280093,96.51513747468005,Fridge installation|Fridge repair|TV repair,3.59,0.7,19.87,230
P3245,19.961983778809014,95.30471697334103,Fridge repair,4.03,0.81,18.81,67
P3246,34.45194115577232,93.6129508543304,Fridge repair,4.94,0.89,21.12,283
P3247,36.46830384796726,82.29655217673347,TV installation|Fridge repair|Fridge installation,4.88,0.82,18.95,103
P3248,28.270534859576003,83.27696538569013,Fridge repair|TV repair|Fridge installation,4.34,0.93,7.16,68
P3249,13.730324160391305,71.74313629389806,TV repair|Fridge installation,3.47,0.86,14.75,234
P3250,11.548580034214705,91.2613769677241,Fridge installation,4.57,0.61,12.74,234
P3251,29.380820810645428,94.15765473450153,Fridge installation|Fridge repair|TV installation,3.47,0.78,7.17,185
P3252,21.32101088870357,87.97054894675756,Fridge installation|TV repair|Fridge repair,3.89,0.73,15.06,180
P3253,15.88163453454472,94.19631205280838,TV installation|Fridge repair,5.0,0.97,23.78,235
P3254,8.57416317342656,87.93504465754674,TV installation,3.9,0.81,17.73,23
P3255,23.697738171433333,75.86970143572664,TV installation|Fridge repair,4.37,0.99,6.96,214
P3256,23.71454765940775,72.93622441157814,Fridge installation,3.04,0.73,26.23,184
P3257,31.113746556929815,90.4584288753854,TV installation|TV repair|Fridge repair,3.04,0.81,3.52,53
P3258,35.561144536994405,69.02715022514505,TV installation,4.49,0.86,8.99,36
P3259,23.47407924202873,77.74752453920482,Fridge repair,3.66,0.96,14.68,214
P3260,13.978780494305006,96.76673475329142,Fridge installation|Fridge repair,4.51,0.98,10.28,238
P3261,19.978642073191594,73.70081060637072,TV repair|Fridge repair|Fridge installation,4.91,0.84,23.12,267
P3262,35.53050557781832,68.94093903949602,Fridge repair,4.95,0.95,12.72,89
P3263,34.93300174176929,87.8193711221221,Fridge installation,3.04,0.81,19.62,178
P3264,35.580246201797884,87.20157977842335,Fridge repair,4.03,0.89,11.14,82
P3265,28.850215239886882,72.13774266295444,Fridge repair,3.28,0.89,14.09,18
P3266,17.04622758254829,69.2304913802107,TV installation,4.3,0.87,17.5,80
P3267,34.536616163508484,93.579464992013,Fridge installation|Fridge repair,3.06,0.9,20.35,116
P3268,36.22081026248632,76.30983161383541,TV repair,3.46,0.93,13.74,207
P3269,34.71965467828604,84.2401265582405,Fridge repair,3.09,0.76,13.66,15
P3270,12.68951303792533,73.25080823476524,TV repair,4.14,0.74,13.8,181
P3271,14.87863618288413,93.34733151589376,TV installation,4.46,0.9,29.9,267
P3272,12.902944773773777,82.48540445857316,TV repair|TV installation|Fridge repair,4.45,0.63,19.76,196
P3273,17.54899614745127,92.34269697294066,Fridge installation|TV installation,4.52,0.89,29.92,127
P3274,23.990729772271116,77.0766862923224,Fridge installation|TV installation|Fridge repair,3.32,0.96,18.67,23
P3275,23.815004536044803,74.37933533896657,Fridge repair|TV installation|TV repair,3.68,0.75,29.24,179
P3276,31.940680053713283,73.13720598394713,Fridge installation|TV installation,3.11,0.94,17.86,253
P3277,19.209737232048354,70.48070834954133,TV repair|TV installation|Fridge repair,4.28,0.71,26.25,54
P3278,22.344382027577616,69.84217852767328,TV repair,3.55,0.87,22.62,199
P3279,27.96224278666662,96.15984480610788,Fridge installation|Fridge repair,4.02,0.86,18.14,231
P3280,32.53282159726737,86.69122893444045,TV repair,4.6,0.91,7.35,24
P3281,12.726195698900462,83.49235384103875,TV repair|Fridge repair|TV installation,3.57,0.69,18.53,248
P3282,10.233774194765713,79.55247730173546,TV installation|Fridge installation|Fridge repair,4.64,0.94,22.64,295
P3283,12.890292171809708,69.86156382178096,Fridge installation|Fridge repair|TV installation,3.59,0.83,26.55,141
P3284,17.850613817824396,79.01725046992856,TV installation|TV repair|Fridge installation,4.92,0.63,23.66,76
P3285,29.534533211531226,77.59644468467286,Fridge repair,4.44,0.88,16.97,251
P3286,14.115818842128746,89.78456189716212,Fridge repair,3.3,0.92,17.72,216
P3287,34.14768115533897,83.82366493140509,Fridge installation|TV repair|TV installation,4.74,0.95,14.46,218
P3288,21.033666483933317,93.9592676101801,TV repair|TV installation,4.58,0.65,19.09,225
P3289,24.610269183449226,68.81870053552298,Fridge installation|Fridge repair,3.17,0.86,13.23,55
P3290,28.998216231921692,82.49952241654022,TV repair|Fridge repair|TV installation,4.14,0.89,23.77,103
P3291,13.152378665335617,93.41002406524154,TV installation|Fridge repair,4.05,0.95,9.35,38
P3292,8.52248278098376,70.72207513206871,TV repair,3.29,0.63,27.11,18
P3293,13.358184664219351,87.75960169183622,Fridge installation,4.85,0.82,26.54,62
P3294,30.40993672102596,92.81614344011048,Fridge repair,4.57,0.93,9.74,77
P3295,27.424163105463844,95.21156357871904,Fridge installation|TV repair|TV installation,3.17,0.73,14.43,19
P3296,18.549085094470335,93.32313813110946,Fridge installation,3.34,0.69,11.78,133
P3297,24.852147129256654,72.72515673010234,TV installation|TV repair|Fridge repair,3.44,0.69,14.06,208
P3298,31.277465389160497,93.91097911127531,TV repair,3.99,0.74,24.62,131
P3299,20.760961437116155,79.38090048113082,Fridge installation,4.13,0.7,4.21,62
P3300,33.11734596853343,69.73241376620656,TV repair|Fridge installation|TV installation,4.45,0.73,21.1,48
P3301,25.716901060852834,92.72250707250488,Fridge repair|TV repair,3.56,0.95,13.18,182
P3302,19.755196795140122,70.84473662098846,Fridge repair|Fridge installation|TV installation,4.95,0.66,11.54,114
P3303,23.77395731334167,91.22863485228675,TV repair|Fridge repair|Fridge installation,4.46,0.99,23.92,34
P3304,11.587063129953997,86.72512218313362,Fridge installation|TV repair|TV installation,4.99,0.69,9.83,206
P3305,13.184512338964126,82.82520795631575,TV repair,3.48,0.97,29.48,17
P3306,24.517411609747533,74.04956100901116,Fridge repair|TV installation|Fridge installation,3.69,0.81,6.34,268
P3307,36.97813666463675,86.92351398328796,Fridge installation|TV repair|Fridge repair,3.74,0.73,28.08,74
P3308,21.69839998576425,78.24902237050824,TV repair|TV installation,4.42,0.73,5.34,191
P3309,15.809251074452572,96.97968480294145,TV repair,4.18,0.87,21.11,190
P3310,8.280503626560657,74.38716127250979,Fridge repair,4.33,0.96,21.19,189
P3311,28.069957043864648,73.84697706550726,TV installation|Fridge repair|TV repair,3.11,0.85,16.51,58
P3312,30.40631026778011,95.83812235984414,Fridge repair|TV repair|TV installation,3.11,0.62,29.64,72
P3313,9.453103868259085,82.8571440264432,TV repair|TV installation,3.96,0.9,9.89,189
P3314,20.94367847278401,84.28454118993876,TV installation,3.0,0.65,12.51,128
P3315,20.183714290872924,93.68237375064523,Fridge installation|TV installation,4.51,0.84,2.3,70
P3316,32.7967611617994,86.89288423967176,TV installation|Fridge repair,3.09,0.78,20.48,60
P3317,29.609397952276787,77.80188490804576,TV installation|TV repair|Fridge installation,3.7,0.65,6.11,60
P3318,33.86712747049256,78.67954690867234,Fridge installation,4.45,0.63,18.55,155
P3319,36.36078046168063,92.54002532648992,TV installation|Fridge installation,3.91,0.91,7.41,35
P3320,14.797269986301307,71.01419511507885,Fridge installation,3.1,0.94,3.4,55
P3321,22.94356769131192,70.50804882239751,Fridge installation|TV repair|TV installation,4.47,0.93,27.3,120
P3322,17.667632504209692,89.43032128221755,TV repair,3.5,0.96,17.72,228
P3323,17.277495419068742,81.73174904449087,Fridge repair|TV installation|TV repair,5.0,0.77,22.33,148
P3324,13.929976557266809,69.69670739203366,Fridge installation|Fridge repair,4.09,0.88,29.95,296
P3325,27.51317085321674,96.48495291975172,Fridge installation,3.95,0.66,4.89,271
P3326,18.754188453225694,89.62823041421431,Fridge installation|TV repair,3.35,0.84,10.09,178
P3327,12.73079653447137,81.25344570890196,TV installation|Fridge repair,4.6,0.72,16.35,37
P3328,16.403028458831024,73.33448347865803,TV installation,4.35,0.87,20.27,239
P3329,10.904959208841564,94.42391795093562,TV repair|Fridge installation|TV installation,4.02,0.76,18.49,232
P3330,15.997336110799864,96.43827362924986,Fridge installation|TV installation|TV repair,4.74,0.73,10.55,33
P3331,23.39201613838892,82.02060286537719,Fridge installation,4.38,0.98,5.14,235
P3332,12.23879526054328,76.61733024198075,Fridge installation|Fridge repair,3.96,0.88,8.79,288
P3333,21.013481774577677,93.0277528724851,Fridge repair|TV installation,4.74,0.79,29.24,166
P3334,8.097508971365162,79.03937965031365,TV repair|Fridge repair,4.2,0.85,15.34,85
P3335,24.47988377470097,68.11604860210636,Fridge repair|TV installation|TV repair,3.62,0.68,20.32,174
P3336,25.33278171280642,73.88485068535766,Fridge installation|TV repair|Fridge repair,3.86,0.88,17.04,89
P3337,14.448337142565453,71.3902954198395,TV repair|Fridge repair,3.31,0.93,21.13,121
P3338,10.78431935129589,82.58785494310432,Fridge installation|Fridge repair,3.91,0.76,25.4,164
P3339,36.46893560026762,95.39093277535807,TV installation,3.34,0.99,28.47,258
P3340,26.747587092514934,87.92556569100742,Fridge installation|TV installation,3.51,0.84,21.18,291
P3341,27.337934970523378,83.65945051131818,TV installation,3.79,0.67,18.84,125
P3342,25.400129586769157,85.70515411743689,TV installation,4.02,0.76,14.81,133
P3343,11.066322769867064,68.70448839859363,TV repair|TV installation|Fridge installation,4.65,0.97,7.81,30
P3344,17.546446392787587,79.9085493286126,TV installation|Fridge installation|Fridge repair,4.73,0.73,29.0,212
P3345,9.539110682969646,90.2625875580811,TV installation|TV repair|Fridge repair,4.33,0.8,15.1,73
P3346,14.86386575306727,84.68262668247428,Fridge installation|TV repair,3.59,0.77,15.62,62
P3347,15.280488408738695,72.73106416309383,TV repair,3.8,0.63,16.75,296
P3348,33.79829743094962,88.1944767405777,Fridge repair|Fridge installation|TV installation,4.8,0.88,29.19,298
P3349,36.52039902614768,78.39160752733741,Fridge installation,3.66,0.64,18.4,130
P3350,20.110552171769505,74.14925750359583,TV repair,4.04,0.86,10.83,203
P3351,36.27832070432605,94.0119305296079,TV installation,3.58,0.73,12.4,35
P3352,30.09692232778939,78.59483864471031,Fridge installation|TV installation,4.76,0.97,2.68,162
P3353,28.590659213505354,83.0913745537959,TV installation|Fridge repair|Fridge installation,3.78,0.81,11.09,58
P3354,21.143722236250007,84.59581121791155,TV repair|TV installation|Fridge repair,3.4,0.88,7.23,90
P3355,26.78050617945418,94.05891223182488,Fridge installation|TV installation,3.9,0.91,6.69,21
P3356,22.42037516250567,69.75165419499488,TV repair,4.21,0.92,22.97,60
P3357,33.00648335707213,77.93372280412117,TV repair,4.89,0.63,15.61,180
P3358,14.907385462387298,84.13089404530842,Fridge installation,3.71,0.93,16.79,238
P3359,22.252868798134948,73.68484684940172,TV installation|TV repair|Fridge installation,4.99,0.96,10.19,220
P3360,11.651023257444624,92.88915425523825,TV repair|Fridge repair,3.5,0.74,19.71,266
P3361,19.500778278035742,95.21423371086432,Fridge installation,4.02,0.79,20.83,148
P3362,35.16051332219685,73.44635418824352,Fridge installation|TV installation,4.06,0.69,25.92,265
P3363,35.347343722301815,74.73695451508327,TV installation|TV repair|Fridge installation,3.1,0.72,13.18,272
P3364,33.767990098397675,96.73099340605955,TV installation,4.14,0.91,26.05,153
P3365,14.296825910214523,85.08775670507097,TV repair|TV installation,3.87,0.98,12.0,118
P3366,19.37832285396523,74.98986223774185,Fridge installation|TV repair|Fridge repair,3.13,0.81,9.65,178
P3367,8.233526027133156,92.4332844873407,TV repair,4.91,0.89,22.54,147
P3368,19.882659718864165,94.18852729232908,TV installation,4.82,0.91,21.69,138
P3369,23.827547076762706,86.96361585992706,Fridge installation,4.24,0.88,4.31,162
P3370,26.02149781276286,73.20280998616107,TV repair|Fridge installation,3.42,0.6,21.9,265
P3371,35.447284743125934,90.19205636296199,TV installation,4.46,0.67,18.91,26
P3372,17.05590018393458,75.82701849711756,TV installation|TV repair|Fridge installation,4.8,0.62,20.5,196
P3373,28.016766669021173,70.85103234687989,TV repair,3.23,0.9,9.57,71
P3374,34.60480085668971,77.17776141749789,Fridge repair,3.43,0.64,5.65,45
P3375,10.541628986062463,80.52813307546546,TV installation|Fridge installation,3.64,0.88,26.37,95
P3376,23.388480443303912,70.97082137074695,TV repair|Fridge installation|TV installation,4.42,0.75,4.4,250
P3377,10.679641543390446,82.74095713592482,Fridge repair,3.88,0.67,6.89,10
P3378,19.22651883072575,69.62965316526446,Fridge installation|TV repair|TV installation,4.84,0.76,18.55,89
P3379,34.35598920881108,95.55488188212972,Fridge repair|Fridge installation|TV installation,3.54,0.9,8.69,291
P3380,31.43813198185686,94.11985190034073,TV installation|Fridge repair|TV repair,4.37,0.64,16.64,57
P3381,10.666972452207894,84.68606940468831,TV repair|Fridge installation|Fridge repair,4.96,0.93,14.2,205
P3382,18.976536565321,88.08594205773555,TV installation,3.46,0.91,5.79,92
P3383,28.368838463075186,71.92397267794149,TV installation|TV repair,4.2,0.92,18.68,194
P3384,33.438896978726135,80.01471194309883,TV installation|Fridge repair|Fridge installation,4.0,0.81,7.43,168
P3385,9.242389695244468,76.1437501366993,TV installation|Fridge repair,4.94,0.82,9.51,142
P3386,34.68531868738675,78.50863087427177,Fridge installation|TV repair|TV installation,3.61,0.94,18.92,126
P3387,30.135513024209477,93.18869332908616,Fridge installation|Fridge repair,3.04,0.7,4.52,85
P3388,12.481642542845332,83.48053971349199,Fridge installation,4.5,0.72,23.22,146
P3389,29.118444072817987,95.49906768577694,TV repair|TV installation,3.85,0.74,21.15,150
P3390,30.020383488773653,70.59595529405168,Fridge installation|Fridge repair|TV repair,3.99,0.96,26.56,228
P3391,16.807255604739453,80.85628018789332,TV installation|TV repair|Fridge installation,3.34,0.89,7.17,278
P3392,14.17527526792242,71.05803359285437,TV installation|Fridge repair|Fridge installation,4.03,0.91,19.86,188
P3393,28.577463775543766,74.67998051333132,TV installation|Fridge installation|TV repair,3.83,0.61,5.81,192
P3394,13.862135581058174,91.02610843694188,Fridge installation|TV installation,4.79,0.71,7.33,202
P3395,15.00969823064822,77.50199586772764,TV installation,3.64,0.73,20.84,199
P3396,22.472647050943998,68.77760013671246,Fridge repair,3.3,0.69,20.64,159
P3397,11.262440776602677,89.00261888189826,TV repair,3.77,0.63,24.76,71
P3398,14.837083873043618,93.94575405564737,Fridge installation|TV repair|TV installation,3.09,0.68,23.06,203
P3399,10.886534172213665,82.68592790364266,TV repair|TV installation|Fridge repair,4.7,0.72,9.3,178
P3400,16.840068462465617,86.89330602633098,TV installation|TV repair,4.48,0.92,29.85,218
P3401,29.57833287904674,96.00890830880734,TV repair|Fridge installation,3.46,0.66,27.56,81
P3402,13.652892587345796,88.58437657821571,TV installation|Fridge installation,3.15,0.73,5.24,87
P3403,20.378440877973055,76.50891639056246,TV repair,4.28,0.77,18.65,135
P3404,27.169682759321315,93.56400046209527,Fridge repair,3.14,0.72,21.39,103
P3405,20.025943579833516,90.80252393640924,Fridge installation|TV repair|TV installation,3.83,0.88,16.2,126
P3406,31.004046478035782,77.65418133469068,Fridge repair|Fridge installation|TV installation,3.94,0.68,2.44,19
P3407,22.487302522112785,88.50012614859591,TV repair|Fridge installation|Fridge repair,4.49,0.89,13.47,15
P3408,9.228226875747827,86.7943511696554,Fridge installation|TV repair,3.24,0.98,26.2,27
P3409,30.681820009277832,86.44101639794772,Fridge installation|TV installation,3.99,0.84,20.99,35
P3410,33.58808074335286,92.0279908454862,TV installation|Fridge installation|TV repair,4.3,0.78,28.12,110
P3411,11.434200126529777,89.2119995605523,TV installation|Fridge repair|TV repair,4.96,0.65,14.09,48
P3412,10.265521492902582,78.36311205827319,Fridge installation,4.39,0.98,28.97,159
P3413,33.855945032775736,79.37165408123965,Fridge repair|TV repair|TV installation,4.12,0.81,19.25,81
P3414,27.382537071277824,76.99899381476119,TV installation|Fridge repair|Fridge installation,3.1,0.93,10.69,96
P3415,25.358943524426497,93.44736484688653,Fridge installation|TV repair|TV installation,5.0,0.94,20.39,91
P3416,34.81982645600392,74.62722928349558,Fridge installation|Fridge repair,3.99,0.95,4.18,44
P3417,14.765766339190451,86.35761536660254,Fridge repair|TV installation,3.52,0.68,14.85,228
P3418,15.208173503485472,76.72004441498852,TV installation|Fridge installation|TV repair,4.23,0.98,20.89,246
P3419,18.637492747908595,75.89537642214951,Fridge installation|TV installation,3.91,0.92,14.78,296
P3420,25.621745114582684,90.00983464784005,TV repair,3.86,0.99,3.6,20
P3421,11.80022406521754,93.24926985094393,TV installation,3.05,0.73,7.17,139
P3422,20.655190374068535,80.04939692056833,TV installation,4.78,0.75,26.06,268
P3423,13.618134799701089,74.46464698888937,TV repair|Fridge installation|TV installation,4.42,0.62,3.44,56
P3424,27.29262480535134,78.78453463306914,Fridge installation|TV repair|TV installation,4.61,0.81,4.95,298
P3425,36.563649554840964,94.19310468242357,TV installation|Fridge installation|Fridge repair,4.06,0.81,27.24,208
P3426,33.16355948570344,76.24033970181128,TV repair|TV installation|Fridge installation,4.57,0.87,18.75,32
P3427,25.501479554179326,70.6083722663902,TV installation|Fridge repair|TV repair,3.62,0.77,13.59,265
P3428,18.625387334729353,89.88403170020258,Fridge installation|Fridge repair|TV installation,3.88,0.91,29.34,145
P3429,33.00790674695241,86.03289850286747,TV repair,4.63,0.86,13.87,149
P3430,13.382826030485491,91.89359380699719,Fridge installation|TV repair|Fridge repair,3.36,0.75,8.66,90
P3431,31.988939202515322,90.30053600511579,TV repair,3.56,0.61,5.31,65
P3432,32.26032802384128,76.56106102547251,TV installation|Fridge repair,3.57,0.92,28.26,33
P3433,19.81826626927988,72.5331233519127,TV repair|TV installation,3.58,0.81,5.4,98
P3434,16.840974532564488,74.42344621494661,Fridge installation|TV repair,4.4,0.94,19.7,46
P3435,10.038340806867641,95.49800479264847,TV repair|TV installation,4.15,0.8,25.5,99
P3436,25.221066349339125,94.68711792596137,TV installation|Fridge repair|TV repair,4.26,0.95,18.43,188
P3437,21.462529819486768,77.51429731901783,Fridge repair|TV installation,3.81,0.93,18.62,243
P3438,20.702440111484353,72.11777397197724,Fridge repair|TV repair,4.71,0.64,20.32,44
P3439,8.791341868866402,74.67525708726647,Fridge installation,4.81,0.86,8.35,134
P3440,29.425464339672956,89.74488394647068,Fridge repair,3.29,0.64,26.12,157
P3441,30.359215719686677,91.60356709041645,TV repair|TV installation|Fridge repair,4.04,0.96,11.13,46
P3442,34.47800450439183,80.67290069640634,Fridge repair,3.61,0.71,2.66,40
P3443,16.505544943055845,86.9908143478773,Fridge installation,3.08,0.84,22.08,154
P3444,32.16253332863375,77.38287339060287,Fridge repair|TV installation,3.5,0.71,28.58,124
P3445,18.346230865303596,93.78021364412274,TV repair,4.51,0.71,12.3,271
P3446,25.633806273848226,82.52260523727745,TV installation|Fridge installation,3.76,0.96,8.83,150
P3447,23.09664418213005,78.32742867629568,TV repair|Fridge installation,3.58,0.73,14.29,68
P3448,26.88388328468543,90.19829497015905,Fridge installation|TV repair,3.72,0.92,11.77,198
P3449,31.582569159404734,79.25695637601444,TV installation,4.13,0.68,27.64,114
P3450,9.826359331612359,93.32689792053338,TV repair|TV installation,4.14,0.75,5.16,284
P3451,23.37635238680882,76.20490994340422,TV installation,3.7,0.71,18.85,243
P3452,33.350939328603786,71.31544662243486,Fridge repair|TV repair|TV installation,4.2,0.76,7.34,146
P3453,36.70109316580914,71.883897301804,Fridge repair|TV installation,4.52,0.97,16.33,45
P3454,11.662987872039594,78.00326302823052,Fridge installation|TV repair,4.35,0.71,2.19,195
P3455,20.525828519031755,84.14689483064654,Fridge repair|TV repair|TV installation,4.16,0.94,10.63,104
P3456,15.724511417836535,95.49111740079043,Fridge installation|TV repair|Fridge repair,3.72,0.64,3.16,83
P3457,13.187483427596636,86.84418917948354,Fridge installation|TV repair,4.69,0.73,18.18,287
P3458,19.556142985040715,69.92344272880396,TV installation|TV repair,3.46,0.95,25.09,248
P3459,20.088379118550662,92.32669594366695,Fridge repair,4.25,0.89,11.77,26
P3460,35.62824603593797,90.72461601519709,TV installation,3.39,0.82,5.17,153
P3461,27.1290196857901,77.57370294993439,Fridge installation|Fridge repair,4.31,0.7,22.19,33
P3462,30.923956856431676,71.96400752681659,TV repair|Fridge installation,3.72,0.79,13.87,27
P3463,19.774167425180202,91.44366669412928,TV installation|Fridge installation|Fridge repair,4.19,0.82,27.95,143
P3464,19.995224125185768,86.37233279808267,Fridge installation,4.71,0.79,26.21,238
P3465,19.84321314051332,81.58827990786897,Fridge installation|Fridge repair,4.69,0.84,19.07,67
P3466,19.071603716785777,76.9413792327722,TV installation|Fridge installation|Fridge repair,4.24,0.8,11.05,67
P3467,27.44489435994426,74.31691303253066,Fridge installation|TV repair|Fridge repair,4.35,0.64,6.12,155
P3468,34.734978274722636,92.9274600755223,TV repair,4.94,0.86,20.92,210
P3469,26.06174876288772,72.26649000695996,TV installation,4.09,0.75,14.39,75
P3470,21.432680460998,93.56350644558695,TV repair|Fridge repair,4.81,0.86,22.51,58
P3471,33.84749487439852,81.9985913409351,TV repair,3.27,0.75,5.24,293
P3472,14.900157120144852,92.52808204821197,Fridge repair|TV installation|TV repair,4.33,0.83,25.61,244
P3473,17.97292145431863,92.51202101138412,Fridge installation|TV installation,3.18,0.94,15.54,133
P3474,10.915414972800354,71.19832498428629,Fridge installation|TV repair,4.56,0.95,27.96,181
P3475,32.07649882127781,69.99623969398158,TV installation|Fridge repair,4.58,0.91,5.68,18
P3476,34.10039218069005,88.16684250947435,TV installation,4.9,0.64,3.14,298
P3477,20.363270337325126,88.6637836933112,Fridge repair,4.29,0.67,7.77,242
P3478,8.842688144665676,83.1173169244765,Fridge repair,3.94,0.72,26.47,139
P3479,12.692459824838776,88.07994680926988,TV installation|Fridge repair|Fridge installation,4.95,0.84,6.8,215
P3480,11.841246935139475,90.20205889166677,Fridge installation,4.64,0.65,29.35,162
P3481,23.42851675424624,76.37114175695933,TV repair|Fridge repair|Fridge installation,3.25,0.72,11.94,45
P3482,13.972510696798714,80.28661587891759,TV installation,4.33,0.63,11.34,187
P3483,28.518407737727234,93.7890535561744,TV repair,3.58,0.81,12.25,217
P3484,30.51465639217262,90.84899307829697,Fridge installation,3.07,0.96,27.72,106
P3485,21.980412767727238,69.30115642881539,Fridge repair,4.12,0.76,23.64,21
P3486,27.823844166416585,70.94083624088839,TV installation,3.27,0.66,3.27,65
P3487,31.025064055265442,85.70192490711632,TV repair|Fridge repair,4.15,0.87,11.51,233
P3488,17.113832848406755,88.65115905275368,TV repair,3.32,0.61,18.69,104
P3489,9.289241818373856,81.33221247427859,Fridge installation,3.89,0.78,29.44,279
P3490,14.517217680979241,77.74778393401122,Fridge repair|Fridge installation,3.45,0.78,26.78,19
P3491,30.143971166458275,70.03959269784875,TV installation|TV repair|Fridge installation,3.97,0.9,7.39,92
P3492,22.225275373738725,87.76516850425247,Fridge installation|TV repair,3.17,0.67,13.32,24
P3493,36.006277335850655,96.14889735838591,Fridge installation|Fridge repair|TV repair,4.7,0.73,28.99,146
P3494,27.557504634523866,73.67475147805044,TV repair|TV installation,3.3,0.7,12.96,87
P3495,31.13660792679821,78.35402493565778,Fridge repair|TV installation,4.87,0.94,27.45,74
P3496,24.638214770843515,77.32203602322836,Fridge installation|TV repair|TV installation,3.51,0.84,24.9,165
P3497,33.63901666549812,85.51392024717398,TV installation,4.39,0.76,2.81,32
P3498,34.520762238841044,77.99450839584264,TV repair,4.43,0.64,14.44,36
P3499,16.37591486681496,75.66146860396529,Fridge repair,3.61,0.82,26.53,164
P3500,9.680424035919055,93.48969822746868,Fridge repair,3.19,0.77,23.43,104
P3501,9.838657708254384,76.66232613898723,Fridge repair|Fridge installation,3.02,0.88,19.37,183
P3502,31.57912620795593,90.2345686036331,Fridge installation,4.57,0.78,2.54,120
P3503,29.497712420022147,89.84203068073913,Fridge repair,4.94,0.68,5.44,34
P3504,36.03295646850453,92.61170737654814,Fridge repair|TV installation,4.76,0.78,19.47,67
P3505,10.253647294977826,79.63101000904669,TV repair|Fridge installation,4.19,0.71,25.74,13
P3506,9.880736579349216,75.74103373752693,TV repair|Fridge repair|Fridge installation,3.78,0.7,8.81,81
P3507,19.621322398296826,81.86679553502405,Fridge repair|Fridge installation,4.09,0.71,16.65,126
P3508,32.57922525829943,86.33012020644404,Fridge repair|TV repair,3.33,0.73,22.53,189
P3509,32.508259979063666,96.49504653500222,Fridge repair|TV repair|TV installation,4.38,0.75,9.86,175
P3510,34.675592716363674,76.33008282016768,TV repair,3.31,0.74,24.18,71
P3511,11.933316569484017,80.63044080487015,TV repair,4.93,0.68,2.95,172
P3512,23.99775534684339,75.4065238507689,TV installation,3.87,0.81,4.71,273
P3513,16.973383904779432,82.00026903854767,Fridge installation,4.03,0.6,19.24,205
P3514,16.46823343464324,86.29349134172935,TV repair,3.01,0.84,14.52,223
P3515,14.727531274953812,96.55750660696354,Fridge repair|TV installation|Fridge installation,4.0,0.98,16.14,196
P3516,21.025017577189487,77.71138300785556,TV installation,4.07,0.78,3.03,48
P3517,17.316313111637243,68.43982022371614,TV installation,4.46,0.88,20.32,60
P3518,26.67713890326589,96.49568975073758,Fridge installation,3.62,0.67,13.29,86
P3519,33.96548474272497,84.23827273206362,Fridge repair|Fridge installation|TV installation,3.58,0.9,16.16,173
P3520,17.60055667704175,78.32227378659279,Fridge installation|Fridge repair,3.08,0.71,10.26,129
P3521,10.522383780862123,81.6198187766171,TV repair|TV installation|Fridge installation,4.5,0.74,8.59,193
P3522,31.948930530437195,83.68668890379364,Fridge installation|Fridge repair,3.95,0.86,11.14,163
P3523,25.872603339889555,71.35132109772674,TV repair|Fridge installation|TV installation,4.69,1.0,12.26,272
P3524,11.53891394017896,85.0285593135464,TV installation|Fridge installation|TV repair,3.59,0.96,13.37,155
P3525,29.883318758175974,87.97790013294097,TV repair|Fridge repair|Fridge installation,3.27,0.8,23.86,203
P3526,11.004070984328845,94.18115704906121,Fridge installation|TV installation|TV repair,3.53,0.67,18.5,281
P3527,27.711344090764282,82.21296037795447,Fridge installation,3.22,0.96,20.85,238
P3528,23.230976014255567,93.8220777504961,Fridge installation|Fridge repair|TV installation,3.01,0.71,17.07,150
P3529,22.342461111606127,82.0605394227822,Fridge repair|TV repair,3.7,0.92,4.79,77
P3530,8.046480298636695,78.81657625440744,TV repair,3.58,0.95,22.88,93
P3531,16.750969160256695,81.56713784178054,TV installation,3.42,0.97,3.51,138
P3532,15.248291453938222,91.68204861841684,TV repair|Fridge repair|TV installation,3.93,0.97,24.1,188
P3533,11.385020371911954,69.04740809316608,Fridge repair|TV installation|TV repair,4.22,0.74,11.22,58
P3534,19.762290102638385,77.70030668633498,Fridge repair|Fridge installation,3.69,0.9,18.36,85
P3535,33.446006025878305,76.60708807392477,TV installation,4.99,0.98,28.33,277
P3536,11.93095349816819,72.20718961541615,TV repair,4.52,0.98,20.66,61
P3537,9.184172815238838,96.11429843780053,TV installation|Fridge installation|TV repair,4.84,0.75,16.43,66
P3538,20.493143533049473,94.91605365253578,TV installation|Fridge installation|TV repair,3.67,0.9,28.63,43
P3539,13.08401640492455,70.59771378153845,TV repair|Fridge repair,4.76,0.96,26.41,36
P3540,27.59558668831429,74.46659297747559,TV installation,3.57,0.77,5.5,46
P3541,35.03648470032184,76.81731281943843,TV repair|Fridge installation|TV installation,4.88,0.7,10.81,89
P3542,20.474371836238966,93.2676125134546,Fridge repair|TV installation|TV repair,3.14,0.75,28.95,269
P3543,13.692926196966834,93.64292360745502,Fridge repair|Fridge installation|TV repair,3.8,0.93,20.81,233
P3544,12.983457562501574,68.73686791300777,Fridge repair|TV installation,3.67,0.62,21.38,100
P3545,33.73645378356166,83.92471724811072,TV repair,4.89,0.6,5.75,256
P3546,32.957261516762586,95.13140124586437,TV installation|Fridge repair,4.57,0.86,14.14,76
P3547,13.246081788706618,81.27834751300053,TV installation|Fridge installation,4.02,0.64,2.95,41
P3548,28.00055183198245,88.87204923242055,TV repair,4.12,0.69,28.38,117
P3549,26.79340283086399,68.35128036689686,Fridge installation|Fridge repair|TV installation,3.66,0.76,14.98,253
P3550,9.406423697924208,76.23363043663328,TV installation|Fridge installation|TV repair,4.26,0.83,19.75,226
P3551,8.551935354189414,71.04748226000085,Fridge repair|TV repair,3.72,0.66,4.11,14
P3552,35.82997167590825,84.36697536577412,Fridge installation|TV repair|TV installation,4.99,0.91,16.49,11
P3553,36.79723305224077,73.31180398032272,Fridge installation,3.43,0.72,29.31,125
P3554,31.05191874148843,86.24267035822938,TV installation|Fridge installation,4.04,0.99,21.48,298
P3555,10.971637723441935,76.18069922765355,Fridge installation,3.18,0.99,13.06,138
P3556,34.866002478927236,77.76699087304858,Fridge installation,4.43,0.79,19.55,85
P3557,10.750145800757057,93.43014256709111,TV installation,3.06,0.99,20.82,79
P3558,18.77654787972483,70.96158724258619,Fridge installation,4.8,0.71,9.25,110
P3559,9.921542408766438,77.13419381597109,TV installation|Fridge repair|Fridge installation,3.63,0.6,2.27,63
P3560,29.101078159177163,86.09726818208938,Fridge repair,3.48,0.84,20.13,127
P3561,30.118494973475226,68.9669672379098,TV installation,3.91,0.66,25.06,212
P3562,25.167205193405692,92.83154489423164,TV installation|TV repair,3.75,0.88,24.73,253
P3563,10.131740027277582,73.55622506918685,TV repair,4.1,0.98,4.09,22
P3564,12.539969572907815,86.59344073694454,TV installation|Fridge installation,3.8,0.93,4.01,69
P3565,16.700765758481975,86.17517251397477,Fridge installation|TV repair|Fridge repair,4.37,0.65,28.43,271
P3566,36.21568725766163,69.46358566136676,TV repair|Fridge repair|Fridge installation,3.07,0.96,27.14,166
P3567,19.486083763584013,85.0696199851218,Fridge installation|TV repair,3.52,0.88,10.65,141
P3568,14.304168024040955,68.42929926173547,TV repair,3.54,0.68,16.23,14
P3569,36.77574396232148,81.93694521486572,TV repair|Fridge installation|Fridge repair,4.28,0.95,2.03,177
P3570,18.4156200529356,77.84813150047896,Fridge repair,3.29,0.94,26.38,191
P3571,9.616031405326174,94.63190815837645,TV repair,3.25,0.85,19.35,69
P3572,24.606969057344674,80.58633092800824,TV repair,4.95,0.69,9.36,218
P3573,21.641990805299486,76.08311325672601,Fridge repair|Fridge installation|TV repair,3.76,0.84,18.25,57
P3574,18.202719547184092,77.15911335943866,TV installation,4.22,0.65,9.08,49
P3575,12.048767150236028,87.24407459093716,Fridge installation|TV repair,4.55,0.85,4.72,282
P3576,9.772105275599058,80.66536365604459,Fridge repair|TV installation,4.83,0.92,10.55,115
P3577,32.26253150480203,72.73337901255208,TV installation,3.04,0.96,18.11,102
P3578,27.465614257843434,73.63998469118334,Fridge repair,3.4,0.79,27.52,64
P3579,30.69266344253142,69.66827672772497,TV repair|Fridge installation|Fridge repair,3.96,0.86,21.23,139
P3580,24.931280554567415,69.9153205818742,Fridge repair,3.27,0.87,16.61,121
P3581,14.980635207309874,89.37073980620562,Fridge installation,4.45,0.69,2.37,152
P3582,8.187033845976325,72.36898017115838,TV repair,3.85,0.92,9.89,201
P3583,9.081138476159737,91.15591519918756,TV repair,4.43,0.72,3.64,37
P3584,32.549066424439864,77.8181765640944,Fridge installation,4.59,0.68,22.68,78
P3585,35.981929580856644,75.72060814328904,TV installation|Fridge installation,3.67,0.73,15.45,152
P3586,36.19331498191919,85.84269567115822,Fridge repair|TV repair|TV installation,3.33,0.61,23.93,27
P3587,12.09047671103686,84.67007077881503,TV repair|TV installation|Fridge installation,4.21,0.87,13.02,196
P3588,22.43348128990645,77.64166558077804,TV installation,4.26,0.62,2.98,117
P3589,14.489404503470992,83.51877580927109,Fridge repair,4.13,0.88,29.91,266
P3590,9.891747176757118,70.26055201349665,TV repair|Fridge repair,4.49,0.65,19.43,75
P3591,21.262278730110616,74.25423163470501,TV repair|TV installation,4.73,0.83,28.45,201
P3592,12.955242581315787,96.68314531466757,TV repair,4.45,0.62,21.71,70
P3593,33.6830880411643,88.356659542529,TV installation|TV repair|Fridge installation,4.42,0.81,25.53,104
P3594,12.666253234941511,82.73736161531923,Fridge repair|Fridge installation|TV repair,3.02,0.72,28.14,265
P3595,18.453322226095796,81.72178639878808,Fridge installation|TV repair|TV installation,4.12,0.92,7.33,82
P3596,29.968931357172792,88.95685970518511,Fridge repair|TV installation|TV repair,3.17,0.61,18.63,239
P3597,19.87537964395286,81.51253916460135,Fridge installation|Fridge repair,3.34,0.62,13.59,132
P3598,8.817519149399551,79.84022188347271,Fridge repair|Fridge installation,4.17,0.88,24.68,91
P3599,18.21016841542376,78.59503197517148,TV repair,3.42,0.98,14.78,27
P3600,16.762934447391885,89.77285711716601,TV installation,4.7,0.87,9.02,169
P3601,25.233911507381222,72.18413886997372,TV installation|Fridge installation,3.33,0.86,10.74,124
P3602,9.7155267705811,90.22800959036074,Fridge installation|TV repair,4.77,0.93,15.05,38
P3603,8.310961283937168,76.84825205067386,Fridge installation,3.8,0.93,12.93,96
P3604,17.521985994949898,74.51614026163031,Fridge repair|TV repair|Fridge installation,3.93,0.67,26.75,287
P3605,24.708981809676725,85.24686538130663,TV installation|TV repair,4.03,0.66,29.75,43
P3606,29.793713456556386,90.94952334759961,Fridge repair|TV installation,3.29,0.97,15.66,131
P3607,26.62339562500909,82.64369864217672,Fridge installation|TV installation,3.28,0.9,18.29,77
P3608,23.587156432191556,82.45621658399801,Fridge installation|Fridge repair|TV installation,3.37,0.85,18.53,229
P3609,8.756415313856932,83.91298116212313,TV installation,4.19,0.68,7.83,249
P3610,8.295029674334195,85.71373899673758,Fridge installation|Fridge repair,4.58,0.91,23.83,21
P3611,33.599000183959305,68.37223244050537,Fridge installation|Fridge repair,3.62,0.73,6.64,133
P3612,24.990639771511162,83.0881000682241,TV installation|Fridge installation|TV repair,3.64,0.9,22.01,158
P3613,22.60856716586713,91.62087350887569,Fridge installation|Fridge repair|TV repair,4.64,0.92,4.83,20
P3614,11.053831014687576,91.9348302902057,TV repair|Fridge installation|TV installation,3.09,0.87,3.25,215
P3615,33.374135929858,96.69157463400403,TV installation,4.22,0.85,23.12,82
P3616,22.487211294488898,95.85201142666519,Fridge repair,3.69,0.99,18.33,137
P3617,28.240831621549773,83.39483320459229,Fridge installation|TV repair|Fridge repair,4.94,0.96,16.34,214
P3618,35.728836750424165,86.1246128580138,Fridge repair,3.38,0.7,27.47,46
P3619,27.109574563157956,87.89620296360293,TV installation|Fridge installation,3.04,0.62,16.91,279
P3620,24.013386435948792,84.98705039275585,TV installation|Fridge repair,3.6,0.86,25.23,288
P3621,9.138595710060649,84.42528765773373,TV installation|TV repair,4.77,0.73,8.94,222
P3622,14.14412965223677,75.42387299527074,TV repair,3.3,0.89,13.38,99
P3623,13.998329105776172,96.17189760634665,TV installation|TV repair|Fridge repair,3.04,0.85,16.49,91
P3624,23.890442818047674,90.43200031586753,TV repair|Fridge repair,4.35,0.72,16.8,12
P3625,20.086822755470727,93.01549526505634,Fridge repair|TV repair,3.57,0.97,14.96,280
P3626,15.667823707622572,72.5244006646826,TV repair|Fridge repair|Fridge installation,4.74,0.64,23.67,223
P3627,32.97299566868662,88.81673395084714,TV installation|TV repair,3.56,0.83,2.37,210
P3628,14.297452945220435,89.56145995437655,Fridge repair,3.09,0.93,25.47,242
P3629,34.48332157302266,68.64862046600722,TV repair,4.28,0.72,14.09,231
P3630,36.420611748003594,75.14826667856723,TV repair,4.9,0.88,28.64,138
P3631,32.85642056809315,89.26499517918533,Fridge installation,4.87,0.74,27.22,33
P3632,24.590880455457455,91.28118351367183,TV installation,4.52,0.89,12.51,40
P3633,36.91566851069721,71.5437060930479,TV installation|Fridge repair,4.09,0.92,7.64,195
P3634,12.645937877470816,90.57810833743461,Fridge repair|TV installation|Fridge installation,3.6,0.68,17.63,88
P3635,33.220520836772714,85.38357980193062,Fridge repair|TV installation|TV repair,4.7,0.95,18.7,296
P3636,15.759345069363714,83.79188775766184,TV repair|Fridge installation,4.61,0.72,7.32,153
P3637,12.834680236890897,84.71524765593627,TV repair,4.79,0.92,28.95,84
P3638,34.235529688420364,70.62410246363703,TV installation|Fridge repair|TV repair,4.74,0.75,26.66,124
P3639,13.54883688703888,75.44394674237483,Fridge installation,3.25,0.89,12.12,204
P3640,26.433213619235158,87.21541458352826,Fridge installation|Fridge repair,4.49,0.89,20.47,282
P3641,32.65436443360858,75.16486878289969,Fridge repair|Fridge installation|TV installation,3.35,0.94,7.96,149
P3642,20.387525193340554,68.72019781692042,TV installation|Fridge installation|TV repair,3.13,0.86,29.02,92
P3643,22.695976722689302,77.23143117863175,TV repair|Fridge repair,3.51,0.61,9.64,217
P3644,36.826363546703334,72.02876735875824,TV installation|Fridge repair,4.12,0.87,28.24,45
P3645,15.126888368505707,84.60609458748263,Fridge installation,4.91,0.89,21.27,108
P3646,29.05007661396771,95.60463036707279,TV repair|Fridge installation|TV installation,4.48,0.88,9.33,39
P3647,8.550163248231799,80.01524085731805,TV repair,3.53,0.68,25.48,282
P3648,8.072368154424046,92.13056121274408,Fridge installation|TV installation|Fridge repair,3.52,0.95,21.36,132
P3649,18.594267331780458,69.72268624283235,Fridge installation|TV installation|TV repair,4.66,0.67,12.42,66
P3650,33.612321220229255,71.16426668138175,Fridge repair,3.19,0.98,20.09,191
P3651,13.757332021177008,71.19934660949326,Fridge installation|TV repair|TV installation,4.15,0.63,18.87,248
P3652,26.651238138892072,85.89453680214427,TV repair,4.6,0.95,16.28,94
P3653,34.64417176713256,71.20756680627927,Fridge repair,4.73,0.82,3.09,165
P3654,36.66296443124142,85.04365369722159,Fridge repair|TV repair|Fridge installation,3.45,0.84,24.95,200
P3655,34.3882905483787,92.54679504601711,TV installation|Fridge repair,4.42,0.93,17.23,250
P3656,18.77586169769933,92.10351398212435,TV repair,4.54,0.99,29.89,237
P3657,34.11304959903653,70.74094953915201,TV repair,4.42,0.69,10.41,230
P3658,20.308155615861608,71.33082601072012,TV installation|Fridge repair,3.28,0.85,19.01,144
P3659,26.101686922894956,75.19040916886836,TV repair,3.6,0.88,4.88,236
P3660,35.3103013665845,79.51217821001252,Fridge repair,3.87,0.9,23.81,193
P3661,10.628108664886232,94.97055270576539,TV repair,4.25,0.67,17.75,244
P3662,8.50902880919105,86.28499257120595,Fridge installation|TV repair|Fridge repair,4.3,0.83,7.14,277
P3663,25.82134486465765,70.84290710589224,TV repair|TV installation,4.79,0.83,20.37,268
P3664,32.66038505194656,96.43897155531363,Fridge repair,4.95,0.91,28.78,275
P3665,28.15638839527883,78.36973592777657,Fridge installation|Fridge repair,3.77,0.82,27.88,139
P3666,31.623593846872705,77.07462984900135,Fridge repair,3.8,0.88,27.63,46
P3667,32.982866194403584,90.99736902150158,Fridge repair|TV repair,3.63,0.74,3.3,204
P3668,23.13264436848946,72.42465930153469,TV repair|TV installation|Fridge repair,4.52,0.87,10.32,162
P3669,32.03119232917817,93.17141340075268,TV repair|Fridge repair|Fridge installation,4.05,0.97,25.66,294
P3670,29.28820155511523,71.05641074457503,Fridge installation,3.54,0.63,2.24,151
P3671,14.956347712045494,96.13446491515992,TV repair|TV installation,4.19,0.69,15.92,134
P3672,36.53523318728884,92.57068453324395,TV installation,3.05,0.98,22.19,11
P3673,21.80665030664574,86.06630039781983,Fridge installation|TV repair|Fridge repair,4.17,0.75,26.76,231
P3674,22.193910255706186,68.28777300772956,TV installation|TV repair|Fridge repair,4.94,0.9,6.45,223
P3675,16.13618539801235,96.6072405827924,TV installation|Fridge repair|Fridge installation,4.81,0.97,7.17,153
P3676,18.442612778592974,81.839956369459,TV installation|Fridge installation,4.21,0.87,17.52,234
P3677,33.836601136382185,70.36036968252078,Fridge repair|Fridge installation,3.93,0.91,3.7,49
P3678,31.771637059846423,87.16410765728452,TV repair|Fridge repair,3.03,0.67,11.58,48
P3679,26.547749235607025,71.35421891433167,Fridge installation|TV repair|Fridge repair,4.46,0.67,29.95,285
P3680,16.253609142984217,78.9875655126567,TV repair|Fridge installation|TV installation,3.4,0.99,16.48,140
P3681,29.900379784766535,68.53364508572524,TV repair,3.27,0.75,5.05,51
P3682,18.532885398522993,90.46694279412274,Fridge repair,4.5,0.96,10.6,44
P3683,30.578804169921263,79.4105348434681,TV repair|TV installation|Fridge installation,4.69,0.62,23.9,96
P3684,13.260778176063523,88.97500227423237,Fridge repair|TV repair,4.87,0.6,22.19,34
P3685,19.59930832352712,82.66938501131271,TV installation|TV repair,4.29,0.96,21.81,87
P3686,30.217952584410423,77.15881643222322,Fridge repair|TV installation,4.24,0.62,9.46,136
P3687,17.610738177096195,87.06909139916682,TV repair,3.46,0.64,2.76,88
P3688,20.789772081951455,94.16174657650458,Fridge installation,4.71,0.76,2.62,139
P3689,20.788286264945853,70.99500880042511,Fridge installation|TV installation,3.52,0.62,17.67,124
P3690,18.181172264185435,86.19717742256387,TV installation|TV repair,3.36,0.68,27.9,206
P3691,9.83436689535448,78.58116067029192,Fridge installation|TV repair|TV installation,4.91,0.76,16.73,46
P3692,28.09786039805271,82.61778299783579,Fridge installation|TV installation,3.95,0.88,7.49,277
P3693,18.345208515256857,96.58166426722605,TV installation|Fridge installation|Fridge repair,4.42,0.78,2.34,198
P3694,17.89427543084262,89.67799000567769,Fridge repair|TV installation|TV repair,4.62,0.7,17.1,110
P3695,20.222225344926635,74.62455649983637,Fridge installation|Fridge repair|TV installation,4.41,0.7,27.51,103
P3696,23.630768263666866,88.50442984276665,TV repair|Fridge repair,3.84,0.87,5.41,39
P3697,32.244088125450254,94.20871899155834,TV repair|Fridge repair|Fridge installation,4.08,0.61,27.96,228
P3698,14.939046423610074,92.07859302680818,TV repair|Fridge installation|Fridge repair,4.52,0.73,19.86,171
P3699,33.77605382432051,68.16838156636804,Fridge installation|TV repair,4.63,0.74,22.11,240
P3700,17.648635876038846,68.91545739588656,Fridge installation|TV repair|Fridge repair,4.22,0.83,4.72,89
P3701,36.96096363965745,95.38959963153468,Fridge installation|Fridge repair,3.01,0.92,11.9,211
P3702,17.001608756061742,81.66270866491168,Fridge repair,3.47,1.0,9.29,189
P3703,15.131188234334733,77.33134653720641,Fridge installation|Fridge repair,3.62,0.75,29.99,220
P3704,25.93107935990932,70.03079571649596,Fridge installation|TV repair|Fridge repair,4.33,0.81,25.17,111
P3705,13.655782565634407,91.00677943591072,TV repair,4.41,0.92,23.89,176
P3706,15.542468947956944,95.10303116108835,Fridge installation|TV repair,3.97,0.64,10.11,81
P3707,16.796726089454626,89.5335777112085,Fridge repair|TV repair,4.79,0.66,22.29,299
P3708,13.243934603418843,68.63513120186467,Fridge repair|Fridge installation,3.45,0.84,27.32,143
P3709,34.62233526799782,78.01617181127992,TV installation|Fridge repair,3.85,0.75,13.44,46
P3710,29.98731019783484,91.87027383471568,Fridge installation|TV repair|TV installation,3.68,0.91,19.85,282
P3711,30.920678521087538,95.90902948958413,TV repair|Fridge repair,3.3,0.81,17.89,41
P3712,22.424552188746794,83.32176465704873,Fridge installation,3.08,0.72,28.76,240
P3713,13.414357552190916,82.88682250376584,TV installation,3.07,0.81,18.64,285
P3714,30.114709744713227,71.93570823302916,TV repair|Fridge repair,4.76,0.98,2.03,78
P3715,21.380763381316985,74.92169409935705,TV repair|TV installation,3.89,0.98,7.9,258
P3716,15.014992817723991,84.00319163578072,Fridge installation|TV repair,4.86,0.83,8.82,36
P3717,19.321603821786624,69.35051462601068,TV installation,4.02,0.65,25.58,46
P3718,32.493587995903894,95.7252959339632,Fridge installation,4.89,0.64,28.45,218
P3719,16.4637070115811,69.41775865565037,Fridge repair|Fridge installation,4.81,0.79,9.87,20
P3720,12.902546574854618,78.50819694257457,TV repair,4.83,0.79,27.78,210
P3721,14.569330711582982,82.36088725668003,TV repair,4.23,0.76,11.69,166
P3722,18.726332619796658,70.31295420990983,Fridge installation|TV repair,3.28,0.75,27.89,169
P3723,24.279701499332635,92.84615273864443,Fridge installation|TV installation,4.22,0.96,18.31,115
P3724,34.493314119339786,87.76719745243352,TV installation|Fridge repair|Fridge installation,4.4,0.99,4.11,173
P3725,35.89540696094756,80.23598829122162,TV repair,4.53,0.65,26.91,285
P3726,26.24187960918617,72.13083638114063,Fridge installation,3.08,0.88,5.28,115
P3727,26.628434887786565,93.72264497828769,Fridge repair|TV repair,3.4,0.7,28.68,277
P3728,32.48006005989079,94.88530274626545,Fridge repair,3.97,0.83,9.2,110
P3729,34.697803040560096,94.53789732062802,Fridge installation|TV installation,3.78,0.77,21.67,243
P3730,19.08661343386791,80.0130832941091,TV installation|Fridge repair|Fridge installation,3.7,0.69,14.83,126
P3731,30.587335799422917,78.86722839014053,Fridge installation|TV repair,4.53,0.6,15.36,75
P3732,35.343437267451215,81.12539869319363,TV installation|TV repair|Fridge repair,4.0,0.98,14.84,148
P3733,17.635375227492137,68.91719606985485,Fridge repair|TV repair,3.87,0.86,21.32,251
P3734,31.118990579474943,80.70503889977971,Fridge installation,4.92,0.71,22.85,144
P3735,30.087907680076853,84.66851112449585,Fridge installation,4.4,0.77,9.82,268
P3736,23.335043742308713,91.11786539453584,TV repair|Fridge repair,4.94,0.62,18.57,270
P3737,21.746915888698688,84.14713323365983,Fridge repair|Fridge installation,4.99,0.98,9.61,280
P3738,19.141120100928106,84.96854742665748,TV repair|TV installation|Fridge installation,4.45,0.85,22.0,75
P3739,11.667495966711574,90.36586333191764,Fridge installation|Fridge repair|TV repair,4.61,0.75,20.44,266
P3740,10.204987835950401,91.2437428092708,TV installation,3.47,0.79,27.65,31
P3741,14.0934129007384,76.23861174924541,TV installation|Fridge installation|TV repair,4.84,0.77,18.44,88
P3742,14.475094681039657,87.89955351405347,Fridge installation|TV repair|TV installation,4.44,0.71,24.09,61
P3743,34.69957779094928,72.67516000363273,TV installation,3.61,0.94,7.56,282
P3744,28.860354060336885,69.80743956913824,TV repair|TV installation|Fridge repair,3.76,0.63,26.12,275
P3745,33.87611668983797,85.89123500339339,Fridge repair,4.05,0.73,8.82,234
P3746,21.73627795161346,94.72591088775526,TV repair|Fridge repair,5.0,0.7,28.2,79
P3747,32.99889535451179,85.30801841959197,Fridge installation|TV installation,4.18,0.84,22.13,93
P3748,24.205058347487462,79.17227083249574,Fridge repair|TV installation,3.92,0.66,10.84,295
P3749,9.82775602511461,83.14419670920401,Fridge installation|Fridge repair|TV installation,4.31,0.67,12.41,213
P3750,36.526575184086596,73.5125749727619,TV installation,3.9,0.97,27.61,267
P3751,17.204754545610104,95.9146136986746,Fridge installation|TV installation,4.62,0.93,2.42,138
P3752,30.56461649161348,90.2710573987291,TV installation,3.16,0.69,28.94,140
P3753,19.537882528880427,92.3582836972605,Fridge installation|TV installation|Fridge repair,3.17,0.77,12.52,76
P3754,16.84117178561594,93.12379901179801,Fridge installation|Fridge repair|TV installation,3.82,0.65,2.29,120
P3755,22.756697712246563,76.64126201805269,TV repair|Fridge installation|Fridge repair,3.32,0.93,29.2,232
P3756,16.437562341011738,85.44329563627329,TV repair,4.55,0.78,19.64,128
P3757,34.40750735146683,79.90097288627985,Fridge installation|TV repair|TV installation,4.08,0.71,10.02,190
P3758,24.60001696121692,82.11338989325637,TV repair|Fridge repair|TV installation,4.4,0.76,5.53,126
P3759,23.13556024978724,73.85516244859824,TV repair|Fridge repair|TV installation,4.87,0.69,13.46,233
P3760,24.47345737768786,83.11571363301195,TV installation|TV repair,4.61,0.6,7.53,150
P3761,30.597572881385403,86.59150223483009,Fridge installation|TV repair,3.68,0.62,26.24,189
P3762,34.99152433016141,81.87926597928279,Fridge installation,3.68,0.9,26.55,25
P3763,35.007050578009995,69.89388782342797,Fridge repair,4.59,0.77,6.98,161
P3764,14.680662239319666,75.64335278638,Fridge installation|Fridge repair,3.46,0.86,5.25,281
P3765,19.89330261294956,80.82857917573257,Fridge installation|TV repair|TV installation,4.74,0.84,2.57,33
P3766,32.239447721176504,87.07804166254412,Fridge repair,3.13,0.76,9.8,137
P3767,23.16137254049709,81.95259667772173,Fridge repair|TV installation,3.63,0.66,22.79,271
P3768,21.904986056539236,94.86452611312232,TV installation|TV repair,3.11,0.68,21.76,214
P3769,15.294410322034299,76.38682573723914,TV repair|Fridge installation,3.73,0.78,24.9,135
P3770,34.042572495190875,79.97778623731432,TV installation,3.46,0.8,20.47,279
P3771,30.06207443993201,72.81928624537916,Fridge repair|TV installation,3.34,0.68,24.31,10
P3772,13.108092882351123,91.70551086720222,Fridge installation,3.55,0.97,21.85,61
P3773,22.037589272954477,86.48542581488282,Fridge installation,4.23,0.74,13.87,190
P3774,25.821041710570647,88.10823830084405,Fridge installation,3.21,0.62,23.98,70
P3775,16.370909401076013,80.93287236330931,Fridge installation,4.07,0.99,29.5,278
P3776,8.441451673253233,88.32327195775638,Fridge installation,4.1,0.86,24.77,72
P3777,11.610948596174993,95.25951527633397,TV installation|Fridge installation|Fridge repair,4.09,0.85,28.14,55
P3778,30.96499450944918,77.1671604635621,TV installation|Fridge installation|TV repair,3.51,0.81,29.92,262
P3779,24.2352672827541,80.05918745777286,TV installation,4.78,0.79,25.06,75
P3780,29.864767326350908,93.16449070147915,TV repair|Fridge repair|TV installation,3.78,0.61,9.14,276
P3781,11.34406314327823,72.61802942628688,Fridge repair|Fridge installation|TV repair,4.5,0.88,7.71,270
P3782,36.09203254548869,78.26674220708446,TV installation|TV repair,3.66,0.75,4.57,212
P3783,14.920103068645506,91.29606993514125,TV repair,3.79,0.78,20.1,146
P3784,26.21358140336233,71.5594874473105,TV repair|Fridge repair,4.03,0.99,8.59,254
P3785,20.614169899119318,86.92128630615065,TV installation|TV repair|Fridge repair,3.41,0.79,29.44,181
P3786,28.79188934308965,86.40795066723477,Fridge installation|TV repair|Fridge repair,3.16,0.65,12.55,192
P3787,8.490991757472083,94.10280753243042,Fridge repair|TV repair,4.65,0.67,13.57,170
P3788,22.540790173573843,75.82132219212482,TV installation,3.78,0.77,20.76,161
P3789,33.4749024755813,78.9315474238253,TV installation|Fridge repair,3.79,0.78,20.37,223
P3790,9.757333197412311,94.62089744033933,Fridge installation,3.34,0.66,25.54,86
P3791,10.696226089928208,94.35284891243239,TV repair|TV installation,3.55,0.85,3.92,91
P3792,21.071013664031597,85.394970511333,TV installation,4.05,0.78,28.87,282
P3793,29.91088404939944,87.56060958422088,TV repair|Fridge repair|Fridge installation,3.93,0.84,4.64,114
P3794,16.19375961778433,76.36481661490915,Fridge installation,3.47,0.66,12.19,198
P3795,9.780687559565326,75.16493271730205,TV repair|Fridge installation|Fridge repair,4.75,0.96,14.83,233
P3796,8.415643059306428,95.8596863007837,Fridge repair|TV repair,4.66,0.96,12.84,155
P3797,15.042484787012983,95.22437671941731,TV repair,3.02,0.6,16.14,57
P3798,12.737556635126404,82.34106732613824,Fridge repair|TV repair,3.82,0.96,2.26,79
P3799,13.89939756246999,76.29981151488454,TV repair|TV installation,4.63,0.97,13.38,174
P3800,24.052339901367873,70.26125828213253,Fridge installation,4.05,0.92,4.27,243
P3801,34.17809635975132,84.70883354967914,Fridge installation,3.89,0.87,25.34,205
P3802,11.11828426974348,80.55752543126029,TV repair|Fridge installation|TV installation,3.43,0.77,29.75,119
P3803,8.607612938541221,69.47272553786578,Fridge repair|Fridge installation,4.22,0.85,15.99,108
P3804,21.806744697843037,77.21709744611942,TV installation|TV repair,3.72,0.73,11.09,177
P3805,25.04356186860406,73.85785630261407,TV repair|Fridge installation,4.94,0.77,17.85,42
P3806,21.140636800204543,74.45462022737041,TV repair|Fridge installation|TV installation,4.48,0.96,8.59,18
P3807,28.19043553514114,96.33222171904006,Fridge installation|Fridge repair,4.5,0.71,13.76,191
P3808,32.71075552336432,90.3697525872945,TV repair|Fridge installation|TV installation,4.18,0.71,28.26,192
P3809,11.953401708184352,84.31178472804572,TV installation,3.3,0.71,20.11,142
P3810,8.636302560329355,90.29261635425502,TV repair|Fridge repair|Fridge installation,4.93,0.74,20.15,246
P3811,14.463122986880776,95.84508772283166,TV installation|TV repair|Fridge installation,4.37,0.99,25.77,125
P3812,27.417331281970164,91.5511086706397,TV installation,4.16,0.62,15.17,254
P3813,31.071682942886326,69.0682386959958,Fridge repair,4.34,0.86,28.35,255
P3814,17.86069992358341,94.59370331895728,TV installation,4.51,0.86,9.11,213
P3815,20.308690516025912,88.6053460068489,TV installation,4.74,0.99,28.67,181
P3816,20.22911769782727,71.17656154434377,Fridge repair|TV installation,3.5,0.95,12.1,162
P3817,27.313002930903966,90.67304897915605,TV repair,3.37,0.72,14.55,195
P3818,36.504251752931005,92.21328329319766,Fridge repair|TV installation,3.96,0.95,11.73,164
P3819,14.486592345087157,90.39733931156461,Fridge installation|TV installation|Fridge repair,3.91,0.64,9.65,96
P3820,9.98641516811769,74.09305803564563,Fridge repair,3.31,0.68,4.88,221
P3821,25.20951080446608,92.4612029122263,TV installation,3.84,0.81,29.76,245
P3822,24.633706544808465,96.88160503144414,Fridge repair|TV installation|TV repair,4.99,0.77,19.78,263
P3823,28.90074809805881,95.21320911286836,Fridge repair|TV repair|Fridge installation,3.62,0.93,20.34,253
P3824,20.967551746380998,87.03455051322919,Fridge installation|TV installation|Fridge repair,3.78,0.74,14.08,209
P3825,23.70502387390868,91.43089019214906,Fridge repair|TV installation,4.92,0.95,16.7,263
P3826,20.66056257594914,81.24224068538311,TV repair|Fridge repair|TV installation,4.64,0.82,26.8,46
P3827,34.7905268287778,92.6128605389008,TV installation|Fridge repair,3.97,0.85,10.11,214
P3828,14.82805422318135,96.54357753805775,Fridge repair|Fridge installation,4.08,0.86,9.81,70
P3829,35.493523744705286,95.45015359121066,Fridge installation,4.64,0.97,20.63,281
P3830,30.295538030908293,70.62072270686187,TV repair,4.55,0.83,20.73,179
P3831,27.700203604044155,71.20770627784586,Fridge repair|Fridge installation|TV installation,3.21,0.87,23.83,150
P3832,14.372786667137952,82.71611950536885,Fridge repair|TV installation,3.08,0.96,24.92,35
P3833,25.68497474783134,84.81519277644053,TV repair,4.99,0.71,23.83,120
P3834,36.300535769007666,92.00629231564932,Fridge repair,5.0,0.84,7.73,43
P3835,24.06606036888229,90.2653755356107,TV installation|Fridge installation,4.37,0.83,13.12,227
P3836,21.333403754489552,76.67833136265897,TV repair,4.26,0.88,13.16,49
P3837,10.729813506864607,92.52236786491619,Fridge repair,3.11,0.84,7.14,226
P3838,15.926684832349252,69.1104501997136,TV installation|Fridge installation,3.35,0.86,15.96,93
P3839,18.329717753648914,79.57898613645173,TV repair,4.49,0.65,10.79,262
P3840,14.84001867615958,88.08375100797507,TV repair|Fridge repair,3.58,0.81,16.29,184
P3841,8.580149768358886,96.22867565892233,TV installation|Fridge installation,3.44,0.87,14.17,83
P3842,33.55839483429535,75.39950482387701,Fridge repair|TV repair|Fridge installation,3.7,0.69,29.61,296
P3843,18.62884091120826,73.77228831686134,Fridge repair|Fridge installation,3.45,0.7,19.91,172
P3844,27.80519613328104,92.647431617672,TV installation,3.43,0.9,26.68,190
P3845,18.057264373852107,96.13295116561528,Fridge repair,4.56,0.71,17.79,175
P3846,24.817272210188136,90.20665604099497,TV repair|Fridge repair|TV installation,3.54,0.87,11.91,121
P3847,33.344756559673,72.50456905222745,Fridge installation|TV installation|Fridge repair,4.65,0.7,13.97,251
P3848,21.180604428495457,73.71484248728517,TV installation,3.32,0.79,23.35,10
P3849,30.450164972505345,71.35216395134736,Fridge installation,4.12,0.76,24.26,36
P3850,19.49577845804403,94.7268124751329,TV repair|TV installation,3.15,0.89,22.6,241
P3851,25.191542082239962,85.02622268468296,TV repair|Fridge installation,4.06,0.65,8.12,73
P3852,14.438305493955308,83.91564457473318,TV installation|Fridge repair,4.81,0.97,3.53,250
P3853,15.108452657997962,75.39672412161477,Fridge installation|TV repair,3.19,0.76,18.46,31
P3854,36.41826738237933,72.2424825789145,TV repair|TV installation|Fridge installation,3.59,0.61,24.04,110
P3855,10.480525419684398,76.59357728166384,TV repair|TV installation|Fridge repair,3.27,0.79,6.37,132
P3856,30.897365081377952,70.58804311918618,Fridge installation,4.16,0.86,16.47,182
P3857,31.072321237674373,96.92629153634836,TV repair,4.94,0.91,13.71,270
P3858,12.525409334222172,75.37570669167482,TV repair|Fridge installation,4.78,0.99,28.56,29
P3859,32.643669263466684,91.13341397869328,TV repair|TV installation,4.97,0.88,23.03,110
P3860,35.603285627087445,77.66316896965655,Fridge repair|TV installation|Fridge installation,4.05,0.63,25.86,250
P3861,32.41685975578004,95.42794688630941,Fridge installation|TV repair,4.07,0.6,2.31,267
P3862,26.127742198280206,95.89195361052532,Fridge repair|TV installation|TV repair,4.67,0.64,2.65,73
P3863,32.830581311129414,94.18307901995759,Fridge repair|Fridge installation,4.0,0.78,23.31,252
P3864,15.080630030688035,94.61497800032717,Fridge installation|Fridge repair,3.94,0.76,11.89,227
P3865,15.592825401843172,86.4936312927147,Fridge repair,4.91,0.87,27.95,92
P3866,13.856078014585755,88.19663055991975,TV repair|Fridge installation|Fridge repair,4.73,0.7,7.35,140
P3867,21.104592315877028,68.26282984741269,TV repair,4.59,0.71,2.28,251
P3868,21.10130440447488,92.8810456460052,TV repair,4.15,0.85,28.16,113
P3869,16.429201519099642,76.85062119875863,Fridge installation|TV repair,4.59,0.78,6.58,244
P3870,21.714683388991602,81.48369568491418,TV repair,4.31,0.79,6.02,186
P3871,21.615564735955687,84.35764352696985,Fridge repair,3.03,0.92,10.27,234
P3872,35.30655477027384,86.00802640524759,TV repair|Fridge repair|Fridge installation,4.69,0.7,22.7,205
P3873,26.384212445658616,76.31877858292052,TV repair|Fridge installation,3.21,0.67,25.06,128
P3874,21.540894258969416,73.66292051419741,Fridge repair,3.32,0.68,15.8,63
P3875,23.654820691978884,72.5487559186886,Fridge repair,3.94,0.63,18.25,238
P3876,11.002327359274759,73.32567164618352,Fridge installation|TV installation,3.69,0.92,6.87,83
P3877,26.89791267337077,74.79764215798834,TV installation|TV repair|Fridge installation,3.29,0.85,14.61,207
P3878,13.400426674372344,77.15350568881895,TV installation,3.07,0.86,29.68,97
P3879,18.4712170657698,87.36939873322463,TV installation|Fridge repair,4.14,0.94,19.41,137
P3880,20.053189917590203,77.98806574741464,Fridge installation|Fridge repair,3.02,0.73,15.61,25
P3881,28.107510664332654,87.91808147679492,TV installation,4.03,0.95,29.91,39
P3882,22.150673208851448,71.34128027625151,Fridge installation|Fridge repair|TV installation,3.97,0.64,26.73,171
P3883,14.992973513590115,93.71403010618681,Fridge repair|Fridge installation,4.28,0.98,29.45,129
P3884,11.486212061798827,83.86074759339823,TV installation|TV repair,4.91,1.0,17.89,266
P3885,36.10813209212162,74.84176953250076,Fridge repair|Fridge installation,4.62,0.74,27.21,150
P3886,29.028904170868767,92.88357119118402,Fridge repair,3.61,0.69,20.77,143
P3887,25.470622412122772,96.29352285383138,TV installation|Fridge repair|TV repair,4.88,0.77,22.26,128
P3888,25.83338648807923,70.40793813586447,TV repair|Fridge installation|TV installation,3.23,0.81,16.32,198
P3889,22.389970518550236,87.23321549165523,TV installation,3.99,0.87,3.86,190
P3890,20.137978279836524,79.55942770778623,TV installation,4.16,0.73,21.86,246
P3891,31.872683911266154,75.89824898087038,Fridge installation|TV repair,4.99,0.73,26.61,194
P3892,18.654231385406778,92.96292104988348,TV repair|TV installation,4.27,0.69,11.41,291
P3893,19.207912749636296,83.53817290140371,Fridge repair,4.3,0.74,10.23,68
P3894,15.218415612217395,93.0770415160217,Fridge installation|Fridge repair,3.5,0.63,24.97,219
P3895,16.545346529052672,70.61403056855568,TV repair,3.41,0.91,29.01,190
P3896,13.538478885665885,79.73906676999042,TV installation,4.08,0.94,3.69,200
P3897,34.84953251327605,76.40277577458966,Fridge installation|TV installation,3.8,0.94,14.27,13
P3898,32.35974467384948,80.56215074813493,TV installation|Fridge installation|TV repair,3.27,0.75,28.73,105
P3899,15.318801819122655,69.69770123655226,Fridge repair,3.8,0.93,5.54,14
P3900,29.80051450567235,92.39987401794389,TV installation|Fridge repair,3.55,0.69,27.61,234
P3901,11.288040578603066,74.15372040997568,TV repair|Fridge installation,4.24,0.77,16.12,236
P3902,29.315400445363135,70.74497703141553,TV repair|Fridge repair,3.59,0.97,14.02,278
P3903,14.527820261367669,76.39693036938664,TV installation,4.11,0.84,29.11,88
P3904,30.761517375479183,80.57573181722887,Fridge installation,3.4,0.86,22.52,156
P3905,16.03242753927309,74.41702590579476,Fridge repair,3.76,0.91,21.98,177
P3906,36.923914225267474,87.88594108165917,Fridge installation,4.14,0.88,23.61,108
P3907,19.8991509927428,70.18023696540675,Fridge installation|TV installation|Fridge repair,4.5,0.92,18.08,16
P3908,30.8256766260595,89.68053536864697,TV repair,3.01,0.72,19.46,104
P3909,23.655462153738366,77.37636988627571,Fridge installation|TV repair,3.96,0.8,13.22,74
P3910,33.90774514207698,69.39996234325876,Fridge installation,3.37,0.72,5.81,28
P3911,18.394346529024315,94.26090016651357,Fridge installation|Fridge repair|TV installation,4.13,0.69,5.44,157
P3912,14.690187580010933,79.68726099802568,Fridge installation,4.74,0.61,16.92,39
P3913,9.792655121489165,93.54635418474192,Fridge repair|TV repair,3.28,0.87,12.95,33
P3914,30.18179632972317,82.4844018910145,Fridge installation,4.45,0.8,18.6,154
P3915,25.611953544716986,85.85283817227487,Fridge installation|TV repair|TV installation,4.58,0.98,12.55,47
P3916,18.405312536497142,79.9494275507922,Fridge installation,4.67,0.81,22.47,194
P3917,34.13821228974395,74.50510336986777,Fridge repair,3.06,0.77,21.72,110
P3918,18.06806068375238,72.89386042523643,Fridge installation|Fridge repair|TV installation,4.68,0.95,17.14,289
P3919,32.02270120967573,90.9544010637866,TV repair,4.44,0.74,5.42,166
P3920,9.490907602609546,88.01084428923286,TV installation|TV repair|Fridge repair,4.28,0.87,7.91,18
P3921,26.811808302222772,88.60906393493885,TV repair,4.29,0.91,12.07,126
P3922,8.138217783964556,79.50169991960661,Fridge repair,3.97,0.9,3.87,64
P3923,15.654795579164205,78.63490001371919,TV repair,3.1,0.86,21.85,213
P3924,36.1586129052046,83.93475991087924,TV repair|TV installation|Fridge installation,3.37,0.94,13.07,84
P3925,13.954240102765235,88.45348605814152,Fridge installation|TV installation|Fridge repair,3.13,0.79,5.34,278
P3926,25.442536089058887,69.41615507526213,TV installation,3.64,0.76,8.95,255
P3927,30.986122142074027,78.44316356915763,Fridge repair|TV installation|TV repair,3.65,0.98,3.17,190
P3928,28.74506361733675,90.93661040806575,TV installation,4.87,0.85,27.14,55
P3929,27.51614171396691,69.56447682824725,Fridge repair|Fridge installation,3.31,0.76,8.07,260
P3930,32.1044507244769,77.07360446528205,Fridge repair|Fridge installation|TV repair,4.36,0.72,22.69,277
P3931,17.5185117427957,83.05602124853063,TV installation,3.85,0.99,15.89,56
P3932,32.61051354063872,68.60426796160034,Fridge installation|Fridge repair|TV installation,3.13,0.78,22.66,209
P3933,34.62474900281563,74.32069078514341,TV installation|TV repair|Fridge installation,4.85,0.69,16.84,115
P3934,25.719268205171485,70.35426945635909,TV repair|Fridge installation|Fridge repair,4.28,0.79,28.17,291
P3935,12.126629785141542,68.05555547919097,Fridge installation|TV repair,3.31,0.83,24.95,55
P3936,27.68761763978977,72.22981120762164,Fridge installation,3.52,0.83,10.93,17
P3937,14.620266801462702,71.48202741575285,Fridge repair|TV repair,3.49,0.92,5.71,140
P3938,17.485835506835965,94.73707563974153,Fridge repair,3.38,0.68,17.83,142
P3939,20.54287626764986,69.21990956923993,TV installation,3.28,0.63,18.49,283
P3940,25.228048976199116,89.91417630562037,TV repair|Fridge repair|TV installation,3.59,0.97,28.92,28
P3941,20.56718500098854,91.00325054438248,TV repair|TV installation,4.32,0.76,16.11,253
P3942,33.521054679489595,70.34470895814893,Fridge installation,3.39,0.99,25.72,50
P3943,36.06226174624621,70.81524722373607,TV repair,4.81,0.78,4.06,78
P3944,15.30626615986429,68.64525363936153,Fridge repair,3.27,0.86,29.38,115
P3945,11.854636366639234,81.72686644076154,TV installation,3.92,0.95,10.29,23
P3946,35.66796750442397,85.46604693449333,TV repair,4.8,0.7,17.7,250
P3947,10.10862521599316,73.4464255491695,Fridge repair,4.49,0.84,17.14,26
P3948,26.535505023858406,96.20218356706698,Fridge repair|TV installation|Fridge installation,4.89,0.69,6.79,60
P3949,11.575597524766186,81.55205896649697,Fridge repair|Fridge installation|TV installation,4.9,0.77,26.17,253
P3950,24.556742402210816,92.47170968785724,Fridge installation|TV installation|Fridge repair,4.84,0.79,19.91,87
P3951,19.099672402020364,68.32168231221029,TV repair|TV installation,3.66,0.84,8.32,268
P3952,31.037629286866405,81.17374295260122,Fridge repair|Fridge installation,4.75,0.94,26.59,268
P3953,26.76480400442243,69.61183840003824,Fridge installation|TV repair|TV installation,4.43,0.64,5.93,278
P3954,34.93780497301002,87.81383080900687,TV repair|Fridge installation|TV installation,4.31,0.82,10.2,173
P3955,22.207567236530345,83.75539999616942,TV installation,3.56,0.82,6.73,138
P3956,31.71328004358057,87.14339578762946,Fridge installation|TV repair,4.26,0.77,13.1,235
P3957,11.718278158159261,70.88614983704822,Fridge installation,4.63,0.92,14.56,227
P3958,22.9675715621916,79.44929280013532,TV installation|Fridge repair,4.04,0.78,17.92,101
P3959,30.62388162665767,90.8031971962786,TV installation,3.32,0.74,8.53,262
P3960,21.098538114179973,96.13984296902069,TV repair|TV installation,4.28,0.66,9.52,12
P3961,10.7666995919496,93.8633152629987,Fridge installation|Fridge repair|TV repair,3.02,0.6,25.15,114
P3962,27.026062392338975,84.18496892931267,Fridge repair|TV installation,4.69,0.67,25.74,142
P3963,24.43719547033662,74.86896057377041,Fridge installation|TV installation,3.03,0.61,19.14,15
P3964,32.41797580432351,71.52469101040163,TV installation|TV repair,3.97,0.75,16.34,250
P3965,36.68356185582708,68.58786980779999,Fridge repair|Fridge installation|TV repair,3.79,0.93,11.14,30
P3966,34.72617699038622,94.58207783666526,Fridge installation|Fridge repair,4.84,0.63,5.39,89
P3967,20.152974895449038,95.50360508501731,Fridge repair|TV repair,4.94,0.97,13.53,59
P3968,30.743637941563136,75.94738643774012,Fridge installation,3.8,0.77,15.76,113
P3969,33.01535274179005,72.48509650537898,TV installation|Fridge installation|TV repair,3.98,0.79,27.16,171
P3970,14.69273375289658,87.23073340908142,Fridge repair|Fridge installation|TV repair,4.59,0.73,20.07,115
P3971,36.20966388222473,89.57320912456136,Fridge installation|TV installation,3.13,0.67,25.0,268
P3972,32.766447040972295,95.79804237406617,Fridge repair,3.98,0.82,13.64,138
P3973,9.413833441296967,81.41513960009956,Fridge installation,3.37,0.94,25.52,241
P3974,23.287483097838383,71.11531015017522,TV installation,3.4,0.96,15.91,19
P3975,20.094707541823155,77.48232492471462,TV repair|Fridge installation,4.19,0.93,15.31,58
P3976,26.888858285215804,96.15584651268544,Fridge repair|TV repair,4.65,0.99,25.68,212
P3977,10.983717424706654,91.66845799259332,Fridge repair|Fridge installation,4.54,0.85,4.84,220
P3978,8.109567370900834,96.3280503343997,TV repair,4.46,0.73,21.54,49
P3979,19.165889755751934,88.06533870366196,TV installation|Fridge installation,3.27,0.82,27.81,289
P3980,13.919546252184833,73.81874585779244,TV installation|TV repair,3.13,0.89,12.64,256
P3981,15.312962064290392,81.14373278789789,Fridge repair|TV repair|Fridge installation,4.28,0.95,16.69,75
P3982,16.997146315940704,70.30328728934472,TV repair|TV installation,3.89,0.91,2.86,245
P3983,31.14323085724903,96.15921434706235,TV repair,4.68,0.96,21.83,270
P3984,18.35053214267394,89.35403001799048,Fridge repair|TV repair,4.28,0.9,24.96,180
P3985,9.50454339054394,79.08967238853994,Fridge installation|TV installation|Fridge repair,3.79,1.0,10.39,238
P3986,21.826345097586355,90.7342204255105,Fridge repair,4.86,0.89,23.73,197
P3987,30.095778069971292,90.06923572163886,Fridge repair|TV repair,3.86,0.89,15.76,111
P3988,9.28728103500062,78.70494133095991,Fridge installation|Fridge repair|TV installation,4.0,0.68,6.85,78
P3989,19.62323569499867,77.61366235433235,TV installation|Fridge repair|TV repair,4.95,0.89,12.61,91
P3990,32.864314918028256,94.89087189146623,TV installation|Fridge installation,3.18,0.64,15.33,221
P3991,36.80468407621288,88.56931932709239,TV installation|Fridge installation|Fridge repair,4.86,0.94,10.26,175
P3992,34.59586428890721,71.16142759150067,Fridge repair,3.48,0.69,29.89,98
P3993,31.05176156423619,73.64640678629958,Fridge installation|Fridge repair|TV repair,4.96,0.77,28.6,172
P3994,25.451813396697435,81.05903266837095,Fridge installation|TV repair,4.35,0.67,13.22,231
P3995,32.573150816149564,76.75742658166415,Fridge installation,3.74,0.67,7.86,35
P3996,22.812666922205345,74.70282395814249,Fridge repair|Fridge installation|TV installation,3.81,0.75,29.65,134
P3997,18.69894666411745,91.41075624155685,Fridge repair|TV installation,4.6,0.92,17.88,190
P3998,19.318087055668016,87.71666398804308,Fridge installation|TV installation,3.59,0.71,18.08,21
P3999,21.14088161288493,95.19147213918083,TV repair|Fridge repair,4.83,0.7,13.25,177
P4000,10.327485479588287,85.55798057304916,Fridge installation,4.72,0.97,2.36,251
P4001,10.539611700720673,82.3637479569987,TV installation,4.86,0.96,11.45,41
P4002,12.282639897318695,76.79641456813735,Fridge repair|TV repair|TV installation,3.49,0.92,17.28,154
P4003,10.771685832617388,74.01142866423042,Fridge repair,3.7,0.82,10.23,95
P4004,33.211130970579376,72.20646858324136,Fridge installation,3.99,0.98,19.5,72
P4005,14.206082586780436,73.3628272245659,Fridge installation,3.07,0.73,15.29,241
P4006,34.54453939530386,73.94746012718728,TV repair|TV installation|Fridge repair,3.92,0.78,24.7,163
P4007,30.018813170238364,78.59817061645994,TV repair,3.14,0.74,21.03,277
P4008,25.043491482622965,86.42918979492482,Fridge repair,3.82,0.62,19.55,137
P4009,21.374871691831945,83.80021948598083,TV repair|TV installation|Fridge installation,4.9,0.75,29.44,212
P4010,35.4344525527825,84.34945826313758,Fridge installation|Fridge repair,4.73,0.93,18.5,128
P4011,36.66373607252244,87.43309707594574,TV repair|Fridge installation,4.52,0.65,15.25,230
P4012,17.302788122958155,91.69601378781707,TV repair|Fridge repair|Fridge installation,4.39,0.97,21.93,297
P4013,8.315883500219448,90.99459000635402,TV installation|Fridge repair|Fridge installation,3.82,0.87,4.94,248
P4014,29.848177296452672,96.19328026103605,TV installation,4.24,0.94,16.47,239
P4015,8.418821022819218,86.94854976010969,TV installation|Fridge installation|Fridge repair,3.99,0.91,21.45,75
P4016,14.754232159249966,82.9458596288269,TV repair|TV installation|Fridge installation,4.46,0.86,6.35,128
P4017,24.60860533534811,84.17749992613426,TV repair,4.65,0.67,23.04,60
P4018,16.018221474861484,69.45305736864418,TV installation,3.95,0.62,22.12,216
P4019,22.43900437490327,77.81457800269688,TV repair|Fridge repair|Fridge installation,4.25,0.93,3.72,297
P4020,10.802906247875224,82.84040550038463,TV installation,4.12,0.66,27.64,246
P4021,35.28896890692782,76.15088931945532,Fridge installation,4.85,0.99,6.07,268
P4022,15.766083221778022,69.7398261825626,Fridge installation,4.47,0.85,29.23,20
P4023,35.06168291820826,96.75578504860783,TV repair|Fridge installation,3.86,0.66,7.48,14
P4024,22.75797724492191,71.55017998249433,Fridge installation|TV installation,3.6,0.72,2.11,125
P4025,11.368413802455471,80.46163001020929,TV installation,3.39,0.93,4.25,16
P4026,17.409068955743848,78.99799247309997,Fridge repair|Fridge installation|TV installation,4.57,0.9,24.35,274
P4027,31.07116745344874,79.82063789331883,TV repair|TV installation|Fridge installation,4.64,0.8,9.78,272
P4028,27.052005212690155,91.86910297874209,TV repair|Fridge installation|Fridge repair,3.75,0.97,11.08,295
P4029,34.99922647982457,85.01634138232296,TV installation|TV repair|Fridge repair,4.68,0.67,27.25,126
P4030,9.947784785561097,72.09806959033065,Fridge installation|TV installation,3.62,0.62,10.66,249
P4031,14.84480055059193,75.7044229198368,TV repair|Fridge repair,4.99,0.69,8.7,224
P4032,35.507263548086335,76.88232281226372,Fridge repair|Fridge installation,3.18,0.69,8.22,39
P4033,25.67133484391178,78.64715162005014,Fridge installation|TV installation,4.35,0.69,21.63,131
P4034,29.32218927309053,71.0006698084966,TV repair|TV installation|Fridge repair,4.11,0.93,12.15,28
P4035,14.788839651695984,96.2742623154844,TV installation|TV repair,4.33,0.78,6.41,172
P4036,12.61450734328671,76.98218739668029,Fridge installation|TV repair,3.41,0.74,15.7,133
P4037,35.824421054688614,90.31806710658884,Fridge installation|TV repair|TV installation,4.96,1.0,26.79,209
P4038,16.867817605698697,85.24833485103755,Fridge installation,3.67,0.89,18.23,151
P4039,14.421975815394518,79.31908316399307,Fridge repair,4.03,0.8,23.13,128
P4040,35.447712049625956,77.9425080995829,Fridge installation,3.6,0.87,24.55,146
P4041,19.177728598256127,71.8843372212972,Fridge installation|TV installation|TV repair,3.37,0.91,18.77,99
P4042,26.067219983111446,71.9874870705653,Fridge repair,3.64,0.75,10.81,163
P4043,24.861213194925902,89.15032081703292,TV installation|Fridge installation|Fridge repair,3.47,0.71,8.31,44
P4044,18.12218887502503,79.74743983972073,TV repair|Fridge installation|Fridge repair,4.42,0.99,6.53,80
P4045,16.662740426613833,76.84775445345187,Fridge repair|TV installation,4.62,0.93,11.23,91
P4046,9.993062116422234,79.57681500609654,TV installation|Fridge installation|Fridge repair,3.37,0.67,16.63,201
P4047,31.90338693698523,96.19422487744183,TV repair|Fridge repair,3.36,0.69,2.47,220
P4048,31.40339543431063,78.7259793889813,Fridge installation|TV installation,4.13,0.92,3.7,85
P4049,20.254317285561097,70.63812560437883,TV installation|Fridge repair|Fridge installation,3.53,0.75,25.85,104
P4050,16.57561233649162,68.49283323802679,Fridge repair,3.39,0.76,7.53,195
P4051,25.953738823614458,85.92071011025426,Fridge repair|Fridge installation|TV installation,4.37,0.75,26.33,198
P4052,33.63267843393547,77.92617344792784,TV repair,3.25,0.84,12.53,275
P4053,24.137176979279356,92.39905324867601,TV installation,3.41,1.0,27.2,186
P4054,25.59742720347057,87.0514554371292,TV repair,4.16,1.0,21.35,40
P4055,8.100467863828408,81.76373433157664,TV repair|TV installation|Fridge repair,3.4,0.73,29.41,225
P4056,23.050456352175082,84.67636782687455,TV installation|Fridge repair,4.49,0.99,26.59,184
P4057,35.99852142346573,73.90720537616959,TV repair,3.38,0.61,11.23,207
P4058,14.59010000875378,88.64502025889388,Fridge installation,4.47,0.61,13.08,139
P4059,18.081206241730833,75.35660839625878,TV repair|Fridge installation,3.49,0.64,24.88,35
P4060,9.92503761110118,79.02768147978631,Fridge repair|TV repair|Fridge installation,4.71,0.63,18.13,23
P4061,24.625623732513258,79.87727944850987,TV repair|TV installation|Fridge repair,3.56,0.71,24.34,234
P4062,9.286962219276955,89.06342494588509,TV repair|Fridge installation|TV installation,4.8,0.85,20.39,18
P4063,8.22402909634772,77.97530393070656,Fridge installation,4.5,0.98,14.07,63
P4064,22.560076612274884,85.69799091779079,TV installation|Fridge repair,3.37,0.86,14.78,127
P4065,20.69399480483338,95.55300891099462,TV installation|TV repair|Fridge installation,4.42,0.77,14.5,29
P4066,27.596421274952714,74.22469670570291,Fridge installation|Fridge repair,4.98,0.81,10.09,83
P4067,34.69500076756908,91.90162010332908,TV installation|TV repair,3.13,0.78,11.61,45
P4068,34.35966239952779,93.81199979112061,TV installation|Fridge installation|TV repair,3.93,0.65,2.37,234
P4069,18.329884984781586,75.63985881713869,TV repair,4.23,0.74,10.65,102
P4070,32.926816274744084,81.75459857221334,TV repair|Fridge installation|Fridge repair,3.12,0.64,24.78,111
P4071,18.95811375528994,74.70827422624062,TV repair,4.27,0.87,15.09,139
P4072,36.24322718111272,84.5402897553857,Fridge installation|Fridge repair,4.81,0.94,11.33,30
P4073,17.3345098756975,70.24224499287642,TV repair|TV installation|Fridge installation,3.91,0.93,2.48,96
P4074,27.946004581022194,77.25288950136999,Fridge installation|TV repair|Fridge repair,3.45,0.92,4.5,295
P4075,18.961688266507817,79.38255835583632,Fridge installation|Fridge repair|TV installation,4.75,0.85,13.37,101
P4076,20.67244250822806,74.02933734121342,TV installation|TV repair,4.34,0.76,5.72,188
P4077,13.137797216678408,72.20815569663365,Fridge installation|Fridge repair,3.84,0.62,20.34,274
P4078,9.682859185734142,82.07042115005663,TV repair|Fridge repair,4.92,0.77,11.98,44
P4079,16.18679048033059,70.44564873121651,TV installation,4.38,0.84,30.0,127
P4080,17.025927191359056,82.75181650294415,Fridge repair|TV repair|Fridge installation,3.12,0.66,28.53,170
P4081,19.032538802173324,76.3132605984232,TV installation|TV repair,4.61,0.61,18.63,244
P4082,15.810226679419248,82.25956301364273,Fridge repair|TV repair|Fridge installation,4.43,0.81,2.21,51
P4083,28.91852426960134,79.59858871138945,Fridge repair|TV installation,4.57,0.86,18.28,267
P4084,15.506078992009133,89.71357169827002,Fridge repair|TV repair|Fridge installation,3.33,0.94,5.69,90
P4085,25.136590796737426,93.9253235548729,TV repair|Fridge repair,3.23,0.78,14.0,191
P4086,8.005840545895001,93.83984153972631,TV installation|Fridge repair|Fridge installation,4.56,0.86,5.61,290
P4087,25.89095854701685,85.49890555925472,TV repair|Fridge repair,4.83,0.82,18.73,262
P4088,9.349661147384246,85.62555365922003,TV repair|Fridge repair|TV installation,3.75,0.9,24.63,277
P4089,8.049445913565688,86.45460849483263,TV repair|Fridge installation,4.5,0.7,15.01,61
P4090,15.639813375810913,75.48255861901823,Fridge installation|TV installation,3.7,0.97,12.96,247
P4091,25.652013746810287,76.79637048689214,Fridge repair,4.28,0.85,18.71,81
P4092,26.40243718100483,80.47476912292049,TV installation,3.04,0.82,29.7,179
P4093,15.967143327006827,83.4334024920312,Fridge repair,3.13,0.77,5.53,148
P4094,24.554384224341607,85.19061112532572,TV repair|Fridge installation|TV installation,4.55,0.85,18.62,207
P4095,21.61458693528668,92.7162379736655,TV repair,3.03,0.72,29.89,28
P4096,11.742548208772778,71.07729034300554,TV repair|TV installation,4.17,0.7,6.66,126
P4097,14.636162922367358,72.52082268619904,TV repair|Fridge repair|TV installation,3.46,0.8,24.43,19
P4098,24.379657677767163,91.33956136836889,Fridge repair,3.48,0.95,28.69,132
P4099,10.518256192760333,93.95900275288398,TV repair|Fridge installation|Fridge repair,4.58,0.99,19.03,130
P4100,32.251395271770676,91.44810697132357,TV installation|Fridge repair,4.92,0.7,8.42,36
P4101,32.85636232720365,93.02061742777252,Fridge installation|TV installation,4.04,0.74,19.91,128
P4102,31.156191515637822,73.17067914423691,TV installation|TV repair,3.16,0.93,29.33,141
P4103,31.603821410335982,92.91716681065185,TV repair,3.24,0.71,22.54,224
P4104,18.26524953944029,72.6379525907061,Fridge installation,4.3,0.88,16.1,60
P4105,32.49011558535575,86.71271281292898,TV repair|Fridge repair|TV installation,4.74,0.97,24.56,153
P4106,11.095363778423328,84.25193379045271,Fridge installation,3.15,0.82,17.48,130
P4107,8.561300099094714,78.32129378048344,TV installation|Fridge installation,3.2,0.72,3.92,236
P4108,21.088567554022625,73.49156898258617,Fridge installation|Fridge repair|TV repair,4.17,0.68,24.52,263
P4109,32.972455882520364,82.17790114304853,Fridge installation,3.33,0.87,21.16,159
P4110,17.97390320001026,82.67988692071714,Fridge repair,3.12,0.66,8.15,72
P4111,35.891811814948255,90.1630619468218,TV installation|Fridge installation,3.64,0.98,20.08,274
P4112,23.13820276842047,89.04552669757298,TV repair|Fridge installation,3.52,0.97,13.5,237
P4113,17.76921308853008,78.11294811520828,TV repair,3.4,0.97,6.9,115
P4114,19.742947378272397,75.8090180218118,TV repair|Fridge installation|TV installation,3.4,0.8,20.74,44
P4115,35.55651356220954,71.10114584137658,TV repair|Fridge installation|Fridge repair,4.13,0.73,14.04,42
P4116,18.98279205230392,68.84200521759276,TV repair,4.47,0.92,17.19,182
P4117,13.510269550106315,88.76722003208828,TV installation,3.1,0.79,6.15,148
P4118,35.284105805662314,84.76441426057796,TV installation|Fridge installation,4.61,0.79,25.38,290
P4119,8.131593688918583,94.09127120389402,Fridge repair,3.3,0.78,15.35,267
P4120,9.539041177738103,90.1140024738965,TV installation|Fridge installation,3.6,0.76,17.8,253
P4121,30.476085369752624,93.64947495495585,Fridge installation,3.12,0.85,10.89,88
P4122,22.033312225836656,77.67667710935618,TV repair|Fridge repair,3.19,0.82,5.16,121
P4123,23.376835089050843,74.22477891433574,TV repair,3.19,0.81,22.91,263
P4124,16.417442572639956,79.09521192052912,TV installation|Fridge installation,3.7,0.86,5.25,103
P4125,35.12798237160129,83.46096493931594,Fridge repair|TV repair|TV installation,4.5,0.83,18.66,107
P4126,8.065125545852002,69.39740485977173,Fridge repair|TV installation|Fridge installation,4.93,0.65,3.24,53
P4127,25.057218258681317,95.50535868478505,TV installation|Fridge repair|Fridge installation,4.4,0.71,28.29,245
P4128,14.866395580713199,80.89468801543549,TV repair|Fridge installation,4.27,0.85,24.17,27
P4129,33.78868948992348,70.77802263361113,Fridge installation|Fridge repair,4.6,0.9,18.77,55
P4130,24.719515022276607,73.0092001874846,Fridge installation|TV installation|TV repair,3.13,0.92,6.41,241
P4131,14.389383743514063,83.69630692005578,TV installation,4.74,0.91,24.27,230
P4132,32.489724757901584,89.15030168714611,TV installation|Fridge installation|TV repair,4.66,0.68,19.93,207
P4133,28.69228394843332,68.70818297667401,Fridge repair,4.16,0.94,12.64,218
P4134,28.70157603923308,94.96090712146037,TV installation|TV repair|Fridge repair,4.43,0.83,8.44,45
P4135,17.449202315103197,71.04581387862383,Fridge installation|Fridge repair|TV installation,3.86,0.91,14.61,39
P4136,29.864159783724634,90.60348762629695,TV repair,4.29,0.98,29.5,48
P4137,28.930895093553744,93.53980836448409,TV repair|TV installation,4.14,0.61,8.09,274
P4138,25.03985539628308,82.39201393164366,Fridge installation|TV installation,4.83,0.98,5.0,161
P4139,31.753084653733755,91.28833767023633,TV repair,4.89,1.0,29.34,216
P4140,15.259524870258936,89.9938955223848,Fridge installation|TV installation,3.6,0.92,16.95,84
P4141,27.039382649457394,69.61161435661234,Fridge installation,3.23,0.64,3.47,243
P4142,31.34090854850576,89.19592756851416,Fridge installation|TV repair,4.57,0.84,8.83,16
P4143,13.368359231381874,73.57081793270292,TV installation,3.2,0.77,4.11,16
P4144,20.989109325586675,92.31841810169855,TV installation|Fridge repair,4.96,0.87,27.24,62
P4145,9.360285901053365,79.66068973291891,TV repair|Fridge repair,3.52,0.61,5.52,23
P4146,34.41882022696252,70.6709689371135,TV repair|Fridge repair,3.73,0.92,21.69,177
P4147,16.64027330314213,91.14245004242912,TV repair|Fridge repair,3.73,0.66,13.32,298
P4148,8.857941325502402,86.20161224176502,Fridge repair|Fridge installation,3.79,0.6,20.87,243
P4149,28.194057620435775,95.27756995229825,TV repair,3.5,0.88,24.66,177
P4150,10.372174300996043,86.64971318835092,Fridge installation|TV installation,4.37,0.75,26.52,183
P4151,13.079829193092397,94.22372294609019,TV repair|Fridge installation|TV installation,3.88,0.89,24.79,52
P4152,23.67604043017295,83.73959465733238,Fridge repair|Fridge installation|TV installation,4.58,0.75,29.87,187
P4153,32.9245075611464,95.2248596621792,Fridge repair|TV repair,3.44,0.95,9.23,223
P4154,25.324828867465886,68.2055075559741,Fridge installation|Fridge repair,3.07,0.66,7.25,210
P4155,36.105106981445935,86.44724965888521,TV installation,4.39,0.69,27.0,163
P4156,11.643588336178297,70.80102967779942,Fridge repair,4.61,0.95,18.35,73
P4157,36.0090815419425,96.40501768040849,Fridge repair|TV repair|Fridge installation,3.71,1.0,28.79,268
P4158,22.027404641140016,95.74158865844359,Fridge repair|TV installation|Fridge installation,4.68,0.98,24.58,268
P4159,26.228901099781034,95.5966402572733,Fridge repair,3.47,0.91,10.22,68
P4160,9.152145447576034,72.26880661664451,Fridge repair|Fridge installation,4.93,0.78,25.94,55
P4161,28.598031589118463,87.55847102180185,TV repair|Fridge installation,3.52,0.97,17.78,12
P4162,12.766392895370664,81.7302922201733,Fridge repair|TV installation,4.46,0.85,22.36,298
P4163,16.506521662988796,91.06611204955593,Fridge installation,3.8,0.87,28.16,241
P4164,8.322386687696834,90.33809831312469,TV repair|TV installation,4.29,0.72,15.84,207
P4165,20.310394861287858,92.187288070423,Fridge installation,3.96,0.83,26.47,180
P4166,28.32028031195962,92.98835050166934,Fridge repair,3.41,0.74,29.43,72
P4167,33.936678755832226,69.9038707906524,TV installation|Fridge installation,4.06,0.65,20.54,283
P4168,26.616817147177308,91.04296908959815,TV repair,4.21,0.68,12.71,230
P4169,22.617310310580375,69.73020447658755,Fridge repair|TV repair,3.78,0.96,8.76,32
P4170,24.248799240355165,96.78027472870559,TV installation|Fridge installation,4.51,0.61,21.96,20
P4171,25.901520967284526,94.10068433207405,Fridge repair|TV installation,4.58,0.68,22.53,104
P4172,11.418600748039413,86.90107883297493,TV installation,3.13,0.64,11.27,90
P4173,21.397247127818122,77.83514581734372,TV installation|TV repair|Fridge repair,3.07,0.66,5.22,95
P4174,35.56122718119427,86.83261355394731,TV repair,3.55,0.81,19.56,99
P4175,32.16118114421049,83.89451917375884,TV repair|Fridge installation|TV installation,4.71,0.81,27.46,230
P4176,9.792322947706511,91.63405280257554,Fridge repair|TV repair|Fridge installation,3.69,0.97,6.32,28
P4177,24.353217467570058,88.54774560395443,Fridge repair,4.77,1.0,22.47,182
P4178,34.87568536900988,79.14812799516328,TV repair|Fridge repair,3.19,0.72,15.94,215
P4179,21.530289449154594,92.25395267778929,TV repair|Fridge repair,4.75,0.62,6.51,24
P4180,24.339528145276827,96.15670050284898,Fridge repair,3.69,0.9,26.71,212
P4181,26.112167572850645,71.27736613506238,TV repair,3.51,0.67,6.85,230
P4182,33.66261511552738,73.65023015517605,Fridge installation|TV repair|Fridge repair,4.46,0.71,24.55,167
P4183,11.49650149169834,84.93291769807125,TV installation,4.96,0.83,28.57,226
P4184,12.608257611389398,88.33438139781515,Fridge repair|Fridge installation,4.5,0.78,24.22,33
P4185,35.15195753241451,71.26152664287957,TV repair|Fridge repair,3.26,0.94,25.59,126
P4186,35.95490408629469,87.70229024017439,Fridge repair|TV repair,4.97,0.81,7.65,98
P4187,18.742004637852816,95.75347656091017,Fridge repair,4.59,0.78,17.17,158
P4188,32.68613758167041,75.88675633239953,Fridge repair|TV installation|Fridge installation,4.19,0.71,5.05,203
P4189,20.49944918128278,84.44091233455363,Fridge repair|TV installation|Fridge installation,4.66,0.73,28.78,240
P4190,36.97901925244088,92.68023100899117,TV repair|Fridge installation|TV installation,4.5,0.86,13.81,282
P4191,32.30285295844945,83.77761825407632,Fridge repair,4.48,0.92,16.37,127
P4192,24.212964100667886,75.68626233262894,TV repair,3.77,0.61,12.72,202
P4193,33.21223999365381,68.73181168201727,TV installation,3.92,0.63,29.13,46
P4194,19.736088921988433,95.02739736716407,Fridge repair|TV repair,3.08,0.87,25.83,253
P4195,20.80995224529095,89.38079201733946,TV repair|Fridge repair,3.79,0.61,16.21,91
P4196,32.29900356626269,71.30223007555558,TV installation|Fridge installation|TV repair,4.03,0.81,29.21,141
P4197,26.49511888136989,72.74505229281768,TV installation,3.57,0.91,14.89,267
P4198,25.68643669193507,69.18437284554966,Fridge installation|Fridge repair|TV repair,4.53,0.86,28.99,240
P4199,29.7159725637332,77.668673433841,TV repair|Fridge repair|TV installation,4.4,0.99,4.07,170
P4200,13.81677792665504,93.2237117456879,Fridge installation|TV installation|Fridge repair,3.36,0.72,17.23,57
P4201,16.13463074294723,79.99511347571294,Fridge repair,4.43,0.95,7.11,62
P4202,15.19473212379442,88.60737654891079,Fridge repair,4.54,0.77,7.96,68
P4203,9.290338377733574,88.24980772648354,Fridge repair,4.46,0.78,20.95,248
P4204,26.26423212393602,85.30441522245087,Fridge installation,4.33,0.68,9.52,232
P4205,17.58875551028335,91.82076853109851,TV repair|Fridge repair,3.93,0.69,25.37,244
P4206,14.227271569142623,89.21814055842464,Fridge installation,3.94,0.88,13.65,124
P4207,10.574772995129887,72.18778273780221,Fridge installation|TV installation|TV repair,4.27,0.94,4.67,19
P4208,29.532834461045105,84.86415917478291,TV repair|TV installation,3.97,0.73,11.84,25
P4209,18.287899962762975,93.92615702720816,Fridge installation|Fridge repair|TV repair,3.11,0.84,12.43,52
P4210,33.68412096539561,84.79317176163829,Fridge installation|TV repair,3.45,0.63,19.56,184
P4211,19.840508419887264,78.25492284687236,TV installation|Fridge repair|TV repair,3.21,0.82,10.45,154
P4212,17.25691413894039,80.50374130090925,TV installation|Fridge repair,3.1,1.0,16.21,268
P4213,23.69568910407318,93.24026597986384,Fridge repair|TV installation,4.55,0.88,5.91,273
P4214,18.528597490658257,75.73983163833732,TV repair|Fridge installation,3.46,0.62,7.33,210
P4215,33.21752260333673,86.13654904675212,Fridge installation|Fridge repair,3.0,0.74,26.02,249
P4216,16.156519425228765,94.50600107326906,Fridge installation,4.8,0.81,17.49,35
P4217,35.74694981476935,68.22261902422781,TV installation|TV repair|Fridge installation,3.18,0.87,12.93,203
P4218,11.006728420759847,83.06860576869803,TV installation,4.16,0.9,8.58,247
P4219,9.496345292896876,78.12217776112755,Fridge installation,3.17,0.94,21.68,103
P4220,10.599596778853837,76.71218543548834,Fridge installation|Fridge repair,3.12,0.75,29.48,234
P4221,14.639185222303945,72.0281245423559,TV installation,3.4,0.74,6.15,83
P4222,17.77351655266284,90.36028464023046,Fridge installation,3.21,0.69,2.24,173
P4223,10.195361948587664,84.92383446462536,TV installation,3.58,0.64,27.43,25
P4224,19.63585716493071,84.4999309418335,TV installation,4.12,0.65,2.96,67
P4225,10.372748232377404,71.69505004524505,Fridge installation|TV installation|Fridge repair,4.79,0.91,29.89,98
P4226,18.81158924211775,93.44986721021925,Fridge installation,3.13,0.83,28.59,190
P4227,21.198082723572824,71.8836100721963,TV installation|Fridge repair|Fridge installation,4.62,0.75,21.63,191
P4228,21.389964626834036,96.54632366343256,Fridge repair,3.91,0.64,29.79,86
P4229,23.48293245544004,68.55096942159362,TV repair|Fridge repair,3.46,0.86,4.84,290
P4230,24.148903916380593,89.92577224816058,TV repair,3.53,0.75,9.51,39
P4231,33.26469667933381,72.93144689414812,Fridge repair|TV installation|Fridge installation,3.15,0.65,6.51,243
P4232,24.007040904137863,72.98412660032382,Fridge installation|Fridge repair|TV installation,4.96,0.67,27.51,272
P4233,13.253425611844165,94.46177458586112,Fridge installation|Fridge repair,3.11,0.98,7.62,104
P4234,22.237327978985785,79.04090555582879,TV installation,4.34,0.99,18.98,168
P4235,20.7519786846053,89.6949743941915,TV repair|Fridge installation|Fridge repair,4.68,0.97,18.31,131
P4236,27.704170177447654,74.6164581195133,Fridge repair|Fridge installation|TV installation,3.52,0.75,10.51,51
P4237,8.296169738772454,92.90249787468943,Fridge repair|TV installation,4.12,0.75,13.47,96
P4238,10.142621512168184,75.96529693581769,Fridge repair,4.7,0.9,17.78,154
P4239,27.225528929458726,82.56966437150831,TV installation,3.67,0.93,22.38,146
P4240,32.58091577163731,94.68748925324145,Fridge installation|TV installation,4.07,0.69,27.64,169
P4241,11.234180475803266,80.53250819815042,Fridge installation,3.56,0.63,7.37,148
P4242,35.60331786203314,70.678754339001,Fridge repair|TV installation,3.12,0.84,29.05,34
P4243,24.90642586659894,79.8879572532996,TV installation|TV repair,4.46,0.7,4.19,211
P4244,22.951354396923364,87.45699299566917,TV installation,3.13,0.62,18.42,231
P4245,25.206829274639322,81.27284253728953,Fridge repair|Fridge installation,4.87,0.64,24.11,20
P4246,20.861540093951206,76.4302945957607,Fridge repair|TV repair|TV installation,3.84,0.78,27.5,222
P4247,16.112191657420837,83.5893796808987,TV installation|TV repair,4.4,0.85,28.37,232
P4248,15.70798295106909,69.48546905983834,Fridge repair|TV installation,3.23,0.98,14.64,21
P4249,17.24515383327801,89.0328648916697,TV installation|TV repair,3.5,0.64,17.39,177
P4250,17.769477809027293,86.4832705781834,Fridge repair|Fridge installation,4.07,0.84,15.22,48
P4251,9.744375628470882,95.63701735068757,TV installation,3.2,0.92,16.49,137
P4252,11.156427361998837,70.05700098275926,Fridge repair|TV repair|Fridge installation,3.86,0.9,9.54,126
P4253,16.08085987516173,79.26977876589818,TV installation,4.81,0.94,16.45,23
P4254,13.602333469257662,95.6685332380357,TV repair,3.41,0.92,12.33,70
P4255,17.28269984332112,68.62788728024051,TV installation|TV repair|Fridge installation,4.5,0.98,8.14,80
P4256,13.986585847166062,94.97141124560433,Fridge repair,3.02,0.83,26.38,292
P4257,25.109863449500384,69.46879504108166,Fridge repair,4.63,0.71,29.69,157
P4258,21.232123197935245,74.03447052395668,Fridge installation|Fridge repair|TV installation,4.0,0.96,19.29,153
P4259,12.819536668849842,94.12533418357813,TV installation|Fridge installation|Fridge repair,4.2,0.61,19.73,58
P4260,33.968217568813586,95.15496283688566,TV repair,3.98,0.64,15.06,99
P4261,26.314798370470776,96.68925216196894,Fridge installation|TV installation,4.84,0.76,5.18,269
P4262,16.901136569978213,82.61480049285568,TV repair|Fridge installation,3.75,0.72,25.26,34
P4263,13.19583937032273,82.29260014854749,TV repair|TV installation,4.75,0.91,4.27,190
P4264,16.219929925657915,70.84969096858629,TV installation,3.96,0.98,17.71,52
P4265,26.73226495207898,75.09040470771286,TV repair|TV installation|Fridge installation,4.87,0.62,26.97,196
P4266,11.488369209345635,85.8934990010776,Fridge repair|TV installation|Fridge installation,4.2,0.94,2.09,162
P4267,32.5487978411536,95.6909422021286,TV repair|Fridge repair|TV installation,3.04,0.74,20.71,174
P4268,23.328195410576768,92.47736199566806,Fridge installation,4.9,0.82,28.04,280
P4269,15.672214711871966,94.92420061737386,Fridge repair,4.33,0.77,21.05,90
P4270,11.311329271650818,88.85038366813009,TV repair,4.65,0.89,8.42,96
P4271,8.992223000022634,93.86286084091569,TV repair|Fridge installation|Fridge repair,4.51,0.85,27.97,144
P4272,26.070330364720462,93.59403304106795,Fridge installation|TV repair|Fridge repair,4.98,0.92,15.12,269
P4273,32.46508986909958,81.49390869614176,Fridge installation|TV repair,4.57,0.79,12.82,255
P4274,17.92819354742452,71.56845560182148,TV installation|Fridge repair,4.01,0.65,15.79,234
P4275,14.59019464433468,73.5921038056869,Fridge repair|TV repair,4.35,0.77,2.68,149
P4276,14.035142990913968,83.79886716697649,TV repair,4.68,0.9,22.26,35
P4277,8.652986506039388,72.69070041418333,TV installation|TV repair|Fridge installation,3.7,0.99,27.75,270
P4278,19.04424052530146,68.21091646287915,Fridge installation,3.5,0.85,4.03,55
P4279,16.55224836441886,95.08074024257999,TV installation|Fridge repair|TV repair,3.9,0.7,10.86,47
P4280,35.420763303103115,76.91758045943948,Fridge installation,4.62,0.84,29.31,22
P4281,13.469196956355116,88.04029180315119,Fridge repair|Fridge installation|TV installation,3.66,0.73,9.54,109
P4282,22.521593637873334,86.42251502076088,TV installation|Fridge repair|Fridge installation,4.25,0.65,12.93,87
P4283,36.18771285884107,72.87251441061376,TV installation|Fridge installation,3.82,0.64,8.79,251
P4284,9.856227723350035,79.56244867061406,Fridge repair,3.17,0.74,17.97,155
P4285,17.38477606479223,87.95176854043473,Fridge installation|TV installation|Fridge repair,3.52,0.97,20.84,265
P4286,29.681586551899215,83.82836716142798,Fridge repair|Fridge installation|TV installation,3.5,0.75,6.39,31
P4287,31.063903957322314,70.34201360832635,TV repair|Fridge installation,3.38,0.88,27.27,280
P4288,32.244664585482525,74.13268151462053,Fridge repair,3.57,0.95,26.9,143
P4289,18.219100014087495,89.46824586762222,Fridge installation|TV installation,3.51,0.8,17.47,105
P4290,21.681635338466243,76.09908049905627,Fridge installation,3.01,0.69,21.6,21
P4291,13.987679286548845,74.60238071593348,TV installation,3.02,0.99,25.18,137
P4292,13.96734513667677,75.46581785855054,Fridge repair|Fridge installation,4.63,0.68,11.36,184
P4293,21.365235951780612,94.09249163841258,Fridge repair,3.44,0.9,6.45,65
P4294,33.24808333892808,81.279151778866,Fridge installation|Fridge repair|TV repair,4.45,0.93,5.81,89
P4295,15.135703650678618,78.46765536602399,Fridge installation|Fridge repair,4.48,0.92,6.94,136
P4296,30.772886230710355,92.84761867688175,TV installation|TV repair,3.29,0.66,10.55,256
P4297,24.39655606926197,88.46283391977107,Fridge repair|Fridge installation,3.09,0.63,3.7,72
P4298,35.38132254938476,70.42604376849798,Fridge installation,4.07,0.86,28.84,150
P4299,20.943446820823848,90.63562208654551,Fridge repair,4.43,0.84,28.18,208
P4300,26.462691250796755,83.6074793936513,Fridge repair|TV installation,4.21,0.87,6.86,268
P4301,27.658216486506166,74.16868555360209,Fridge installation|TV installation,3.46,0.72,21.01,55
P4302,10.183705997187358,82.98026317362944,Fridge repair|TV repair,3.16,0.75,6.91,175
P4303,24.07736737264055,77.50622809062118,Fridge installation|Fridge repair,3.44,0.79,20.66,280
P4304,23.178648391915303,79.009854170808,Fridge repair,3.46,0.9,24.33,107
P4305,19.08214108503514,72.91632509087181,TV repair|TV installation|Fridge repair,4.68,0.73,22.95,183
P4306,9.61432539132552,96.58726056891959,TV installation|Fridge repair,4.6,0.95,21.44,263
P4307,9.297086574696312,79.3249342105805,TV installation,4.76,0.66,13.6,294
P4308,26.898313874939152,82.03000375858089,TV repair|Fridge repair|TV installation,4.39,0.94,7.48,155
P4309,29.98185493549445,84.9504559107102,TV repair,3.19,0.83,28.7,259
P4310,20.15679158680853,95.58548862354854,TV repair|TV installation|Fridge installation,4.79,0.81,20.05,271
P4311,28.176185312939545,88.50882531552193,Fridge repair|TV installation|TV repair,3.72,0.69,27.62,88
P4312,17.06335900692252,72.82024934117895,TV repair|Fridge repair|Fridge installation,3.28,0.73,24.46,284
P4313,23.411057748539882,89.71102962701949,TV installation|TV repair,3.48,0.97,26.26,269
P4314,34.15855968519676,95.38028621230991,Fridge installation|Fridge repair|TV repair,4.79,0.6,28.15,177
P4315,25.579615117295543,88.63918722127578,TV installation|Fridge installation,3.54,0.99,26.02,139
P4316,21.81799639106673,80.82179152584102,Fridge installation|TV repair,4.51,0.71,8.09,169
P4317,33.99853445124464,68.02171546723126,TV installation|TV repair|Fridge repair,3.7,0.65,26.73,212
P4318,36.1997941465992,74.75691265353562,TV repair,4.64,0.88,2.16,181
P4319,28.189457198910695,95.68174800838841,Fridge installation|TV installation|TV repair,3.73,0.67,7.18,95
P4320,12.711648461812956,90.82462677952626,Fridge repair,4.48,0.67,13.81,265
P4321,26.222359665028478,71.21713232466702,TV repair|Fridge installation,4.22,0.79,20.0,122
P4322,12.291812208481858,83.23964915137303,TV installation|TV repair|Fridge installation,4.72,0.73,13.9,121
P4323,33.78171861611504,73.78064133171219,TV repair|TV installation|Fridge repair,4.2,0.83,7.54,150
P4324,10.595518585969687,70.67916230289109,Fridge repair,4.39,0.69,28.17,242
P4325,21.342849480692635,80.5942220283844,TV repair,4.39,0.78,5.6,213
P4326,17.69782993512947,80.13850551207463,Fridge installation,3.02,0.65,17.96,132
P4327,31.209871822541427,87.42349953508355,TV repair,4.3,0.77,28.93,253
P4328,12.766394799600981,91.18247652771025,TV installation|TV repair|Fridge installation,3.13,0.9,12.72,16
P4329,20.59377667084646,77.89422158341031,Fridge repair,4.22,0.88,7.63,202
P4330,35.78637168503656,85.10026488515251,Fridge installation|Fridge repair,3.78,0.92,16.7,234
P4331,8.59733111790507,69.19076159549489,TV repair|TV installation|Fridge repair,4.36,0.87,11.25,116
P4332,26.25914582966088,74.19182967550972,TV installation|TV repair,4.21,0.75,4.85,13
P4333,13.329001753093596,86.57658134943176,Fridge installation|TV installation,3.68,0.62,18.42,13
P4334,28.01752149065259,86.99142542611017,Fridge installation|TV repair,4.17,0.66,7.9,146
P4335,33.3572716986402,72.14699020253462,Fridge installation,4.75,0.76,9.72,43
P4336,34.06401755341926,93.8873144588646,Fridge repair|TV installation|Fridge installation,3.22,0.92,14.51,128
P4337,25.52836613219646,75.08916520044858,TV installation|Fridge installation|TV repair,4.63,0.92,29.69,207
P4338,32.58730835893688,93.28744675373584,Fridge installation|TV installation,4.28,0.8,28.8,155
P4339,25.501523074576454,86.95525353720214,TV repair|TV installation|Fridge installation,3.42,0.73,2.59,13
P4340,31.615668229002114,95.24789167550459,TV repair|TV installation|Fridge installation,4.19,0.76,29.43,245
P4341,27.427506545096648,86.6515704887115,Fridge repair|TV installation,4.81,0.65,10.83,255
P4342,19.81411644832858,94.4362020331659,TV repair|Fridge repair|TV installation,4.56,0.89,16.92,70
P4343,8.817379365420969,72.41994875140466,TV installation|Fridge repair,4.31,0.62,2.59,53
P4344,25.662708569630297,85.605376953714,TV repair,3.52,0.89,23.66,212
P4345,10.743283477449992,70.49411303430713,TV installation|TV repair|Fridge installation,4.95,0.9,8.01,299
P4346,8.552130058348206,76.62453542157398,TV installation|TV repair|Fridge repair,3.95,0.64,5.54,213
P4347,13.707268030926478,90.82044606788992,Fridge installation|Fridge repair,3.46,0.64,15.41,38
P4348,13.595520780690581,72.25029808161658,TV installation|TV repair|Fridge installation,4.58,0.79,24.13,213
P4349,20.87648228225774,80.2923316766302,Fridge installation|TV installation,4.09,0.99,24.76,183
P4350,17.82480865612289,82.86988873831746,Fridge repair|TV repair|Fridge installation,3.61,0.96,14.29,16
P4351,12.50645017269333,87.49817106271038,Fridge installation|TV repair,3.05,0.78,17.4,85
P4352,21.146554668204146,90.76324110605248,TV installation|Fridge repair,3.19,0.95,20.78,296
P4353,19.179032831190895,68.77895714359082,Fridge installation|TV installation,4.38,0.72,17.13,143
P4354,11.003035321906577,91.64491295799533,TV installation|Fridge installation|Fridge repair,3.59,0.99,21.67,222
P4355,15.595092332402146,82.61373271450134,Fridge installation|Fridge repair|TV repair,3.93,0.92,25.33,59
P4356,31.813392163280852,73.20554075343904,Fridge installation,4.53,0.7,10.34,268
P4357,28.393781827257357,96.35512086545236,TV repair|TV installation|Fridge installation,3.89,0.7,6.39,240
P4358,8.155644681376716,72.40380306759751,TV installation,3.04,1.0,23.3,19
P4359,32.8132588686132,82.45219381470463,TV repair|Fridge installation|Fridge repair,4.93,0.8,9.73,197
P4360,22.52467822388716,96.96819767024411,TV repair|Fridge installation,4.04,0.99,2.46,63
P4361,9.257535704878583,91.27458525355581,Fridge installation|TV repair,4.07,0.76,17.05,60
P4362,34.745286839721224,74.75482524264638,Fridge installation|TV repair|TV installation,4.99,0.87,14.44,136
P4363,12.635461152006682,72.69312996000042,TV repair|TV installation,3.75,0.96,7.77,135
P4364,29.60090324904111,75.99688019196441,Fridge installation,4.72,0.6,8.64,110
P4365,24.552475521022803,72.02978966712203,Fridge repair|Fridge installation,3.54,0.67,5.49,270
P4366,27.004825348979427,81.59579520899872,Fridge repair|Fridge installation,3.92,0.91,14.79,252
P4367,16.93305197291881,86.91490038663525,TV installation|TV repair|Fridge installation,3.3,0.85,25.86,134
P4368,31.675975687998363,69.3361208238,TV installation|Fridge repair|Fridge installation,4.42,0.89,7.99,282
P4369,10.79534110233857,91.16848186578974,Fridge repair|TV installation|Fridge installation,4.95,0.67,27.06,103
P4370,15.22641391412973,77.71556788762281,Fridge repair,3.54,0.97,8.51,177
P4371,27.550623243789374,78.73738873375046,TV installation|TV repair|Fridge installation,3.38,0.93,18.89,168
P4372,34.618022671872666,68.28999406821829,Fridge repair,3.79,0.94,13.49,59
P4373,19.232968450083003,78.10323782234119,TV installation|TV repair,3.41,0.96,8.09,45
P4374,31.849299315677474,90.03806312391531,TV repair|Fridge installation,3.06,0.87,15.92,77
P4375,18.799732333541066,88.16997143407733,TV installation|TV repair,3.51,0.61,28.54,186
P4376,31.898879399371705,72.90499020635174,TV repair|Fridge repair|TV installation,3.78,0.93,7.77,100
P4377,18.618450418801018,87.21069465535375,TV repair|Fridge installation,3.68,0.74,22.54,64
P4378,14.925922258365205,88.49354277865393,Fridge installation|Fridge repair|TV repair,3.66,0.74,19.83,249
P4379,22.768954461110567,80.09415881010774,Fridge repair,4.99,0.66,18.6,108
P4380,33.54677567355891,77.7537068902855,TV installation|Fridge installation|TV repair,3.54,0.94,13.04,231
P4381,29.919305635923568,83.92049682172122,Fridge repair,3.54,0.8,21.51,203
P4382,30.89767349873889,76.95737042059103,Fridge installation|Fridge repair,4.53,0.98,29.33,122
P4383,16.02896701485038,81.66533212098035,Fridge repair|TV installation|Fridge installation,4.35,0.97,5.96,117
P4384,9.942698182866268,89.99797167668054,TV installation|TV repair,3.9,0.88,11.02,187
P4385,32.730743687674504,83.4278387379991,TV installation|TV repair|Fridge repair,4.94,0.92,28.69,235
P4386,25.404426794134825,68.67263007237844,TV installation|Fridge installation,4.94,0.72,8.98,194
P4387,10.455654388089364,79.84834453629222,TV repair|Fridge installation|TV installation,4.64,0.93,5.89,197
P4388,19.437225892507577,94.52189429393353,Fridge repair|Fridge installation,4.7,0.78,2.01,198
P4389,9.936220113976006,79.43615501441703,Fridge installation|TV repair|Fridge repair,4.67,0.77,9.33,183
P4390,24.8055418083118,95.72675973063511,TV installation,3.46,0.79,29.37,38
P4391,29.12985469449424,73.48028083975296,TV repair,4.54,0.74,16.86,88
P4392,25.671547634203367,89.06918068549197,TV installation|TV repair|Fridge repair,4.32,0.63,14.81,116
P4393,16.58379648280613,77.0786439292753,TV repair|TV installation,3.25,0.77,29.63,160
P4394,20.368254664627237,77.0395294469139,TV repair,3.87,0.61,26.94,215
P4395,33.20436361461849,69.12948210808486,Fridge installation,3.29,0.73,11.67,206
P4396,20.36402417961383,75.49576860362471,Fridge installation|TV installation,3.06,0.94,10.19,24
P4397,22.497709794924816,74.16792953985887,TV repair|Fridge installation,4.27,0.66,7.32,257
P4398,36.74562493657011,93.84076428032384,Fridge installation|TV installation|Fridge repair,4.19,0.82,29.95,61
P4399,21.603951902563715,70.10710192752711,Fridge installation|TV installation|Fridge repair,4.0,0.65,25.48,48
P4400,10.779639379293721,78.82130757163584,Fridge repair|Fridge installation|TV repair,3.85,0.82,29.77,35
P4401,32.22381952328186,79.73646715160432,TV installation|TV repair|Fridge installation,3.1,0.99,9.16,137
P4402,15.12910678040916,86.00575980627067,TV installation|Fridge installation|Fridge repair,4.08,0.67,13.36,101
P4403,19.706289683500593,91.62060096335972,Fridge repair|Fridge installation,4.42,0.62,28.03,56
P4404,21.225920068740578,89.66005172201318,Fridge installation,4.17,0.67,11.53,197
P4405,17.950931051905016,82.9307453653725,Fridge repair|TV repair|Fridge installation,4.71,0.9,25.39,254
P4406,9.378944263371551,88.98395325269372,Fridge installation|Fridge repair,4.34,0.75,13.52,189
P4407,8.38087514016882,84.33579804386677,Fridge installation|TV repair,4.85,0.97,18.37,30
P4408,16.673572800071554,85.27006288647459,TV installation|Fridge installation|Fridge repair,5.0,0.81,28.22,237
P4409,14.953255185557344,85.23182640646198,TV repair,3.07,0.91,27.76,65
P4410,16.591321045727415,75.11020666992619,Fridge installation,4.98,0.63,25.62,181
P4411,30.09367830773806,95.7874169965902,TV installation|TV repair,4.15,0.79,16.96,265
P4412,29.967653727708814,69.75653241175439,Fridge repair|TV installation|TV repair,3.41,0.8,12.31,104
P4413,19.35528649882953,88.61011282671763,Fridge repair|Fridge installation,4.16,0.89,3.74,32
P4414,19.840297475291095,92.38750707433982,Fridge repair,3.29,0.82,21.0,226
P4415,14.23136208100302,92.59036039136954,Fridge repair,4.65,0.96,27.62,115
P4416,25.17380522024691,68.7816880341458,Fridge installation|TV installation|TV repair,3.18,0.66,5.82,164
P4417,21.16905437383147,78.77977263907054,Fridge repair|TV installation|TV repair,4.78,0.84,26.53,166
P4418,29.955723305093077,79.31620037134986,TV repair|Fridge repair|TV installation,4.65,0.91,19.51,151
P4419,19.278037088564048,76.88147261577123,Fridge installation|TV installation|TV repair,3.27,0.7,21.1,27
P4420,26.19110427308033,76.8265674453438,TV repair|Fridge installation,4.72,0.66,28.97,184
P4421,8.684246702032851,80.52056852742285,TV repair|Fridge repair,4.15,0.67,9.18,78
P4422,10.046180702697301,78.08786231306262,TV installation|Fridge repair|TV repair,4.96,0.74,14.9,195
P4423,26.806434783904106,95.5469544205401,TV repair,4.72,0.92,28.65,195
P4424,29.47726911972889,69.5951981002741,TV repair|Fridge installation,3.64,0.82,13.27,186
P4425,34.854029136475354,94.99814126646126,TV repair|TV installation,3.83,0.76,10.61,121
P4426,35.10417524329978,79.09848227051008,Fridge repair,3.04,0.61,26.98,223
P4427,17.79808336566318,70.8833711190754,TV repair,4.91,0.9,5.69,260
P4428,24.11168073580232,72.86877395389192,Fridge repair|Fridge installation,3.85,0.86,9.95,281
P4429,22.78371760650594,95.34599937486632,Fridge repair,3.8,0.69,11.15,183
P4430,22.440218341851867,78.27331680156493,TV repair|Fridge repair|TV installation,4.09,0.65,2.15,207
P4431,25.545165873722727,88.63874232018023,TV repair|Fridge installation,4.65,0.97,13.54,93
P4432,19.090556071441732,68.99430999657787,TV installation,4.45,0.98,6.53,78
P4433,16.32082331619666,86.78852503185678,Fridge repair|TV repair|Fridge installation,3.72,0.82,13.55,216
P4434,10.146579717420929,74.85071336398674,TV repair|TV installation,3.12,0.85,24.28,92
P4435,8.632156768636559,77.6591972684081,TV installation|Fridge repair|Fridge installation,3.11,0.73,3.75,244
P4436,26.73951491646388,85.3899783263479,TV repair,4.43,0.62,13.99,40
P4437,33.30918403775014,76.15873648338604,Fridge repair|Fridge installation,3.19,0.7,4.91,80
P4438,25.18500436550199,79.4603797214981,TV repair|TV installation,3.99,0.67,20.17,253
P4439,21.497084022356148,93.93472720511112,TV repair|Fridge repair,4.55,0.69,26.61,76
P4440,18.36935248228854,88.0174054229515,TV repair|Fridge installation,3.94,0.73,9.42,46
P4441,34.53615837125999,84.88257170211824,TV installation,4.59,0.61,13.73,163
P4442,13.495557284465079,88.11583591729999,TV repair|Fridge installation|TV installation,3.81,0.91,21.85,136
P4443,16.94960109386288,70.06704482841756,TV repair|Fridge installation|Fridge repair,3.86,0.97,15.39,120
P4444,9.6466414384329,89.21123647348155,Fridge repair,3.55,0.83,8.78,20
P4445,28.398440924624317,88.75122775903627,TV repair|Fridge repair,4.44,0.75,13.86,70
P4446,12.299556694468553,81.29485860969157,Fridge repair,4.8,0.86,3.57,184
P4447,22.882613086153896,89.77502892951108,TV installation|Fridge repair|TV repair,3.89,0.85,14.67,42
P4448,31.845606775797624,73.23382418663678,TV repair|TV installation,4.39,0.91,14.52,200
P4449,8.39278539380766,91.11604564768871,Fridge repair|TV repair|TV installation,3.66,0.74,11.41,115
P4450,28.372487623353237,90.38403079901482,Fridge repair,3.79,0.87,22.18,43
P4451,27.185256844774056,71.40140645165224,TV installation|TV repair,3.69,0.73,18.03,144
P4452,31.718318667613868,84.41557052649554,TV installation|TV repair,4.7,0.99,28.8,111
P4453,26.653177087650363,83.0030684335292,Fridge repair|Fridge installation,3.44,0.91,28.14,41
P4454,9.10397870334651,90.36426918742862,Fridge repair|TV repair,3.22,0.76,24.89,98
P4455,21.874431626314205,69.25519219553424,Fridge repair|Fridge installation,3.51,0.63,5.57,22
P4456,14.506800502409117,78.30175792992966,Fridge repair|Fridge installation,4.95,0.69,17.72,32
P4457,18.736103544243747,87.59150155748642,Fridge installation|Fridge repair|TV repair,3.75,0.83,16.43,209
P4458,16.074890211607567,75.88628328157705,Fridge installation,4.08,0.66,24.7,272
P4459,29.41601578699544,87.30377906504692,TV installation,4.29,0.79,3.75,206
P4460,32.705816147007944,82.11743308494388,Fridge installation|TV installation|Fridge repair,3.32,0.93,14.06,275
P4461,16.13586367534385,93.95628434612703,Fridge repair,3.66,0.83,8.72,242
P4462,12.779262270419007,70.97693610633203,Fridge repair|TV repair|Fridge installation,3.0,0.68,13.52,207
P4463,16.960392554545287,79.32312004546871,TV installation|Fridge installation,3.62,0.89,15.77,175
P4464,14.573378709506798,88.58008909440139,TV repair|Fridge installation,3.6,0.97,21.95,247
P4465,11.430667811180923,85.45358127136967,TV installation|Fridge installation|TV repair,4.97,0.72,25.75,155
P4466,13.527986109763894,85.20305216292017,Fridge repair|TV installation,4.48,0.78,23.01,225
P4467,21.122957151402147,77.25644359359138,Fridge installation|Fridge repair|TV repair,3.57,0.94,13.81,278
P4468,14.248705569668154,88.13323369892423,TV repair|Fridge repair,4.08,0.99,12.12,150
P4469,16.55448913374741,69.56458283594897,TV repair|Fridge installation,4.04,0.93,25.84,71
P4470,25.38959491447716,92.82055797442527,Fridge installation|TV installation,3.82,0.97,27.28,254
P4471,22.60918509388579,70.7271896130262,TV repair|Fridge installation,4.23,0.87,19.54,137
P4472,25.21449731449394,84.36271532286958,Fridge repair|TV repair,3.78,0.85,28.53,236
P4473,23.656314548044772,89.12811838066821,TV installation|TV repair,4.11,0.98,4.84,289
P4474,22.59599089554752,89.97689582688318,Fridge installation|Fridge repair,3.78,0.73,25.15,104
P4475,19.51584305428127,93.6123069236091,Fridge installation|Fridge repair|TV installation,3.22,0.86,5.76,163
P4476,28.751854869910154,72.79981658024722,TV installation|Fridge installation,4.41,0.66,19.38,82
P4477,36.39781768354903,70.14553745265985,Fridge repair|Fridge installation|TV installation,3.43,0.9,17.14,92
P4478,30.410890809909255,74.7539458210308,Fridge installation|TV installation,4.47,0.83,7.45,150
P4479,25.204221446676147,68.73114313494344,TV installation,3.13,0.88,17.09,72
P4480,14.185320620518997,77.83303249744945,TV repair|TV installation|Fridge repair,4.03,0.86,17.2,215
P4481,19.274548082436738,76.73339099026971,Fridge installation|Fridge repair,3.08,0.66,4.97,25
P4482,25.68973113563661,69.34368284290292,TV installation,4.46,0.76,28.98,53
P4483,8.974667966174003,79.45929223877596,TV installation|Fridge installation|TV repair,3.21,0.64,24.22,221
P4484,19.66004164690541,74.98073410921401,TV installation|TV repair|Fridge installation,3.65,0.69,9.54,222
P4485,20.367418900993236,74.8232332914935,TV repair,3.9,0.92,14.55,289
P4486,32.657684734298364,75.19948530811664,TV installation|Fridge installation,4.87,0.69,22.91,30
P4487,25.385785053234937,88.32477985646578,Fridge installation|TV repair,4.82,0.64,11.27,110
P4488,35.79216632704039,96.44341542621015,TV repair|Fridge repair,4.28,0.68,5.34,158
P4489,23.200608049213162,85.28247182555248,TV installation,3.72,0.87,9.01,233
P4490,35.81876434791315,77.28132910895135,Fridge repair,4.43,0.8,20.73,13
P4491,8.123978615154238,96.29560642223333,TV repair|Fridge installation,3.7,0.7,8.23,151
P4492,29.88630511593055,77.57994103102516,TV installation,3.58,0.71,11.77,21
P4493,18.692137940612902,94.05152464179173,TV repair|Fridge repair,4.5,0.69,20.02,229
P4494,29.79112259594623,72.24845777656704,TV installation,4.88,0.67,12.36,113
P4495,16.314240360690626,90.06971631937563,Fridge repair|TV repair|TV installation,3.95,0.67,3.31,39
P4496,28.3464607106334,83.20324220891435,Fridge repair,3.76,0.63,18.7,169
P4497,33.542244889314134,82.26333402621788,Fridge installation,3.4,0.89,16.74,273
P4498,19.912139756831916,82.56574122671378,Fridge installation|Fridge repair|TV repair,4.67,0.63,16.85,178
P4499,26.82411543916443,95.99465886271324,Fridge installation|TV installation,4.4,0.86,19.18,269
P4500,27.41504646343409,72.10585920547857,TV installation|TV repair|Fridge installation,4.47,0.86,29.19,138
P4501,11.763135911641887,86.40220684403316,Fridge repair,3.66,0.71,18.58,268
P4502,11.557648346875187,84.95634943154359,Fridge installation,4.82,0.96,6.24,44
P4503,17.7006845269567,76.59678877598705,Fridge repair|Fridge installation,3.07,0.98,16.04,104
P4504,10.780220566538333,79.05955528026543,Fridge installation|Fridge repair|TV installation,4.86,0.69,10.95,216
P4505,28.280011037542245,90.87283019314606,TV repair|TV installation|Fridge repair,4.15,0.95,17.4,142
P4506,23.70933208845993,88.67539586955169,TV repair|Fridge installation|Fridge repair,4.31,0.7,3.15,92
P4507,8.676821802088766,69.74256222955525,Fridge repair,4.36,0.75,26.31,241
P4508,30.04750048837602,94.3596400612575,Fridge repair|Fridge installation,4.21,0.95,9.39,291
P4509,21.22683876336624,91.4462231715429,Fridge installation,4.57,0.77,16.03,77
P4510,23.86134942548949,71.74299342806287,TV installation,3.07,0.96,28.01,176
P4511,23.941229093883287,83.65078263290026,Fridge installation,3.74,0.83,14.83,133
P4512,12.517708390241621,75.815687293208,TV repair,3.2,0.95,10.3,123
P4513,31.786414734504316,94.14112885500103,Fridge repair,3.21,0.96,7.52,44
P4514,29.876687706534724,80.59023773108864,TV repair|TV installation,3.73,0.89,8.22,153
P4515,34.63863091665368,78.43248521557317,TV installation|Fridge installation,4.87,0.78,29.0,257
P4516,17.61084648259508,86.57959795029036,Fridge repair,4.35,0.78,4.27,93
P4517,26.083396778850773,89.06054543612284,Fridge installation|Fridge repair,3.08,0.81,17.83,84
P4518,27.572731536030417,79.22917086408604,TV repair|TV installation,4.96,0.7,19.07,41
P4519,32.163589039881934,74.32381461276803,TV installation|TV repair,4.67,0.64,13.31,25
P4520,33.40460413643535,88.44267467275144,TV repair|TV installation,3.05,0.6,10.15,91
P4521,34.86433761753224,77.2534188055737,Fridge repair,3.35,0.86,24.04,96
P4522,18.410939580518814,82.88110388417073,TV repair|Fridge repair|TV installation,4.0,0.84,28.9,259
P4523,35.73631411163757,91.50950361574762,TV installation,4.65,0.67,15.34,177
P4524,29.187052889897465,87.48908398281786,TV installation|Fridge repair,3.95,0.68,26.88,210
P4525,20.33225407778671,79.99477302656753,Fridge installation|Fridge repair|TV installation,3.61,0.95,17.34,144
P4526,27.18951433464868,76.70669747932344,Fridge installation,3.87,0.9,29.59,290
P4527,22.413027788805902,71.72213731057222,Fridge installation|TV installation|TV repair,3.01,0.65,28.77,280
P4528,8.229838282215397,73.51375150707031,Fridge installation|TV installation,4.77,0.66,15.41,282
P4529,19.047555009320632,70.77719544308835,TV repair|Fridge repair|TV installation,4.14,0.71,20.47,15
P4530,32.617732557991275,79.58568120585,Fridge repair|TV installation|Fridge installation,4.99,0.62,24.08,292
P4531,24.772730667634676,69.08045910994619,Fridge repair|TV repair|Fridge installation,4.69,0.62,6.78,293
P4532,10.259886853552485,68.7448613838366,Fridge installation|Fridge repair,3.11,0.78,9.08,183
P4533,8.019567155111286,78.60707652238939,TV installation,4.84,0.83,22.37,261
P4534,20.91283081726528,87.39850388979406,Fridge repair,4.23,0.97,16.5,17
P4535,14.189018621290012,89.90605737659655,Fridge repair|TV repair|TV installation,3.28,0.8,13.8,31
P4536,14.955455076776612,92.98648739942365,TV repair|TV installation,4.25,0.76,7.24,272
P4537,21.138002482316224,88.60813811904046,TV repair|Fridge installation,4.2,0.99,18.35,288
P4538,23.741703500267093,91.44765468421222,Fridge installation|TV installation,4.23,0.86,29.2,157
P4539,34.8262838648876,68.67795392907004,Fridge repair,4.31,0.99,6.92,291
P4540,29.54420448358958,82.47220227391274,Fridge installation|TV installation,4.56,0.78,29.53,246
P4541,10.671555636236132,80.47034223346883,Fridge repair|TV repair|TV installation,4.08,0.74,8.78,289
P4542,26.30968734391847,90.5930720093645,Fridge repair,4.52,0.75,17.9,299
P4543,15.575349742571653,83.92553723219034,Fridge installation|TV repair,4.24,0.71,25.15,126
P4544,18.64305052179563,84.36324868812673,Fridge repair|TV installation,4.31,0.73,20.69,96
P4545,9.840010418805551,90.40306853203768,TV repair|Fridge repair|Fridge installation,4.67,0.8,4.07,196
P4546,18.158788601176255,80.26542269164372,TV repair|Fridge repair,4.2,0.81,22.13,204
P4547,25.29814733819637,90.89731298780802,Fridge installation|TV repair|Fridge repair,3.08,0.93,5.88,61
P4548,16.956413229634236,88.38718800222405,TV repair,4.3,0.64,18.16,206
P4549,22.22360559680356,73.4259121180755,TV installation,3.94,0.91,25.67,219
P4550,25.90174968116688,68.00059502086596,Fridge installation|TV installation|Fridge repair,4.1,0.99,10.74,137
P4551,30.106226071722777,85.65905760869964,Fridge installation|Fridge repair,3.84,0.66,14.98,92
P4552,31.380592399699154,68.77271344375215,TV installation|Fridge repair|Fridge installation,4.31,0.63,9.03,56
P4553,24.16764431544944,71.65442560482056,TV repair,4.18,0.72,8.43,109
P4554,18.146575843371824,94.940490040632,Fridge repair|TV repair,3.06,0.94,13.13,246
P4555,22.871556610835775,94.84646758660978,TV repair,4.54,0.99,24.24,287
P4556,34.130281329706335,87.2618633039017,TV repair|TV installation,4.84,0.97,26.96,54
P4557,11.411740930803338,72.1619555400696,Fridge repair|TV installation|Fridge installation,3.24,0.64,11.89,32
P4558,20.09694814150099,87.28457815117173,TV installation,3.42,0.74,23.91,126
P4559,11.607697511201696,82.31590300943013,Fridge repair|Fridge installation|TV repair,4.44,0.82,22.2,227
P4560,31.28262410266016,91.85637310416877,TV repair|Fridge installation,4.4,0.63,18.39,139
P4561,19.300381283136804,73.74202129238736,Fridge repair|TV installation|TV repair,4.18,0.93,3.37,227
P4562,26.652040064840918,85.46864414110011,TV repair|TV installation|Fridge repair,4.3,0.85,5.65,294
P4563,20.346059649816347,69.02981689954625,Fridge installation,4.78,0.67,26.81,154
P4564,25.34585206284105,83.48861176098917,TV installation|Fridge installation,3.52,0.79,27.47,247
P4565,35.602440292131014,80.02910848725716,TV repair|Fridge repair|TV installation,4.77,0.78,26.27,75
P4566,14.600738962608588,89.67241248509995,Fridge repair,3.34,0.7,14.07,10
P4567,25.2796092404155,84.07281280903055,TV repair|TV installation,3.64,0.91,4.26,44
P4568,32.00362453358882,93.08009704843434,TV repair,4.14,0.86,17.6,259
P4569,30.778223089717432,77.44812444762313,TV installation|Fridge installation,4.63,0.76,17.65,57
P4570,34.69255769906114,88.34231446368098,Fridge installation|Fridge repair,4.72,0.68,3.9,196
P4571,13.28258667129186,75.67811867794936,Fridge repair|TV repair|Fridge installation,4.41,0.94,2.64,108
P4572,17.750324811579492,96.39580316429911,TV repair,3.35,0.9,18.5,226
P4573,12.838310457607106,75.24177599541508,Fridge repair|TV repair|Fridge installation,3.27,0.92,8.4,162
P4574,30.637014666463276,80.985209213958,Fridge repair|Fridge installation|TV installation,3.39,0.73,27.24,180
P4575,24.30482432971988,74.086378162094,Fridge installation|Fridge repair|TV installation,3.47,0.92,16.05,15
P4576,8.282282299502361,78.35751322017373,Fridge installation|TV installation|TV repair,3.3,0.92,16.92,255
P4577,13.130479225579919,86.189458556993,Fridge repair|TV installation,4.16,0.74,16.48,58
P4578,30.10714635845383,74.04667539606625,Fridge installation|TV repair,4.18,0.88,20.31,91
P4579,29.38306248556292,74.32125462576279,Fridge installation|TV repair,4.05,0.88,18.86,65
P4580,16.35788593637521,69.41101767797481,TV installation|Fridge repair|Fridge installation,4.3,0.64,25.68,104
P4581,29.518669991460786,87.16388948059488,Fridge installation|TV repair,3.03,0.63,18.28,222
P4582,26.071636348327882,85.3145795028355,TV repair|Fridge repair|TV installation,4.91,0.81,11.94,257
P4583,8.762405617540965,94.41891364507788,Fridge repair|TV repair|Fridge installation,3.61,0.8,5.7,166
P4584,9.927000028977174,75.96790300906086,Fridge repair|TV installation|Fridge installation,3.31,0.98,4.52,66
P4585,22.118608678000726,85.610487955446,Fridge installation|Fridge repair,4.85,0.75,21.69,290
P4586,16.372467684886217,85.33475106968416,TV repair|Fridge installation,4.86,0.97,21.68,136
P4587,17.685542329714046,68.78686352117391,TV installation|Fridge repair|Fridge installation,4.94,0.93,4.63,243
P4588,27.430234182966597,91.80012487439909,Fridge installation|TV installation|TV repair,3.23,0.68,11.64,71
P4589,11.086577842291344,82.17818232096602,Fridge installation|TV repair,3.89,0.69,10.41,262
P4590,14.18935788508392,83.55006596098167,TV installation|Fridge installation,4.34,0.89,23.12,182
P4591,17.502994033836213,77.14414447877395,TV repair|Fridge installation|TV installation,3.07,0.71,11.94,80
P4592,33.59553965294798,92.58784533819257,TV installation,3.5,0.92,24.29,295
P4593,19.787969309135356,81.43850275157399,Fridge repair,4.43,0.75,17.34,228
P4594,35.53189662695057,89.21040126848477,TV installation,4.48,0.9,22.85,175
P4595,20.85883817684678,82.23997497613725,Fridge installation|Fridge repair|TV installation,4.34,0.69,12.81,155
P4596,11.826405844371106,75.36493792885669,TV installation|Fridge installation,3.05,0.95,2.7,252
P4597,16.141516635337084,82.70909301683882,Fridge repair|TV installation|Fridge installation,3.11,0.7,23.7,255
P4598,28.834069951562718,89.5098511701301,TV repair|Fridge repair|TV installation,3.56,0.63,6.17,196
P4599,22.98027846807171,80.88307370326734,Fridge installation|TV repair|TV installation,3.62,0.93,15.0,242
P4600,34.8287178250403,96.46838048649495,Fridge installation|TV installation,4.13,0.96,8.49,81
P4601,26.8532777987025,89.89139085653662,TV installation|TV repair,4.11,0.98,29.35,284
P4602,17.20729387858765,95.24537780915196,Fridge repair|TV repair,3.27,0.89,23.26,101
P4603,32.09454220434307,79.79137568759626,Fridge repair|TV installation|TV repair,3.32,0.73,23.48,163
P4604,14.229998691900741,94.29751152840693,TV repair|TV installation|Fridge repair,4.43,0.71,5.78,97
P4605,30.802665666241765,84.87447208885737,Fridge installation|TV repair,4.67,0.71,7.88,15
P4606,28.110945414363975,87.4742417346884,TV repair|Fridge repair|Fridge installation,3.93,0.75,17.56,198
P4607,21.186664271410123,81.20566342949894,TV repair,4.08,0.85,28.8,102
P4608,22.789967072218875,70.07760829577455,Fridge installation|TV repair|TV installation,3.73,0.61,6.95,34
P4609,31.228565115300366,78.03765842441845,TV installation|TV repair|Fridge installation,3.16,0.71,21.12,23
P4610,12.281420368523065,79.45000479801317,TV repair|TV installation|Fridge installation,4.33,0.72,9.48,117
P4611,36.43097560270354,90.44029660617696,Fridge installation|Fridge repair|TV repair,4.05,0.78,17.11,112
P4612,34.208516529970495,89.88151504417478,Fridge installation,4.36,0.98,9.96,264
P4613,29.34282157538847,68.16983263905415,TV installation|TV repair,3.92,0.85,14.06,107
P4614,23.660405601519155,76.04844175210529,TV installation|Fridge installation,4.83,0.78,27.16,292
P4615,35.466456459165336,73.83811907701742,Fridge repair,4.16,0.76,23.68,52
P4616,28.26904617851263,79.80347081517863,TV repair,3.12,0.88,16.09,87
P4617,14.753141908101894,76.79739029464535,Fridge installation,4.75,0.81,6.42,118
P4618,19.96180829749763,84.474198758188,TV installation|Fridge repair,4.17,0.63,25.43,239
P4619,36.68856029181889,88.80582983048018,Fridge installation|TV repair|Fridge repair,4.99,0.78,5.94,146
P4620,12.002423558794321,69.26214057007599,TV repair|Fridge repair,3.03,0.73,4.07,40
P4621,33.077350861745074,68.74483144862809,TV installation|TV repair,4.34,0.84,4.33,33
P4622,8.00362902394069,94.08069924526092,TV repair|Fridge installation,3.16,0.99,5.66,252
P4623,19.67005919652363,80.79660384368503,TV repair|Fridge repair|TV installation,3.99,0.86,22.35,211
P4624,28.00369978306129,70.33082679883319,Fridge installation|TV installation|TV repair,3.47,0.66,27.41,167
P4625,9.172588769939559,85.0411446749851,Fridge repair|Fridge installation,3.69,0.76,5.33,224
P4626,18.56229429770012,72.97567336913094,TV repair|Fridge repair|Fridge installation,4.19,0.91,10.75,299
P4627,34.78901424419861,86.67635258875441,Fridge installation|Fridge repair,4.69,0.82,14.95,103
P4628,17.17412934512793,79.77151595069522,Fridge repair,4.84,0.63,23.76,10
P4629,31.526622640340904,82.88866337444301,TV repair|TV installation,3.08,0.98,4.32,147
P4630,33.45236512507196,70.31332413475562,Fridge installation|TV installation,4.11,0.93,29.62,279
P4631,16.07169688843552,88.28753956551688,TV repair,4.41,0.88,25.92,56
P4632,21.452056848586913,77.3313501594804,Fridge repair,4.86,0.8,22.45,288
P4633,13.873908752086624,86.99166826446114,TV repair|Fridge repair|Fridge installation,4.33,0.78,9.56,190
P4634,8.707837179185638,71.83535417252553,Fridge installation|Fridge repair,3.27,0.61,5.27,158
P4635,26.834918418901594,74.54894917495636,TV installation|TV repair,3.97,0.73,28.98,118
P4636,29.851247912803263,96.5336073507884,TV installation|Fridge installation,3.23,1.0,4.9,44
P4637,12.546543046306663,96.34029046193908,Fridge repair,3.14,0.81,27.65,167
P4638,25.760357012831864,86.73863654714498,TV repair|TV installation|Fridge repair,3.09,0.94,29.16,151
P4639,24.247387010988184,73.45238470744614,Fridge repair,3.97,0.97,19.28,14
P4640,31.362632198271545,95.16627665956341,Fridge repair|Fridge installation,3.14,0.71,9.14,129
P4641,23.716978835356933,88.52596589390913,Fridge repair|TV installation,4.47,0.67,23.01,62
P4642,29.71036513409129,89.02745911260912,Fridge repair|Fridge installation|TV installation,4.17,0.94,19.48,64
P4643,9.287500215919364,72.62255187950049,TV repair|Fridge installation|Fridge repair,4.92,0.89,16.78,100
P4644,29.382024697618206,77.47460378739022,Fridge repair|TV repair|Fridge installation,4.01,0.96,26.63,271
P4645,30.11944642636157,94.03284902335864,Fridge repair|Fridge installation,4.47,0.74,5.38,200
P4646,18.96008908400654,92.11754915384466,Fridge repair|Fridge installation,4.31,0.8,8.63,170
P4647,9.571823456418965,87.97847751326564,Fridge repair,4.24,0.78,8.73,204
P4648,10.963893140184947,76.24028267909748,Fridge installation|Fridge repair,3.37,0.82,26.84,203
P4649,8.543058427136037,95.34554984688023,TV installation|Fridge repair,3.66,0.76,27.42,43
P4650,24.419061710908863,73.11075230637658,TV installation|TV repair|Fridge installation,4.0,0.97,17.64,85
P4651,32.28946811634485,89.4960921537336,Fridge repair|Fridge installation,4.91,0.82,22.94,233
P4652,23.179000986425272,90.71962860583056,TV repair,3.06,0.91,16.58,196
P4653,13.888415493042066,89.36601361366709,Fridge repair,4.68,0.84,5.24,155
P4654,21.78992487932741,87.63770935068219,TV repair,3.64,0.94,12.41,172
P4655,16.620497860206946,86.85320739211494,Fridge repair|Fridge installation,3.27,0.87,3.65,270
P4656,10.138834786077009,71.24222264032399,Fridge installation|TV installation|TV repair,4.61,0.72,29.94,94
P4657,25.43349363961672,96.52496294789631,TV installation|Fridge repair,3.63,0.67,22.64,251
P4658,16.57556377254479,68.26736823211618,Fridge repair|Fridge installation|TV installation,3.39,0.64,10.93,264
P4659,28.071440837490268,70.73313857540813,Fridge installation|Fridge repair,4.53,0.68,25.53,280
P4660,18.501253248445323,93.07387457983867,Fridge installation,3.64,0.64,10.48,243
P4661,28.207736664040944,91.8001837168075,Fridge installation,3.35,0.86,18.96,110
P4662,32.441240122343316,96.36795091019759,TV repair|Fridge repair,3.41,0.83,2.15,270
P4663,20.014181293336215,73.60480758019177,Fridge repair,4.5,0.92,5.11,214
P4664,8.334371065261024,80.0236743178496,Fridge repair,3.13,0.72,20.02,220
P4665,31.195888430833843,83.33645785234403,TV installation,4.22,0.81,26.65,217
P4666,15.655813951674771,71.71088238645295,Fridge repair,4.64,0.76,11.74,96
P4667,12.242684306112249,77.82437913959228,TV repair|Fridge repair|Fridge installation,3.08,0.77,18.84,172
P4668,26.149016155054376,86.09820535882109,Fridge installation|TV installation,3.75,0.65,14.51,12
P4669,28.996974303018316,91.9565164429675,TV repair|Fridge repair|Fridge installation,3.51,0.7,17.83,249
P4670,33.92040373623733,70.78551564393031,TV installation|Fridge installation|TV repair,3.82,0.76,26.88,14
P4671,25.176461970075717,90.28099119587077,TV repair|TV installation,4.96,0.96,16.1,31
P4672,20.579428648153694,77.92619866732335,TV repair|TV installation|Fridge installation,3.43,0.84,28.73,168
P4673,19.9838048563268,69.84932646389687,Fridge installation,4.38,0.86,22.16,147
P4674,21.42242545399552,88.82908382848186,TV installation|TV repair|Fridge installation,4.44,0.79,16.65,132
P4675,22.071293427233428,94.71052367265891,TV installation|Fridge repair|TV repair,4.1,0.83,10.95,15
P4676,28.793791590324346,74.8211110021504,Fridge installation,4.54,0.61,22.05,27
P4677,23.286424626483726,80.68038051980967,TV repair,4.38,0.61,8.26,285
P4678,32.569246792293725,79.05212147140838,Fridge repair|Fridge installation|TV installation,3.52,0.81,19.42,121
P4679,35.25771837815435,75.26288990705373,TV installation,4.07,0.61,19.35,213
P4680,33.657558160360644,82.55710739819847,TV repair|Fridge installation|TV installation,4.3,0.83,3.88,73
P4681,30.87620495223032,73.66828212457219,TV installation,4.87,0.73,21.38,148
P4682,28.009811680663518,86.2583564341806,TV installation,4.05,0.88,20.59,178
P4683,16.8380922355743,86.45055015551728,Fridge installation|TV installation|TV repair,4.47,0.81,4.07,264
P4684,14.866967937837213,95.80050957769147,TV repair|TV installation|Fridge installation,3.89,0.81,10.68,108
P4685,28.297644470314246,94.43609224250918,Fridge installation,3.19,0.82,21.47,171
P4686,33.27807686125497,90.94958335714195,Fridge installation,4.39,0.81,27.13,21
P4687,31.664314412909416,76.97696371698453,Fridge installation,3.85,0.88,12.39,26
P4688,30.998148607723806,71.37208632765093,TV repair,4.44,0.66,28.26,38
P4689,8.268738054242272,76.01541277856448,TV installation|Fridge repair|Fridge installation,3.28,0.65,28.85,40
P4690,12.559797728699214,77.31790153146412,TV repair|Fridge repair,3.88,0.71,28.43,188
P4691,27.083799696084682,74.49358616673192,TV repair|Fridge repair,3.44,0.67,14.17,92
P4692,19.23299721743747,69.51393657825786,TV installation|Fridge repair,3.96,0.9,16.38,132
P4693,20.7643393090328,88.55823363324215,Fridge installation|TV repair|TV installation,3.12,0.62,12.38,162
P4694,16.89017479947688,96.63629200949492,Fridge repair|TV installation,4.36,0.72,11.21,188
P4695,26.032394236920286,94.04139563917869,TV installation|Fridge installation|Fridge repair,3.4,0.63,13.36,164
P4696,27.800109947303163,91.94869058587656,Fridge repair|Fridge installation|TV installation,4.43,0.86,27.66,36
P4697,17.757193386459292,76.38934466492829,TV installation|Fridge installation,3.69,0.91,8.87,18
P4698,9.257243209466314,88.47885294379621,Fridge repair|Fridge installation,3.58,0.7,11.08,41
P4699,31.74576221923882,85.05362595282995,TV repair|Fridge installation,3.64,0.72,5.48,169
P4700,16.02953480021852,73.53081530488018,TV repair|TV installation,4.24,0.87,6.16,91
P4701,12.968156861151147,88.88322244737112,Fridge installation|TV installation|TV repair,3.97,0.67,21.56,232
P4702,8.880842484375544,86.75105056533596,TV repair,4.27,0.66,11.77,119
P4703,12.024707409095168,92.72897795720795,Fridge repair|TV repair,3.05,0.64,5.25,189
P4704,31.612880175623918,79.81285653539999,Fridge repair|Fridge installation,4.52,0.75,18.52,163
P4705,11.37774348559092,78.3467896897198,TV installation|TV repair|Fridge repair,4.09,0.73,10.66,99
P4706,14.605962832471484,92.61823231411329,TV installation,4.85,0.88,2.84,66
P4707,11.723464149432296,94.30837433029109,Fridge repair|TV installation,4.14,0.95,25.07,192
P4708,33.34726137081215,89.40600016782139,Fridge installation|TV repair|TV installation,3.72,0.89,15.87,103
P4709,11.93288193774747,91.59291556070976,TV installation|Fridge repair|TV repair,4.86,0.68,2.31,108
P4710,8.125770351920144,90.73383567490632,TV installation|TV repair,3.15,0.78,13.7,189
P4711,36.03918668958404,85.5082745428789,TV installation|TV repair,4.63,0.8,22.24,16
P4712,18.103757000289946,82.62365172858841,TV installation|Fridge installation|Fridge repair,4.03,1.0,8.53,290
P4713,12.008660675215078,94.88513242957319,Fridge installation|Fridge repair|TV installation,4.18,0.94,27.07,143
P4714,27.778210865907752,88.26289856083841,Fridge repair,3.92,0.77,7.21,206
P4715,36.73195127582109,75.8259857364361,Fridge repair|TV installation,4.52,0.62,15.09,75
P4716,10.849148719005445,88.02866478104553,Fridge repair,4.65,0.94,19.97,179
P4717,30.71003380815633,71.8470390893464,Fridge repair|Fridge installation,3.53,0.61,12.81,139
P4718,17.32790041078445,72.90852620191733,Fridge installation|TV installation,3.59,0.61,15.24,142
P4719,15.175329215863151,93.26871841246208,Fridge installation|TV installation,3.34,0.94,23.64,78
P4720,17.590593418591382,72.81499022429625,Fridge installation,3.31,0.71,14.49,220
P4721,26.19033085254232,91.42068127201512,Fridge installation,4.55,0.72,4.09,138
P4722,30.329612275160905,83.32072798951685,TV installation|Fridge installation,4.2,0.85,5.55,248
P4723,28.839394637776113,68.69925842688696,TV repair|Fridge repair,3.68,0.87,5.61,52
P4724,20.0794830267804,76.77035942278391,TV installation,3.18,0.99,9.42,111
P4725,12.372373697521928,88.58656195165143,Fridge repair|TV installation|Fridge installation,4.42,0.86,15.37,214
P4726,25.571544531287422,70.05631629398441,Fridge repair,3.86,0.7,15.63,149
P4727,24.65051081753865,71.49765587720557,Fridge installation|TV installation,3.33,0.93,24.49,38
P4728,36.810483982610435,84.48303680684378,TV installation|TV repair|Fridge installation,3.23,0.95,6.06,203
P4729,11.152572594204141,83.04714067361334,TV repair|Fridge installation,3.74,1.0,26.13,286
P4730,20.60012710832933,78.99597355654711,TV installation,4.98,0.99,7.31,97
P4731,26.45307236221131,95.18576507163384,Fridge installation|Fridge repair,4.57,0.71,10.31,84
P4732,16.290167233742046,70.6861191906567,Fridge installation|TV repair|TV installation,4.0,0.88,23.03,226
P4733,16.756113192876583,76.1701898303403,Fridge installation|TV repair|TV installation,4.56,0.75,24.92,55
P4734,26.400477650839026,93.61577724827768,Fridge installation|TV repair|Fridge repair,3.91,0.9,6.09,55
P4735,36.361049990544075,69.97154943325322,Fridge repair,3.01,0.93,4.86,85
P4736,36.65182923078348,91.00767300506877,Fridge repair|TV installation,3.76,0.83,19.45,96
P4737,19.58759550271259,80.19708566002132,TV repair|TV installation,4.27,0.8,2.52,150
P4738,24.86640045023668,91.01621278123812,TV repair,4.53,0.9,23.6,82
P4739,18.97716826043434,94.97858228106645,Fridge installation|TV repair,3.57,0.79,7.24,87
P4740,14.4657590230161,85.49077518893141,Fridge repair,4.59,0.92,3.67,82
P4741,13.084502213562246,85.43254936872604,TV installation|Fridge repair|TV repair,4.41,0.76,3.1,40
P4742,27.1694236039494,94.74599578140928,TV installation|Fridge installation,4.13,0.94,5.48,177
P4743,23.15352183196843,82.99948483837126,Fridge repair|Fridge installation|TV installation,3.42,0.91,10.37,98
P4744,25.961870028630976,74.1831061268588,TV repair|Fridge installation|Fridge repair,4.86,0.81,22.16,295
P4745,8.467401830145164,68.81678482648621,Fridge repair|TV installation|Fridge installation,3.94,0.67,18.38,295
P4746,26.97817523065196,95.6194600478546,TV installation|TV repair|Fridge installation,4.06,0.91,23.09,111
P4747,28.675845155168457,93.87063416833044,TV installation|Fridge installation,3.66,0.94,28.47,20
P4748,35.60904138067035,86.20135184202718,Fridge repair|TV repair,3.76,0.92,10.53,51
P4749,19.723579069786663,85.9149099098157,Fridge repair|TV installation|TV repair,3.47,0.9,8.29,219
P4750,24.685677863155966,74.04571058812076,TV repair,3.77,0.94,8.05,108
P4751,32.54212030919848,74.72429469973,Fridge installation|TV installation|Fridge repair,4.63,0.69,28.17,291
P4752,12.296894043746855,73.43089429119713,TV repair|Fridge repair,3.9,0.81,27.59,96
P4753,14.30698695482457,89.57081224334206,Fridge repair,3.27,0.96,13.46,241
P4754,21.199734220060297,89.67080065731959,Fridge installation,4.83,0.73,14.44,88
P4755,21.934876599560337,94.23062009532428,Fridge repair,4.6,0.7,11.09,228
P4756,21.843547660629568,72.70105109340756,Fridge installation|TV installation|Fridge repair,4.23,0.96,28.08,255
P4757,28.227153641340767,79.29147377043576,TV repair|Fridge repair|Fridge installation,4.27,0.84,15.46,80
P4758,8.671244015304907,88.65184204970507,TV repair|Fridge repair|Fridge installation,3.82,0.89,20.91,25
P4759,34.06947591994572,80.86765139510474,TV installation|Fridge repair|TV repair,4.63,0.63,24.07,283
P4760,28.896639273739073,77.60116742224712,Fridge installation|Fridge repair|TV repair,4.21,0.93,4.64,69
P4761,12.631833503925826,75.44728633431232,Fridge installation,4.01,0.61,13.88,171
P4762,9.243981376401209,70.86093399185603,Fridge installation|TV installation,4.04,0.84,22.44,63
P4763,22.811476540871915,76.84619516486033,TV installation|Fridge repair|Fridge installation,4.02,0.95,21.36,147
P4764,10.537113999183436,96.67749445839539,TV installation,3.46,0.85,9.96,220
P4765,32.64046160207427,94.5638405291202,Fridge repair|TV installation|Fridge installation,3.23,0.83,27.72,240
P4766,9.955024187142588,74.04850182153892,Fridge installation,4.72,0.65,6.37,63
P4767,8.636476989389918,93.82403476311706,Fridge repair|TV repair|TV installation,4.15,0.61,29.79,175
P4768,21.800418736793,86.00651134535602,TV repair,3.02,0.83,19.63,52
P4769,14.736342952241895,68.88235481787862,Fridge repair,4.7,0.73,21.07,137
P4770,33.50426383603154,72.36816780654534,TV installation|Fridge installation,4.88,0.82,21.65,122
P4771,27.293160404440226,80.35859142921304,Fridge repair,4.69,0.89,9.93,178
P4772,22.669544931319535,73.39159379296835,Fridge installation|Fridge repair|TV repair,4.36,0.62,12.12,57
P4773,17.920582194819648,81.84358161900043,Fridge repair|Fridge installation|TV repair,4.99,0.76,7.11,26
P4774,24.80220127740758,77.4943646942148,TV installation,3.64,0.75,19.15,231
P4775,20.375047616328416,73.38081660226064,Fridge repair,4.57,0.65,27.63,273
P4776,29.653105697042307,75.43551735524987,TV repair,4.91,0.69,22.48,252
P4777,22.08472640086662,71.83881582267257,TV repair,3.21,0.89,8.64,10
P4778,22.48340031293744,91.28019333855282,Fridge repair,3.56,0.71,25.35,23
P4779,25.88510016180987,95.69539100649499,Fridge repair,4.68,0.62,10.96,77
P4780,35.52797849292705,96.59230542044035,TV installation|Fridge repair,3.47,0.87,25.57,150
P4781,32.72264067413463,77.5166521841669,TV installation,3.14,1.0,21.06,35
P4782,17.914359755264385,86.78287715340683,TV installation|Fridge installation,4.35,0.95,29.81,267
P4783,26.302388517482512,77.756758502515,TV installation|TV repair,4.62,0.9,26.99,36
P4784,8.632248637383759,75.40969382782812,TV repair|Fridge installation,3.73,0.98,15.76,20
P4785,33.52373409939533,93.66701589916008,TV repair|TV installation,4.06,0.65,9.57,20
P4786,12.490108227609955,96.58480417459288,Fridge installation,3.64,0.64,5.33,195
P4787,36.481312983421276,93.7855971070615,TV installation|Fridge installation|TV repair,3.39,0.62,13.61,85
P4788,25.33958889363609,69.79799821180514,Fridge installation|TV installation,3.8,0.72,8.73,23
P4789,8.301329315213245,72.69919802464764,TV installation,3.2,0.62,21.99,241
P4790,23.674604544937417,81.37090498707887,TV repair|Fridge installation,3.66,0.91,4.63,92
P4791,25.385657767800822,77.75059137060533,TV repair,3.09,0.75,16.51,189
P4792,18.866929595577794,77.72785878850685,TV installation,4.99,0.99,7.31,58
P4793,31.937654156461825,92.36940639076256,Fridge installation,3.52,0.98,13.66,231
P4794,36.90182641731272,94.07945491981954,Fridge repair|Fridge installation|TV installation,3.56,0.83,5.23,32
P4795,17.47513202703768,70.03918118881487,TV installation|TV repair,4.78,0.68,23.19,94
P4796,17.20432244573958,96.17072244880197,Fridge repair,3.19,0.83,24.12,165
P4797,13.750152212824215,79.6477307718646,Fridge repair|Fridge installation,4.25,0.73,20.43,224
P4798,18.175123354971447,71.13397697322188,Fridge installation,3.08,0.93,15.71,45
P4799,10.655072590667078,95.77067501072227,TV repair,4.33,0.64,25.04,106
P4800,25.307186564682333,76.03714240580763,Fridge installation|TV installation,4.47,0.89,17.46,189
P4801,26.51908457545497,86.24765560852752,Fridge repair,4.42,0.86,20.78,81
P4802,32.09451312172322,77.64488642430749,Fridge repair|TV repair,3.47,0.93,26.94,36
P4803,8.78022046163938,88.15388700593041,Fridge repair|TV repair,4.57,0.61,18.66,70
P4804,18.982529353689507,89.74325244967429,TV repair|Fridge repair|TV installation,3.86,0.87,16.48,85
P4805,29.21738111666236,93.03451469071467,TV repair|TV installation,4.84,0.91,8.5,158
P4806,26.609741979020782,83.64159279649752,Fridge repair|TV repair|Fridge installation,3.32,0.84,26.82,74
P4807,27.3990519086267,85.86209430201382,TV installation,3.75,0.83,7.89,235
P4808,31.166058124220996,90.00948531814672,TV repair|Fridge installation|Fridge repair,3.72,0.64,24.4,34
P4809,20.271162119047858,94.67317438058998,Fridge installation,4.28,0.76,9.38,288
P4810,13.492822836873582,76.52005066335545,TV repair,4.22,0.92,8.55,45
P4811,32.167868453377224,73.92177281519051,TV installation|Fridge repair|Fridge installation,3.5,0.68,6.43,272
P4812,25.458916288097942,86.49727682829273,Fridge installation|TV repair,4.91,0.69,2.17,75
P4813,30.668507365342233,78.91096140333906,TV installation|TV repair,3.87,0.74,10.84,212
P4814,15.96237563950508,74.44906582519368,TV installation|Fridge repair|TV repair,3.67,0.74,10.65,236
P4815,35.04920147977513,84.660792886221,TV repair|Fridge installation,4.96,1.0,11.97,166
P4816,28.837210868672724,87.46320244055198,Fridge installation,4.45,0.61,4.77,190
P4817,14.599244729765195,75.10442626208142,Fridge repair,3.01,0.95,10.29,106
P4818,35.69877000245847,90.9988816588722,Fridge repair|TV installation,3.75,0.63,4.75,291
P4819,24.336606361383065,76.53703040746028,Fridge repair|TV repair|Fridge installation,3.61,0.77,10.8,242
P4820,14.89742542656164,94.51716642415546,TV repair|TV installation,3.56,0.9,8.87,11
P4821,26.88594359833895,86.63815559614522,TV installation,3.19,0.77,16.7,91
P4822,24.822666187198934,91.95312115022858,TV repair|Fridge repair,3.73,0.74,15.1,158
P4823,13.709851978695925,70.07397313771536,TV installation|TV repair,3.09,0.62,15.69,33
P4824,12.775572694993603,75.4508210864876,TV repair,3.85,0.96,18.05,111
P4825,10.995052873151431,81.34508699587711,TV installation|TV repair,3.84,0.84,24.74,214
P4826,27.435643652459742,86.60455456312106,TV repair|Fridge installation,4.9,0.75,25.32,281
P4827,25.221933418919427,85.0552413623331,Fridge installation|TV installation,4.16,0.83,10.74,51
P4828,13.697677874636424,81.2703747933122,Fridge installation|TV repair|Fridge repair,4.75,0.63,2.85,225
P4829,17.600778471251957,80.12019350085154,Fridge installation|TV installation,3.81,0.63,2.1,231
P4830,20.749379428596484,68.17894383785345,TV installation|Fridge installation,3.47,0.69,11.78,113
P4831,22.74705191676499,89.17229176835546,Fridge repair|Fridge installation|TV repair,4.4,0.9,14.81,246
P4832,33.45663598538414,74.74730292550274,Fridge installation|Fridge repair,4.17,0.66,25.34,258
P4833,35.992477103501145,72.40235819615336,TV installation|TV repair|Fridge repair,3.59,0.91,13.47,292
P4834,17.176034797353587,91.24774194880985,TV installation|TV repair|Fridge repair,3.84,0.84,13.32,138
P4835,9.810780996505521,78.84685370606391,TV repair|Fridge repair|Fridge installation,4.71,0.88,29.49,103
P4836,12.44967384706275,70.97834904947976,Fridge installation|TV installation|TV repair,4.05,0.87,5.17,109
P4837,19.769570771957902,72.19552170097295,TV installation,3.55,0.98,25.72,136
P4838,22.370595467579218,79.2670637709818,TV installation|Fridge repair,4.9,0.75,6.68,216
P4839,17.539181738570548,73.98261621194703,Fridge repair|TV installation|Fridge installation,3.81,0.78,3.12,229
P4840,30.54166478568448,88.5945756567497,Fridge repair|TV repair|TV installation,3.41,0.65,17.19,10
P4841,27.9626610015562,72.83594281439287,Fridge repair|Fridge installation,3.31,0.62,13.53,63
P4842,36.3827969746186,89.99717254656053,TV repair,3.12,0.8,17.75,117
P4843,11.0028970094015,79.46510432414874,Fridge installation|Fridge repair|TV repair,4.01,0.67,21.17,53
P4844,9.83921841282959,72.85125743950896,TV installation,4.71,0.83,23.81,183
P4845,24.56471175606442,81.85389070188847,TV installation,4.72,0.97,8.17,134
P4846,32.10131787645369,69.57768104565037,TV repair|Fridge installation|Fridge repair,4.42,0.63,18.65,14
P4847,18.644701962178125,93.54283740307208,Fridge repair|TV repair,4.6,0.97,10.82,146
P4848,19.980901118609133,85.87597178270178,Fridge installation|TV installation|Fridge repair,3.23,0.75,22.55,190
P4849,22.049668406943375,73.1193440175274,Fridge installation,4.61,0.71,24.97,52
P4850,9.177551436839753,74.74014648598693,TV installation|Fridge installation,4.78,0.93,18.1,189
P4851,26.222398316615354,71.23407490939793,Fridge repair|Fridge installation|TV installation,3.81,0.94,25.36,190
P4852,28.355618910492733,77.56929322440305,Fridge repair,4.66,0.79,6.89,209
P4853,10.534590984050677,95.36466375804322,Fridge repair|TV installation|TV repair,4.57,0.68,19.84,121
P4854,10.727278203322953,78.00585906734004,Fridge repair|TV installation,4.71,0.98,8.76,278
P4855,8.92241364526034,83.74457414805525,Fridge installation|Fridge repair|TV repair,4.61,0.71,27.13,133
P4856,10.217720846677576,72.63823997374736,Fridge repair|Fridge installation|TV installation,4.67,0.77,24.31,97
P4857,21.93621461903851,91.4004813932815,Fridge repair,3.85,0.92,4.82,59
P4858,28.375024640007556,94.07382448811055,TV repair|Fridge repair,3.45,0.84,14.13,170
P4859,35.54762726347664,94.89319322923397,TV repair,4.31,0.86,8.91,89
P4860,26.345496657060227,91.96121496795448,Fridge installation,4.32,0.72,7.31,161
P4861,29.611781738652684,80.39657622007645,TV repair,4.68,0.81,23.42,129
P4862,15.556043245723492,78.73968826203227,Fridge repair|TV repair|TV installation,3.11,0.89,5.27,191
P4863,14.369501751612237,91.95099180947079,Fridge installation|TV installation,3.24,0.85,26.72,152
P4864,18.65510010451888,80.34225107848646,TV repair|Fridge repair|Fridge installation,3.96,0.66,12.21,203
P4865,13.289545467862702,89.16574416166935,TV installation|TV repair,4.3,0.62,2.63,69
P4866,16.775372170455288,96.5872160463193,TV installation|TV repair|Fridge repair,4.0,0.81,3.02,23
P4867,24.736737844436448,69.81241646762612,Fridge repair|Fridge installation|TV repair,3.35,0.73,21.81,249
P4868,15.512612267250626,87.58919899767884,TV repair|Fridge repair|TV installation,3.73,0.79,17.9,56
P4869,9.741498177402844,84.09213171981122,TV installation|Fridge repair|TV repair,3.86,0.65,7.83,264
P4870,32.046030977975605,75.72389227126969,TV installation|TV repair,3.04,0.93,3.56,183
P4871,34.332165619650056,84.8072954727185,TV installation|Fridge repair|TV repair,3.28,0.78,22.3,285
P4872,31.66770086102972,74.37135162767375,TV installation|Fridge repair|Fridge installation,4.46,0.74,20.67,235
P4873,13.32175617264219,87.82292947315517,Fridge repair,4.22,0.99,28.19,35
P4874,20.486353243297735,76.43262536305856,Fridge installation,4.61,0.79,15.57,282
P4875,32.630360294111824,80.83016468765594,Fridge installation|Fridge repair,3.52,0.6,26.4,68
P4876,28.725760297450524,70.33209716120358,Fridge installation|TV installation,4.18,0.61,17.62,260
P4877,24.326421757456504,78.66667128135005,TV installation|Fridge repair,4.01,0.85,27.02,27
P4878,10.52319102462575,86.18914565231522,TV repair|Fridge installation,3.79,0.67,5.28,71
P4879,29.78469888652598,83.32312606219475,Fridge repair|TV repair,4.03,0.91,10.77,102
P4880,15.0833918010247,82.32849525370366,TV repair|Fridge installation|TV installation,3.97,0.78,24.29,271
P4881,34.449504466540446,94.110480233646,TV installation,3.83,0.95,3.79,60
P4882,17.00692232810752,84.38854624587802,TV installation|TV repair,3.54,0.99,4.01,258
P4883,26.008656490173276,85.85275531778143,TV installation|Fridge repair,4.48,0.89,24.21,106
P4884,31.22064971733606,89.85582918732584,Fridge installation|Fridge repair,4.7,0.85,16.04,192
P4885,26.337988365360772,80.39074052993162,TV installation,3.5,0.89,7.37,186
P4886,28.159001203297432,86.81129870141659,TV repair|Fridge installation,4.34,0.86,8.21,87
P4887,36.380219430729696,69.31355873643254,TV installation|Fridge installation,3.94,0.77,12.08,15
P4888,12.632768300288605,75.58207461425306,TV installation,4.13,0.69,13.84,297
P4889,36.82159382280615,96.1095365085953,Fridge installation,4.44,0.66,2.65,150
P4890,34.10861645182459,94.30338188740959,Fridge repair,3.75,0.72,14.58,166
P4891,21.068799136926817,79.0906174644348,TV repair|Fridge repair,4.83,0.69,18.17,285
P4892,27.629827881075904,72.16327252516398,Fridge repair,3.24,0.65,5.88,182
P4893,30.22409095110062,78.69481835695046,TV repair|Fridge repair|TV installation,3.33,0.8,20.26,17
P4894,16.457034791655897,91.47325359318525,Fridge installation,4.04,0.61,9.89,216
P4895,28.821639275412444,69.79938081647717,TV repair|Fridge repair,4.42,0.63,18.44,164
P4896,19.362222356815188,74.81712890635848,Fridge installation|TV repair|Fridge repair,4.32,0.83,11.39,162
P4897,25.835605781883736,93.8403898808585,Fridge repair|TV installation|TV repair,3.12,0.96,8.71,48
P4898,19.53778559759788,78.58648681143146,Fridge repair|TV repair,3.57,0.63,9.51,118
P4899,15.311449959001212,96.50329232543608,Fridge installation|TV installation|TV repair,4.28,0.94,13.64,75
P4900,36.55925358862861,93.40988819020296,Fridge installation|TV installation|TV repair,4.23,0.84,5.63,55
P4901,33.95884967152773,89.92712910995655,TV repair|Fridge installation|TV installation,3.34,0.95,18.49,198
P4902,16.533440409628717,80.80478364543407,Fridge installation,4.61,0.73,6.62,144
P4903,15.971395900978425,93.7512443459379,Fridge installation|TV installation|TV repair,3.39,0.78,22.98,68
P4904,17.318814777297796,83.88233981043169,TV repair|TV installation|Fridge repair,3.44,0.61,18.9,288
P4905,13.923165503991179,88.1256602435158,Fridge repair|TV installation,3.01,0.82,13.23,182
P4906,22.955531049804488,86.71403734354075,Fridge repair|TV installation|TV repair,4.93,0.93,22.08,164
P4907,19.372179470266275,68.94335998299393,TV repair,3.72,0.94,12.75,229
P4908,15.883198296722238,75.94985000558763,Fridge installation|TV repair|TV installation,3.12,0.85,14.55,73
P4909,23.431609494830262,84.57005183676006,Fridge installation,3.85,0.7,28.89,128
P4910,9.573823437780064,72.42601792765667,Fridge repair|TV repair|TV installation,3.84,0.85,2.23,95
P4911,22.688384042703134,72.25015708846136,Fridge installation|Fridge repair|TV installation,3.05,0.97,5.52,111
P4912,11.152640439032492,76.39948688380332,TV repair,4.42,0.84,15.44,170
P4913,23.86071754409732,93.40211559015673,TV repair|Fridge repair|Fridge installation,4.28,0.93,2.91,252
P4914,28.234691990744697,81.45591950664169,TV installation,4.51,0.83,3.51,63
P4915,30.91222768918088,80.86859558521832,Fridge installation|TV installation,4.72,0.61,4.34,135
P4916,34.55683040776542,78.1193476379319,TV repair|TV installation|Fridge repair,4.12,0.85,29.43,197
P4917,30.024655511480603,93.13200046355497,TV repair|TV installation,3.52,0.85,18.35,256
P4918,8.831881635555566,70.26580024523261,Fridge installation|Fridge repair|TV repair,3.14,0.84,18.88,294
P4919,14.076352647052946,68.23411974971745,TV installation,4.55,0.93,29.94,275
P4920,10.914292483085143,79.2330637130536,Fridge repair,3.01,0.8,25.74,15
P4921,25.624030167974563,68.88633776653323,Fridge repair,4.72,0.75,29.3,16
P4922,35.39548465877189,86.39443628375336,TV repair|Fridge repair,3.1,0.99,2.39,154
P4923,22.236725775870447,87.15761262251834,Fridge repair|TV installation,3.73,0.61,29.27,296
P4924,26.415553032084365,73.52723384660649,Fridge repair|TV installation|TV repair,4.16,0.81,7.83,86
P4925,12.358453641496649,93.68814744857829,Fridge installation|TV repair,4.98,0.62,15.87,245
P4926,33.30448537630376,87.95925478709793,Fridge installation|Fridge repair,3.69,0.77,22.35,273
P4927,23.70361839199954,91.58652739707722,Fridge repair|TV repair|Fridge installation,3.75,0.79,21.18,294
P4928,36.27854627343433,69.23160569646312,Fridge repair|Fridge installation|TV installation,3.9,0.85,2.24,11
P4929,17.89806569091826,74.6285902326494,TV installation|Fridge installation,4.25,0.62,6.97,123
P4930,33.400081594852715,91.15626134603858,Fridge repair,3.36,0.83,2.84,162
P4931,21.000915708940695,89.6536087933429,TV installation|Fridge installation,4.11,0.84,15.16,131
P4932,19.40255227805492,82.14717070968746,TV repair|Fridge repair,3.7,0.97,17.75,109
P4933,26.704920962908325,74.10569137464331,Fridge installation,4.72,0.95,10.97,169
P4934,18.322766137072435,71.41510283723825,Fridge installation|Fridge repair,3.89,0.89,28.93,142
P4935,23.08270342453551,70.46057256822353,Fridge installation,3.22,0.72,7.92,153
P4936,33.42155772110381,91.72431082632072,Fridge repair,4.63,0.69,14.53,79
P4937,36.141919111328676,93.42558473757444,Fridge installation|TV installation|Fridge repair,3.5,0.73,16.81,193
P4938,31.757707059239525,89.00587269704869,Fridge repair|TV repair,4.38,0.82,11.72,274
P4939,32.9061329663014,69.43577459706086,Fridge repair,3.8,0.61,25.51,79
P4940,12.303175541489562,76.49933579315169,TV repair,3.06,0.9,9.24,127
P4941,17.48089003022576,90.86879729065978,Fridge repair,4.42,0.73,15.73,175
P4942,35.219169838076006,75.95216361274964,Fridge repair|Fridge installation|TV repair,3.44,0.69,4.39,43
P4943,10.016525428110477,84.02588084847298,TV repair|Fridge installation,3.94,0.65,25.4,228
P4944,14.041928565948385,79.24946628122673,TV repair,4.28,0.95,20.49,157
P4945,36.70210572886866,73.9157885149256,Fridge installation|TV installation|TV repair,4.92,0.73,13.53,53
P4946,23.148554487415183,86.65332289117168,Fridge repair|Fridge installation|TV installation,4.76,0.76,13.72,21
P4947,22.403319247357175,76.44153068483268,TV installation|Fridge installation,4.86,0.64,14.86,69
P4948,13.230622463897037,72.22406295939614,Fridge repair,3.94,0.75,17.72,91
P4949,10.613911077869691,90.79714063498889,TV repair|TV installation|Fridge installation,3.65,0.87,12.01,39
P4950,33.67786230217719,93.42553280482977,TV repair|Fridge installation,3.89,0.7,8.31,273
P4951,10.19705464271652,85.53555632889496,TV installation|Fridge repair|Fridge installation,3.38,0.62,27.12,133
P4952,21.375788285614682,71.54790001771866,Fridge installation,3.88,0.62,16.49,80
P4953,27.612603568943364,82.76590127774462,TV installation,4.66,0.69,25.26,220
P4954,11.724475848154281,70.95088793450435,TV installation,4.86,0.68,11.33,98
P4955,31.21160061723103,73.3321326019903,TV installation|TV repair,3.7,0.65,17.15,19
P4956,14.094588786208135,81.75739470131685,Fridge repair,3.58,0.78,23.24,52
P4957,13.71292623003022,78.38106157696303,TV repair,4.49,0.77,8.99,108
P4958,21.189393942797132,76.5949389385344,Fridge installation|TV installation|Fridge repair,4.99,0.91,21.39,36
P4959,19.925258474991892,78.1855367268505,TV installation|Fridge installation|TV repair,4.08,0.9,5.15,239
P4960,16.138745350855658,78.67235986776616,Fridge installation|Fridge repair|TV installation,4.25,0.79,19.02,215
P4961,12.60372660487027,83.00871235497337,Fridge repair|Fridge installation|TV installation,3.79,0.79,7.52,264
P4962,25.22328154654234,70.27730305616171,Fridge installation|TV installation,4.78,0.85,10.85,130
P4963,12.785692388821944,87.9350583093596,TV installation|Fridge installation,3.84,0.97,15.0,60
P4964,35.98134442470568,68.80452457640652,Fridge repair|TV repair|Fridge installation,4.43,0.69,21.64,50
P4965,10.924112887005986,74.92422608609922,TV installation|Fridge repair,3.05,0.62,2.83,224
P4966,29.147947323698457,84.76239036994525,TV installation|TV repair|Fridge installation,4.69,0.63,27.1,45
P4967,21.940010625668954,80.8972758622285,Fridge repair|TV repair|Fridge installation,4.06,0.84,21.89,227
P4968,25.883592484970585,75.74160821857859,Fridge repair|Fridge installation|TV repair,3.53,0.95,2.36,119
P4969,20.840244045070982,75.46988837193207,Fridge repair|Fridge installation,4.87,0.61,12.95,61
P4970,9.871663029979027,86.03075571098967,Fridge installation,4.63,1.0,2.83,138
P4971,15.889121040865309,72.84110713216549,Fridge installation|TV installation|Fridge repair,3.37,0.61,26.0,279
P4972,15.579645682163665,78.47373866586187,TV installation,3.99,0.74,17.48,129
P4973,26.425491255423065,92.75912711962076,Fridge installation,3.45,0.8,20.16,159
P4974,22.52594322416062,94.4589860709294,TV repair|TV installation|Fridge repair,4.46,0.85,2.88,112
P4975,8.597781606240076,82.7218160608447,TV installation|TV repair|Fridge installation,4.31,0.9,5.17,225
P4976,35.39245875611054,87.14519400546416,Fridge repair,4.34,0.99,6.3,12
P4977,29.61990457164265,80.72483556250629,Fridge repair|Fridge installation|TV repair,3.86,0.69,16.19,236
P4978,18.416439049080388,73.53077571719594,Fridge installation|TV installation|TV repair,3.74,0.94,22.67,99
P4979,9.442859950995654,71.696640288772,TV installation|Fridge repair,3.23,0.64,20.52,135
P4980,10.420468358550666,75.84617349477571,Fridge repair|Fridge installation,4.64,0.9,16.03,39
P4981,27.36514504804212,68.23130885290328,Fridge repair|TV installation|TV repair,4.67,0.81,28.43,246
P4982,9.726545900490366,95.84130039388037,Fridge installation|TV repair|TV installation,3.22,0.63,3.24,268
P4983,23.344144417476898,68.57672057743966,TV repair,3.12,0.84,26.62,119
P4984,9.227814963342716,79.21036967909106,Fridge repair|Fridge installation|TV repair,3.59,0.69,20.05,136
P4985,10.388110018973089,94.17577279567898,TV repair,4.69,0.96,2.16,238
P4986,23.997917390757838,82.36601470129344,Fridge installation|Fridge repair|TV repair,3.67,0.89,17.07,200
P4987,28.605612418950738,87.66346206514037,TV installation|TV repair|Fridge repair,4.31,0.88,11.58,130
P4988,9.539552503236001,90.01818440789813,TV repair,4.63,0.81,27.48,32
P4989,35.81789923581863,96.38851537168443,Fridge installation|Fridge repair|TV repair,4.06,0.81,9.99,153
P4990,15.952645959731555,81.13413771275873,TV repair|Fridge installation,3.01,0.74,4.0,207
P4991,28.625210398952802,75.5643665685727,Fridge installation|TV installation,3.79,0.94,19.73,284
P4992,17.44062531832924,90.94163646049614,Fridge installation|TV repair,3.34,0.88,17.78,105
P4993,33.3510567022673,69.46498979723543,TV installation|TV repair,3.85,0.67,2.6,58
P4994,36.317649512597775,74.23060677608777,Fridge repair|TV repair,4.87,0.68,28.08,208
P4995,26.09082149180277,74.95131537970558,Fridge installation|TV installation|Fridge repair,3.02,0.78,4.0,281
P4996,13.036323444986028,80.33175605746115,TV installation,3.87,0.82,23.91,86
P4997,8.74684474939372,90.3622019240776,Fridge installation|TV repair,3.16,0.86,24.5,16
P4998,27.671681061566527,85.44942425501152,Fridge repair,3.33,0.95,21.04,40
P4999,19.31655973810789,88.16417855223223,TV repair|TV installation|Fridge repair,3.72,0.66,16.52,257
P5000,17.303475703085432,71.53139587768928,Fridge repair,4.66,0.7,16.36,13
